{"type":"FeatureCollection","features":[{"type":"Feature","geometry":{"type":"MultiLineString","coordinates":[[[100.5072248,13.8162227],[100.5135695,13.8142209]],[[100.5123773,13.7289077],[100.5127623,13.7257667],[100.5126318,13.7223888],[100.5120759,13.7193107]],[[100.5150455,13.8132151],[100.5166207,13.8113907],[100.51736,13.80909],[100.5175947,13.8071908],[100.5175495,13.8047203],[100.5165327,13.8004887]],[[100.5056892,13.7863153],[100.5024239,13.7810751]],[[100.4992431,13.7728868],[100.4972027,13.7690257],[100.4945632,13.7655]],[[100.5393757,13.9557869],[100.5383164,13.9517445],[100.5365146,13.9492272],[100.5340306,13.9467905],[100.5323533,13.9456299],[100.5293807,13.9442069],[100.5242225,13.9434858]],[[100.501809,13.9362612],[100.5002963,13.9310059],[100.499361,13.9251326]],[[100.5546882,13.6562575],[100.543769,13.6605932],[100.5421436,13.6608225],[100.5392792,13.6605869]],[[100.5338976,13.9663645],[100.5379521,13.9606045],[100.5391012,13.9576468],[100.5393757,13.9557869]],[[100.5101328,13.7344203],[100.5109712,13.7330581],[100.5122871,13.729384]],[[100.499361,13.9251326],[100.4985568,13.9213998],[100.4968868,13.9182132],[100.4949507,13.9163343],[100.4929441,13.915095],[100.4908858,13.9143518]],[[100.488825,13.8991792],[100.4899947,13.8979001],[100.4906021,13.895635],[100.4906579,13.8943223]],[[100.4849925,13.885673],[100.4815322,13.8825324],[100.4795086,13.8802876],[100.477759,13.8776555],[100.4768046,13.8754645],[100.4763524,13.8711801],[100.4780235,13.8596745]],[[100.5021369,13.819527],[100.503568,13.8178849],[100.5043914,13.817347],[100.5072248,13.8162227]],[[100.4906579,13.8943223],[100.4880166,13.8891719],[100.4849925,13.885673]],[[100.4743773,13.9184062],[100.4724274,13.9187562],[100.4710329,13.9186761],[100.4684561,13.9175513]],[[100.4684561,13.9175513],[100.4668486,13.9159685],[100.4663873,13.9147917],[100.4663062,13.9131706]],[[100.4672538,13.909273],[100.4683409,13.9073912],[100.4708719,13.9045199],[100.4739457,13.9022998],[100.4776542,13.9010604],[100.4851991,13.9004102],[100.488825,13.8991792]],[[100.4908858,13.9143518],[100.4869722,13.9143426],[100.4844364,13.9148589],[100.4743773,13.9184062]],[[100.5493849,14.1103576],[100.549761,14.1073908],[100.5495679,14.1058924],[100.5481389,14.102064],[100.5460167,14.0983276],[100.5431723,14.0954419]],[[100.5215145,14.1314918],[100.5251727,14.124259],[100.5264795,14.122738],[100.5297303,14.1203033],[100.5362674,14.1181251]],[[100.5402233,14.0272188],[100.5372083,14.0242272],[100.5364456,14.0228039],[100.5362052,14.0212554],[100.5372662,14.0149498],[100.5373692,14.0110698],[100.5393853,14.004707],[100.5398567,14.0018834]],[[100.5545639,14.0420195],[100.5528328,14.0395137],[100.5474865,14.0356193],[100.546106,14.0342504]],[[100.4937779,13.7407529],[100.4947639,13.7401843],[100.4976627,13.739312]],[[100.4882248,13.7480852],[100.4895687,13.7454531]],[[100.4911291,13.7619452],[100.49108,13.7619034]],[[100.4976627,13.739312],[100.4999337,13.7386948]],[[100.5222613,13.9434658],[100.5139053,13.9439907],[100.5098585,13.9435247],[100.5083692,13.9430848],[100.506835,13.9423351],[100.503906,13.9397527],[100.501809,13.9362612]],[[100.4663062,13.9131706],[100.4672538,13.909273]],[[100.4780235,13.8596745],[100.4786752,13.8565447],[100.4794807,13.8547143]],[[100.4909243,13.8396367],[100.4918939,13.837249],[100.4930842,13.8352655],[100.4968167,13.8304816],[100.4987929,13.8273068],[100.5021369,13.819527]],[[100.4794807,13.8547143],[100.4806477,13.8532739],[100.4822704,13.851913],[100.4867908,13.8493436],[100.4887193,13.8476742],[100.4894506,13.8459822],[100.4909243,13.8396367]],[[100.5081878,13.7123371],[100.5039136,13.7082088],[100.4984651,13.7051524]],[[100.4899019,13.7449565],[100.4920261,13.7423108]],[[100.4898046,13.7451015],[100.4899019,13.7449565]],[[100.4895687,13.7454531],[100.489693,13.7452678]],[[100.489693,13.7452678],[100.4898046,13.7451015]],[[100.4893673,13.7601779],[100.4885363,13.758692],[100.4877523,13.7556928],[100.4875804,13.752461],[100.4882248,13.7480852]],[[100.49108,13.7619034],[100.4898811,13.7608471]],[[100.5875234,13.6093876],[100.589211,13.6084503],[100.5902946,13.6073763],[100.5915084,13.6053613],[100.5921292,13.6036223],[100.5926227,13.5997222],[100.5919575,13.5948314],[100.5905407,13.5905164],[100.588245,13.586464]],[[100.5739107,14.2292882],[100.5726185,14.2229658],[100.5701262,14.2139065]],[[100.5669944,14.2070339],[100.5633516,14.2012906],[100.5600127,14.1970338],[100.5539759,14.1946017],[100.5482234,14.1927619],[100.5446259,14.1922883],[100.5417162,14.192461],[100.5335564,14.1951565]],[[100.5795781,14.2441257],[100.5759952,14.2364643],[100.5739107,14.2292882]],[[100.5321964,14.1956416],[100.5181115,14.2017238],[100.5157522,14.2023125],[100.5133456,14.2023621],[100.5095063,14.201543],[100.5077119,14.2007528]],[[100.5701262,14.2139065],[100.5698606,14.2131869]],[[100.5813057,14.2526535],[100.5795781,14.2441257]],[[100.5795781,14.2441257],[100.5813548,14.2421977],[100.5814326,14.2401647],[100.5811214,14.2384333],[100.5793405,14.2350535],[100.5769372,14.2316632],[100.5750757,14.2279506],[100.5733903,14.2267422]],[[100.5077119,14.2007528],[100.5064492,14.1985867],[100.5041543,14.1927394],[100.5036583,14.1873335],[100.5038594,14.1839968]],[[100.5042009,14.1783301],[100.5047238,14.1732501],[100.507246,14.1655831]],[[100.5137032,14.1528824],[100.5168976,14.143653]],[[100.507246,14.1655831],[100.5110658,14.1591539],[100.5137032,14.1528824]],[[100.5168976,14.143653],[100.5178983,14.1410172]],[[100.5380629,14.1176322],[100.5456712,14.1145443],[100.5479157,14.1127806],[100.5493849,14.1103576]],[[100.5067191,13.6857619],[100.5103592,13.6853338],[100.5143872,13.6842905],[100.5169692,13.6827775]],[[100.4912312,13.6996945],[100.4901307,13.6976832],[100.4899148,13.6953242]],[[100.5169692,13.6827775],[100.5228322,13.6781679]],[[100.4899148,13.6953242],[100.4905532,13.6932847],[100.4920507,13.6910483],[100.4976549,13.6876539],[100.5000768,13.6868186]],[[100.4999337,13.7386948],[100.5040513,13.7376375]],[[100.5122871,13.729384],[100.5123773,13.7289077]],[[100.511323,13.7173163],[100.5101331,13.7150456],[100.5081878,13.7123371]],[[100.4922102,13.7009166],[100.4912312,13.6996945]],[[100.498397,13.7051179],[100.4943099,13.7027002],[100.4922102,13.7009166]],[[100.5120759,13.7193107],[100.511323,13.7173163]],[[100.4898811,13.7608471],[100.4893673,13.7601779]],[[100.5165327,13.8004887],[100.5142987,13.7958627],[100.5120328,13.7930019],[100.5083797,13.789135]],[[100.5024239,13.7810751],[100.4992431,13.7728868]],[[100.506591,13.7368529],[100.5092221,13.7354456],[100.5101328,13.7344203]],[[100.5040513,13.7376375],[100.506591,13.7368529]],[[100.4920261,13.7423108],[100.4937779,13.7407529]],[[100.4945632,13.7655],[100.4911291,13.7619452]],[[100.5083797,13.789135],[100.5056892,13.7863153]],[[100.5500015,13.6758661],[100.5512716,13.6788809],[100.552336,13.6840699]],[[100.5549525,13.7055962],[100.5564531,13.7061357],[100.5587632,13.7064326],[100.5623509,13.7060344],[100.5716331,13.702784]],[[100.5289502,13.6731105],[100.5334966,13.6703222],[100.5366057,13.669353],[100.5394541,13.6691121]],[[100.5000768,13.6868186],[100.5027539,13.6861987],[100.5067191,13.6857619]],[[100.4984651,13.7051524],[100.498397,13.7051179]],[[100.582446,13.6976035],[100.5845032,13.6958021]],[[100.588784,13.6830743],[100.5873279,13.6797521],[100.5858219,13.6773542]],[[100.5845032,13.6958021],[100.5860945,13.6942199],[100.5885493,13.6900418],[100.5892432,13.686874],[100.5892796,13.6854743],[100.588809,13.6831561]],[[100.5858219,13.6773542],[100.5793424,13.6691978]],[[100.5524048,13.6901158],[100.5514149,13.6980694],[100.551469,13.7006293],[100.5519718,13.7023979],[100.5528304,13.7038782],[100.5549525,13.7055962]],[[100.5340518,13.6487155],[100.5350293,13.6421906],[100.5362913,13.638225]],[[100.588809,13.6831561],[100.588784,13.6830743]],[[100.552336,13.6840699],[100.5525737,13.6883752],[100.5524048,13.6901158]],[[100.5716331,13.702784],[100.5801808,13.6991088],[100.582446,13.6976035]],[[100.5228322,13.6781679],[100.5289502,13.6731105]],[[100.5392792,13.6605869],[100.5373263,13.6593734],[100.5365601,13.6584861],[100.5351376,13.6558496],[100.5340326,13.6521798],[100.5340518,13.6487155]],[[100.5394541,13.6691121],[100.5424839,13.6696287],[100.5444825,13.6703772],[100.5466857,13.6716664],[100.5483189,13.6733795],[100.5500015,13.6758661]],[[100.5704713,13.6603891],[100.5664853,13.657711],[100.5632579,13.6563083],[100.5609341,13.6558359],[100.5571751,13.6558283]],[[100.5793424,13.6691978],[100.5767323,13.6663383]],[[100.5763049,13.565535],[100.5763578,13.5621054],[100.5768378,13.560082],[100.5780195,13.5568912],[100.5794684,13.5544962],[100.5815077,13.5520509],[100.5848214,13.5492704],[100.5945495,13.5421629]],[[100.5767323,13.6663383],[100.5742474,13.6637248],[100.5704713,13.6603891]],[[100.5571751,13.6558283],[100.5546882,13.6562575]],[[100.5387123,13.6332478],[100.5411901,13.6288503],[100.5428624,13.626771],[100.545491,13.6239453],[100.5512728,13.6185647]],[[100.583747,13.5805965],[100.5810678,13.5774678],[100.5790667,13.5746493],[100.5778524,13.572299],[100.5766984,13.5684092],[100.5763049,13.565535]],[[100.5681433,13.6109232],[100.5735576,13.6104628],[100.5810532,13.6107574],[100.5858161,13.610018],[100.5875234,13.6093876]],[[100.5512728,13.6185647],[100.5559087,13.6155514],[100.5610907,13.6128194],[100.5653056,13.6113609],[100.5681433,13.6109232]],[[100.588245,13.586464],[100.583747,13.5805965]],[[100.5267029,13.9835466],[100.5264795,13.9820875],[100.5266823,13.9792689],[100.5281296,13.9750059]],[[100.5295033,13.990445],[100.5280784,13.9880526]],[[100.5280784,13.9880526],[100.5267029,13.9835466]],[[100.5351103,13.9946457],[100.5314137,13.9921211],[100.5295033,13.990445]],[[100.5427624,14.0298352],[100.5402233,14.0272188]],[[100.5398567,14.0018834],[100.539793,14.000392],[100.5388059,13.9979768],[100.5379057,13.9968081],[100.5351103,13.9946457]],[[100.5281296,13.9750059],[100.52974,13.9718561],[100.5338976,13.9663645]],[[100.5242225,13.9434858],[100.5222613,13.9434658]],[[100.5431723,14.0954419],[100.539258,14.0924142],[100.5360067,14.0904296],[100.5294378,14.0871377]],[[100.5307381,14.0675982],[100.5325242,14.0665989]],[[100.5512427,14.0528379],[100.5534772,14.0509547]],[[100.5362674,14.1181251],[100.5380629,14.1176322]],[[100.5294378,14.0871377],[100.5265439,14.0848076],[100.5247369,14.0821754],[100.5238724,14.0791049],[100.5240351,14.0767747]],[[100.5240351,14.0767747],[100.5254066,14.0728219],[100.5264673,14.0711082],[100.5285713,14.0690914],[100.5307381,14.0675982]],[[100.5325242,14.0665989],[100.5367148,14.0638956],[100.5512427,14.0528379]],[[100.5534772,14.0509547],[100.5542217,14.0497904],[100.5549431,14.046616],[100.5545639,14.0420195]],[[100.546106,14.0342504],[100.5427624,14.0298352]],[[100.5362913,13.638225],[100.5387123,13.6332478]],[[100.5038594,14.1839968],[100.5042009,14.1783301]],[[100.5178983,14.1410172],[100.5215145,14.1314918]],[[100.5335564,14.1951565],[100.5321964,14.1956416]],[[100.5698606,14.2131869],[100.5682254,14.2091835],[100.5669944,14.2070339]],[[100.5135695,13.8142209],[100.5150455,13.8132151]]]},"properties":{"key":"Chao Phraya River","name":"Chao Phraya River","name_th":"แม่น้ำเจ้าพระยา","waterway":"river","length_km":133.6,"risk":null,"risk_type":null,"note":null,"note_th":null,"curated":false}},{"type":"Feature","geometry":{"type":"MultiLineString","coordinates":[[[100.1934393,13.7966199],[100.1954392,13.7948361],[100.2020263,13.7877628],[100.2057646,13.7844457],[100.2090825,13.7828311],[100.2122394,13.7825446],[100.2159006,13.7831474],[100.2229559,13.7853481],[100.2253055,13.786711],[100.2269669,13.7886031],[100.227719,13.7911726],[100.2287238,13.7929572],[100.2299265,13.7934712],[100.2319188,13.7933441],[100.2363214,13.791504],[100.2393417,13.7894815],[100.2413897,13.7871908],[100.2428687,13.784862],[100.2437722,13.7817663],[100.2437722,13.7797803],[100.2428737,13.7777517],[100.2414919,13.7761277],[100.2393185,13.7746048],[100.2386946,13.7728636],[100.2391591,13.7708921],[100.2407931,13.7692387],[100.2428469,13.7679889],[100.2464325,13.7664143],[100.2500553,13.7658316],[100.2535095,13.7659919],[100.2558535,13.7667685],[100.2577426,13.7683581],[100.2595463,13.7704228],[100.2607685,13.772829],[100.2624108,13.775006],[100.2658858,13.7757915],[100.2687128,13.7755025],[100.2798506,13.7732779],[100.2820807,13.7725616],[100.2835321,13.7703464],[100.2840286,13.7672145],[100.283914,13.7645027],[100.2821189,13.7583535],[100.2810495,13.7556417],[100.2797433,13.7533525],[100.2763668,13.7499759],[100.2730768,13.7476095],[100.2665851,13.7439708],[100.2643299,13.7431704],[100.2627753,13.7432538],[100.2494383,13.7462709],[100.2472561,13.7471869],[100.2452981,13.7485719],[100.2423101,13.7516598],[100.2405516,13.7524289],[100.2391483,13.752532],[100.2374381,13.7516181],[100.2358772,13.7501779],[100.2337128,13.7472054],[100.2321544,13.7441464],[100.2313066,13.7416864],[100.2313484,13.7394019],[100.2323022,13.7376709],[100.2339083,13.7361055],[100.2361614,13.7350841],[100.2386719,13.7345463],[100.2408606,13.7333332],[100.2421009,13.7312926],[100.2426888,13.728489],[100.2425987,13.7261835],[100.2419088,13.7240314],[100.2407844,13.7225628],[100.2392513,13.7214434],[100.2370358,13.720596],[100.2354801,13.7204897],[100.2316145,13.7209545],[100.2229338,13.721312],[100.2205606,13.7217081],[100.2164261,13.7235697],[100.2116149,13.7244722],[100.2099058,13.7242606],[100.2081881,13.72321],[100.2070757,13.7214918],[100.2069789,13.7191045],[100.2089649,13.7139077],[100.2096153,13.7104098],[100.208028,13.7040608],[100.2075951,13.700742],[100.207937,13.6990399],[100.2090689,13.6976306],[100.2109717,13.6970769],[100.2172885,13.6962452],[100.2208374,13.6962828],[100.2229289,13.6973099],[100.2242654,13.6986464],[100.2250808,13.7008889],[100.225286,13.7065243],[100.2257421,13.7081131],[100.2265099,13.7086721],[100.2278188,13.7088121],[100.2291762,13.7084889],[100.2307828,13.7080277],[100.233403,13.7067602],[100.2390239,13.7019219],[100.2415308,13.6985955],[100.24182,13.697101],[100.2416272,13.6953655],[100.2391858,13.6900962],[100.2393768,13.6874183],[100.2400989,13.686257],[100.241411,13.6852917],[100.244311,13.6838928],[100.248256,13.6834508],[100.251215,13.6844786],[100.2541408,13.6877967],[100.2550742,13.6885066],[100.256264,13.6885451],[100.2574388,13.688222],[100.2584162,13.687314],[100.2602004,13.6847055]],[[100.2674873,13.6659531],[100.2675505,13.6644839],[100.2668239,13.662762],[100.2651336,13.6609928],[100.2600311,13.6577859],[100.2567769,13.6564748],[100.2523694,13.6559693],[100.250142,13.6567117],[100.2488309,13.6582756],[100.2474165,13.6639192],[100.2465829,13.6654575],[100.246098,13.6659847],[100.2445535,13.6667273],[100.2426105,13.6667476],[100.2406795,13.6651],[100.2401279,13.6637307],[100.2404584,13.6605188],[100.24158,13.6562536],[100.241264,13.6547529],[100.2402056,13.6535365],[100.2375201,13.6528572],[100.2357982,13.6535207],[100.234009,13.6557447],[100.2335074,13.6613201],[100.2332178,13.6621656],[100.2327336,13.6629832],[100.2307589,13.6638994],[100.2283587,13.663388],[100.2236976,13.6613245],[100.2191796,13.6583072],[100.2162255,13.6567117],[100.213698,13.6545949],[100.2124658,13.6521937],[100.2122762,13.6496346],[100.2125606,13.6441372],[100.2136506,13.6411989],[100.2157358,13.6394138],[100.2177894,13.6386714],[100.2204908,13.6388135],[100.2233026,13.6401089],[100.2262725,13.643063],[100.2285947,13.6442162],[100.2305532,13.6446425],[100.2317857,13.643916],[100.2331667,13.6415668],[100.233557,13.6367001],[100.2332865,13.6337426],[100.2326704,13.6305042],[100.2317699,13.6286875],[100.2297571,13.6267507],[100.2280174,13.6260985],[100.2244085,13.6260178],[100.2188478,13.6292088],[100.2166678,13.6299197],[100.214784,13.6298089],[100.2139665,13.6289403],[100.2129555,13.6260652],[100.2130187,13.6233797],[100.2135716,13.6220369],[100.2145352,13.6209627],[100.2156568,13.6202361],[100.2175367,13.6201413],[100.2205066,13.6210575],[100.222576,13.6221949],[100.2245824,13.6224885],[100.2262953,13.6221173],[100.2271917,13.6210188],[100.2279154,13.6190355],[100.228184,13.6161288],[100.2280014,13.6038752],[100.2269777,13.6016687],[100.2245664,13.5988934],[100.223611,13.5972328],[100.223429,13.5958452],[100.2239295,13.5947533],[100.2254308,13.5938889],[100.2289113,13.5928425],[100.2306174,13.5912956],[100.2312316,13.589817],[100.2306629,13.5866551],[100.2288203,13.5830836],[100.2283426,13.5814685],[100.2282288,13.5804904],[100.2286383,13.579262],[100.2314818,13.576191],[100.2337338,13.5744167],[100.2354172,13.5735978],[100.2373053,13.5731883],[100.2393298,13.5718007],[100.2399797,13.5706815],[100.2415665,13.5637512],[100.2429013,13.5621101],[100.2441071,13.5615542],[100.2499253,13.5603401],[100.2520255,13.5578479],[100.252924,13.5548446],[100.2531461,13.5519555],[100.2503514,13.5449947],[100.2498671,13.5430305],[100.2496259,13.5400025],[100.2497325,13.5374607],[100.2511815,13.535222],[100.253934,13.5327197],[100.2552397,13.5320974],[100.2573822,13.5315586],[100.2593999,13.5315217],[100.2610674,13.5318694],[100.2626919,13.532697],[100.264007,13.534195],[100.2648279,13.5358774],[100.2663999,13.5412957],[100.2684323,13.5432375],[100.2697193,13.5436815],[100.2722714,13.5437839],[100.274369,13.5429272],[100.2755372,13.5420855],[100.2775463,13.5398853],[100.2781715,13.5376422],[100.2781605,13.5360864],[100.2773567,13.5346177],[100.2761288,13.5336645],[100.273118,13.532431],[100.269198,13.5318139],[100.2669029,13.5306528],[100.2655614,13.5293167],[100.2650504,13.5281697],[100.2650947,13.5265654],[100.2654217,13.5251674],[100.2682754,13.5214906],[100.2753704,13.5142956],[100.2765443,13.512776],[100.2792605,13.5065915]],[[100.2605824,13.6836447],[100.2603786,13.6817976],[100.257638,13.6786398]],[[100.257638,13.6786398],[100.2571086,13.6780379],[100.2566979,13.6764898],[100.257077,13.6734725],[100.2588305,13.6719244],[100.2605998,13.6710713],[100.2624638,13.6707712],[100.2659392,13.6690335],[100.2667923,13.6679593],[100.2674873,13.6659531]],[[100.2602004,13.6847055],[100.2605824,13.6836447]]]},"properties":{"key":"Tha Chin River","name":"Tha Chin River","name_th":"แม่น้ำท่าจีน","waterway":"river","length_km":84.9,"risk":null,"risk_type":null,"note":null,"note_th":null,"curated":false}},{"type":"Feature","geometry":{"type":"MultiLineString","coordinates":[[[101.1378315,13.9697495],[101.1008885,13.9744886],[101.0440607,13.9766666],[101.0211622,13.9709842],[100.9830629,13.9705248],[100.914197,13.9612445]],[[100.6397021,13.9322136],[100.6413121,13.9313114],[100.6509227,13.930897]],[[100.6897725,13.9310455],[100.7258169,13.9321234]],[[100.8769744,13.9564298],[100.8764629,13.9563653]],[[100.8799252,13.9568021],[100.8769744,13.9564298]],[[100.8517413,13.9530623],[100.8510389,13.9529717]],[[100.8764629,13.9563653],[100.8517413,13.9530623]],[[100.8510389,13.9529717],[100.7868644,13.9456044],[100.7499339,13.9331456],[100.7258169,13.9321234]],[[100.8803392,13.9568551],[100.8799252,13.9568021]],[[100.914197,13.9612445],[100.8803392,13.9568551]],[[100.6509227,13.930897],[100.6625687,13.9304317]],[[100.6625687,13.9304317],[100.6678418,13.9303617],[100.6897725,13.9310455]]]},"properties":{"key":"Khlong Hok Wa","name":"Khlong Hok Wa","name_th":"คลองหกวา","waterway":"canal","length_km":54.3,"risk":null,"risk_type":null,"note":null,"note_th":null,"curated":false}},{"type":"Feature","geometry":{"type":"MultiLineString","coordinates":[[[100.9885388,13.5427538],[100.9882005,13.542257],[100.9878464,13.5422466],[100.9842326,13.5428134],[100.9826205,13.5434717],[100.9815887,13.5434403],[100.9668701,13.5387698],[100.9642115,13.5386502],[100.9507632,13.5353546],[100.9312116,13.5337482],[100.9221069,13.5353968],[100.92061,13.5360298],[100.9190987,13.5373833],[100.9152058,13.5430205],[100.9147012,13.5439636],[100.9142951,13.5459525],[100.9096934,13.5500366],[100.9040752,13.5541119]],[[100.5704713,13.6603891],[100.5716767,13.658694],[100.5717951,13.6568275],[100.5740439,13.6584705],[100.5762583,13.6562853],[100.5762325,13.6558516],[100.5754343,13.6557682],[100.5747992,13.6553512],[100.5763672,13.6527348],[100.5772625,13.6532994],[100.5777517,13.6527823],[100.5791937,13.6530075],[100.5806872,13.6523403],[100.5814596,13.6523903],[100.5837599,13.6518065],[100.5843092,13.6519733],[100.5847437,13.6514113],[100.5862232,13.6505721],[100.5888239,13.6505053],[100.5896135,13.6497797],[100.5912872,13.6494211],[100.5917421,13.649004],[100.591828,13.6499048],[100.5930639,13.6500299],[100.5932614,13.6496546],[100.5926176,13.649004],[100.5931207,13.6484696]],[[100.7443535,13.6016884],[100.7462836,13.6006878],[100.7479064,13.5993009]],[[100.8174802,13.5780277],[100.818299,13.5768161],[100.8187995,13.5765994],[100.8200005,13.5768559],[100.8213971,13.5778818],[100.8229121,13.5778862],[100.8244361,13.5767497],[100.8256702,13.5751959]],[[100.9040752,13.5541119],[100.8900816,13.5646306]],[[100.8163477,13.5825984],[100.8178716,13.582233],[100.8186119,13.5818263],[100.8188908,13.5813361],[100.8187406,13.5800638],[100.8174802,13.5780277]],[[100.7991911,13.59021],[100.7987387,13.5893727],[100.7979394,13.5887469],[100.7983363,13.5881004],[100.7988138,13.5878814],[100.800069,13.5880326],[100.8005468,13.5897186]],[[100.8293548,13.5770524],[100.8304276,13.5782798],[100.8322846,13.5785508]],[[100.8355943,13.5733322],[100.8376347,13.5743408],[100.8399181,13.5743178],[100.8429691,13.5759827],[100.8452097,13.576067],[100.8483079,13.5773322],[100.8509209,13.5772911],[100.8524909,13.5776525],[100.8528373,13.5773753],[100.8532199,13.575972]],[[100.7793852,13.594959],[100.7775144,13.5958648],[100.7747607,13.5963401]],[[100.7722626,13.5967472],[100.7702443,13.5968966],[100.7665449,13.596584],[100.7615072,13.5978096],[100.7602462,13.5989478],[100.7592619,13.5992667],[100.7558777,13.5997857],[100.7539412,13.5986601],[100.7531048,13.598535],[100.7479064,13.5993009]],[[100.6705668,13.6138955],[100.6634623,13.6143293],[100.6616635,13.6165584],[100.6598917,13.6168735],[100.6577974,13.617691],[100.6546389,13.6180831],[100.6522064,13.6190021],[100.6506477,13.6191425],[100.6480986,13.6198766],[100.6411205,13.622671],[100.6398502,13.6234885],[100.6382195,13.623989],[100.6372152,13.6248816],[100.635969,13.6252032]],[[100.7204457,13.6030516],[100.7103086,13.6033177],[100.709671,13.6038479],[100.7093939,13.6045107],[100.707834,13.6054105],[100.7052275,13.6054283],[100.7019917,13.6063626],[100.699034,13.6066787],[100.6934944,13.6081145],[100.6876751,13.6101166],[100.676972,13.6126192],[100.6756245,13.6132281],[100.6711183,13.6138955]],[[100.8337633,13.577896],[100.8341396,13.5773009],[100.8344598,13.5743816],[100.8355943,13.5733322]],[[100.7747607,13.5963401],[100.7722626,13.5967472]],[[100.6290516,13.6287687],[100.6280861,13.6295608],[100.6265089,13.6298484],[100.6247011,13.6309708],[100.621843,13.6321386],[100.6197659,13.6338235],[100.6184097,13.6341405],[100.6105173,13.6388816]],[[100.6048221,13.6424335],[100.6028486,13.643716],[100.6014238,13.6442748],[100.6003939,13.6453341],[100.5989948,13.6459847],[100.5957333,13.6483618],[100.5941089,13.6484245]],[[100.6359074,13.6252225],[100.6308809,13.6278428],[100.6296793,13.6281347],[100.6290516,13.6287687]],[[100.6105173,13.6388816],[100.6089083,13.6396873],[100.6073633,13.6411303],[100.6048221,13.6424335]],[[100.635969,13.6252032],[100.6359074,13.6252225]],[[100.7244054,13.6026707],[100.7217287,13.6028614]],[[100.7443535,13.6016884],[100.7398821,13.6011068],[100.7371606,13.6011568],[100.7332617,13.6018197],[100.7244054,13.6026707]],[[100.6711183,13.6138955],[100.6705668,13.6138955]],[[100.781452,13.5941941],[100.7864069,13.593326]],[[100.7880891,13.5930671],[100.7888867,13.5930064]],[[100.8322846,13.5785508],[100.8337633,13.577896]],[[100.8720157,13.5723838],[100.8689781,13.5729413]],[[100.8878857,13.5666494],[100.8835602,13.5709457],[100.8826219,13.5713737],[100.8816402,13.5716193],[100.8789334,13.5712965],[100.8762699,13.5721034],[100.873859,13.5718017],[100.8720157,13.5723838]],[[100.8900816,13.5646306],[100.8878857,13.5666494]],[[100.8689781,13.5729413],[100.8643744,13.5745101],[100.8583689,13.5760537],[100.8532199,13.575972]],[[100.7793852,13.594959],[100.781452,13.5941941]],[[100.7864069,13.593326],[100.7880891,13.5930671]],[[100.7888867,13.5930064],[100.7909148,13.5927312]],[[100.7909148,13.5927312],[100.7950844,13.5916669]],[[100.7950844,13.5916669],[100.7991575,13.5905535]],[[100.8293548,13.5770524],[100.827839,13.5760201],[100.8256702,13.5751959]],[[100.8144145,13.5792669],[100.8174802,13.5780277]],[[100.8070203,13.5820855],[100.8084581,13.581503],[100.8110422,13.5811404],[100.8131212,13.5795175],[100.8144145,13.5792669]],[[100.8059675,13.5826581],[100.8070203,13.5820855]],[[100.8005468,13.5897186],[100.803654,13.5886181],[100.8041272,13.5877205],[100.8039998,13.5871058],[100.8020981,13.5856067],[100.8020572,13.5851557],[100.8027805,13.5841872],[100.8059675,13.5826581]],[[100.8005468,13.5897186],[100.7991911,13.59021]],[[100.7991575,13.5905535],[100.7991911,13.59021]],[[100.5931207,13.6484696],[100.5941089,13.6484245]],[[100.7217287,13.6028614],[100.7204457,13.6030516]]]},"properties":{"key":"Khlong Samrong","name":"Khlong Samrong","name_th":"คลองสำโรง","waterway":"canal","length_km":53.9,"risk":null,"risk_type":null,"note":null,"note_th":null,"curated":false}},{"type":"Feature","geometry":{"type":"MultiLineString","coordinates":[[[100.6361701,13.9882869],[100.608297,13.981984],[100.6006829,13.9798498],[100.5439875,13.9657164],[100.5361344,13.9634123]],[[100.6874919,13.9998376],[100.6686111,13.9955606],[100.655357,13.993009],[100.6451861,13.9903023],[100.6361701,13.9882869]],[[100.7323045,14.0188154],[100.6874919,13.9998376]],[[101.0017887,14.1240768],[100.9977423,14.1205749],[100.9821598,14.1120318],[100.9597879,14.1011163],[100.9445961,14.0948036],[100.9312605,14.089653],[100.8257525,14.0528446],[100.7560508,14.0288789],[100.7323045,14.0188154]]]},"properties":{"key":"Rangsit Prayurasakti Canal","name":"Rangsit Prayurasakti Canal","name_th":"คลองรังสิตประยูรศักดิ์","waterway":"canal","length_km":53.5,"risk":null,"risk_type":null,"note":null,"note_th":null,"curated":false}},{"type":"Feature","geometry":{"type":"MultiLineString","coordinates":[[[100.5410152,13.7493341],[100.5363979,13.7496288],[100.5327803,13.7491037],[100.5274847,13.7495968],[100.5252582,13.7492479]],[[100.601064,13.7480958],[100.6002591,13.7473215],[100.5978914,13.7410678]],[[100.5707762,13.7464149],[100.5858784,13.743159]],[[100.5858784,13.743159],[100.5970416,13.7410263],[100.5978914,13.7410678]],[[100.5500989,13.7483423],[100.5593657,13.7483858],[100.563182,13.7477902]],[[100.5446061,13.7486171],[100.5441996,13.748643]],[[100.51735,13.753102],[100.5190652,13.7526402]],[[100.5500989,13.7483423],[100.5446061,13.7486171]],[[100.5441996,13.748643],[100.5410152,13.7493341]],[[100.5190652,13.7526402],[100.5200003,13.7523498],[100.5244652,13.7497637]],[[100.6040029,13.7509813],[100.601064,13.7480958]],[[100.6119084,13.7582296],[100.6040029,13.7509813]],[[100.563182,13.7477902],[100.5707762,13.7464149]],[[100.6646719,13.7752671],[100.6551786,13.7700043],[100.6497026,13.7658027],[100.6485868,13.7652775],[100.6476513,13.7649607],[100.6304658,13.7631071]],[[100.6304658,13.7631071],[100.6207838,13.7620552],[100.6153866,13.761147],[100.6140594,13.760417],[100.6119084,13.7582296]],[[100.6851411,13.7865544],[100.6751833,13.7810632]],[[100.6751833,13.7810632],[100.6646719,13.7752671]],[[100.7060857,13.7981295],[100.704956,13.797498]],[[100.704956,13.797498],[100.6851411,13.7865544]],[[100.7492337,13.8219254],[100.7356678,13.8144316]],[[100.7993825,13.8493583],[100.799079,13.8491962]],[[100.799079,13.8491962],[100.7492337,13.8219254]],[[100.7356678,13.8144316],[100.7060857,13.7981295]],[[100.8490179,13.8574684],[100.8317754,13.8556871]],[[100.8317754,13.8556871],[100.8148108,13.8537312],[100.8068065,13.8533702],[100.7993825,13.8493583]],[[100.905233,13.8482488],[100.88247,13.8524843],[100.8732562,13.8551052],[100.8649978,13.8569451],[100.8594618,13.8578196],[100.8490179,13.8574684]],[[100.5244652,13.7497637],[100.5252582,13.7492479]],[[100.9671132,13.8387676],[100.9252541,13.8445794],[100.9126747,13.846822]],[[100.9126747,13.846822],[100.905233,13.8482488]]]},"properties":{"key":"Khlong Saen Saep","name":"Khlong Saen Saep","name_th":"คลองแสนแสบ","waterway":"canal","length_km":52.8,"risk":2,"risk_type":"flash","note":"Main east–west drainage artery (72 km) with no fixed flow direction: water exits two ways — west through the city-end gate near Phan Fa Lilat into the old-town moats and the Chao Phraya, and east onward via Khlong Bang Khanak to the Bang Pakong River. Flash floods hit Phetchaburi Rd when rain outpaces pumping; in 2011 the canal took the northern push (the Sam Wa gate episode), and in Sept 2026 floodwater was drawn to Phra Khanong pumping station for discharge.","note_th":"เส้นทางระบายน้ำหลักในแนวตะวันออก–ตะวันตก (72 กม.) ไม่มีทิศไหลตายตัว — น้ำออกได้สองทาง: ตะวันตกผ่านประตูต้นคลองฝั่งเมืองแถวพันฟ้าลีลาดลงคูเมืองเมืองเก่าและเจ้าพระยา ตะวันออกไหลต่อผ่านคลองบางขนากลงแม่น้ำบางปะกง ท่วมฉับพลันแนวเพชรบุรีเมื่อฝนเกินกำลังสูบ ปี 2554 รับแรงกดน้ำเหนือ (เหตุการณ์ประตูคลองสามวา) ส่วน ก.ย. 2569 มวลน้ำถูกดึงไประบายที่สถานีสูบน้ำพระโขนง","curated":true}},{"type":"Feature","geometry":{"type":"MultiLineString","coordinates":[[[99.8335579,13.9975267],[99.8367174,13.9962201],[99.8375059,13.9973546],[99.8375215,13.9987417],[99.8382784,13.999218],[99.8401989,13.9983696],[99.8412015,13.9974717],[99.8425485,13.9976409],[99.8439701,13.9974223],[99.8454506,13.9977762],[99.8466684,13.9964648],[99.8502303,13.9967872],[99.8506058,13.996548],[99.8509111,13.9957176],[99.8512549,13.9956111],[99.8535134,13.9974014],[99.8550583,13.9974639],[99.8557342,13.9980729],[99.8564048,13.9981666],[99.8576225,13.9975316],[99.8590763,13.9978283],[99.8613132,13.9953248],[99.8629708,13.9921288],[99.8669029,13.9896355],[99.8681314,13.9895002],[99.8716553,13.9899814],[99.8738821,13.9911086],[99.8748369,13.9911242],[99.8764087,13.9906037],[99.8773099,13.9897448],[99.8775567,13.9884227],[99.8786993,13.9863301],[99.8795952,13.9862729],[99.8799755,13.9858223],[99.8802443,13.9829622],[99.8822076,13.9835556],[99.8837681,13.9835319],[99.8846002,13.9832225],[99.8858662,13.9820148],[99.8865314,13.9825041],[99.8870667,13.983504],[99.88951,13.983812],[99.8898034,13.9833971],[99.8898055,13.9822807],[99.8906266,13.9818088],[99.8912478,13.9822767],[99.8914924,13.9841921],[99.8940732,13.9848333],[99.8945565,13.9845863],[99.8950018,13.9831704],[99.8962302,13.9818586],[99.8970993,13.9816452],[99.8983277,13.9822282],[99.8991324,13.9822855],[99.899465,13.9810622],[99.9008865,13.9797921],[99.9015512,13.9800859],[99.9023939,13.9818326],[99.9040027,13.9826158],[99.9046679,13.9834643],[99.9039443,13.9870641],[99.9025763,13.9880739],[99.9042768,13.9896719],[99.9040569,13.9904631],[99.903204,13.9911242],[99.903064,13.9915794],[99.904132,13.993071],[99.9053277,13.9929744],[99.9076135,13.991676],[99.9095876,13.9916031],[99.9118997,13.992259],[99.9131013,13.9943515],[99.9153168,13.9949397],[99.916792,13.9943046],[99.9187661,13.9938361],[99.9194367,13.9939559],[99.9199731,13.9947523],[99.9202092,13.996959],[99.9214001,13.9977658],[99.9231113,13.997011],[99.9248172,13.9967612],[99.9279768,13.9977814],[99.9336309,13.9976929],[99.9363614,13.9987808],[99.9370642,13.9996761],[99.9375952,13.9999155],[99.9392582,13.9995511],[99.939682,13.9985361],[99.9405886,13.9975784],[99.9413342,13.9957412],[99.9426754,13.9938674],[99.9434008,13.9930947],[99.9441883,13.9928935],[99.9487747,13.9960327],[99.9511243,13.9948824],[99.9533017,13.9950825],[99.9553086,13.9940496],[99.9581732,13.9949969],[99.9602862,13.994104],[99.9607481,13.995101],[99.9604579,13.9966181],[99.9606783,13.9970839],[99.9611397,13.9972765],[99.9617244,13.9971308],[99.9637419,13.9948388],[99.9657853,13.9943411],[99.9674984,13.9944023],[99.9710067,13.9964849],[99.9743031,13.9972657],[99.975913,13.9971779],[99.9778345,13.9982198],[99.9796532,13.9996332],[99.983065,14.0013818],[99.9841777,14.0024828],[99.9848999,14.0026796],[99.9855555,14.0024158],[99.9869999,14.0002107],[99.9884877,13.9987083],[99.9891418,13.9964656],[99.9907872,13.9961278],[99.9916474,13.9963909],[99.9919233,13.9969735],[99.990808,13.9994531],[99.9909157,14.0002368],[99.9934764,14.0029813],[99.994198,14.0032717],[99.9967111,14.0032936],[99.9973388,14.0030177],[99.9985051,14.0016618],[99.9985207,13.9998058],[99.9990197,13.9990253],[100.0009919,13.9981354],[100.0029704,13.9961388],[100.0068659,13.9954858],[100.0072876,13.9948784],[100.0074892,13.9930683],[100.0079603,13.9924104],[100.0100251,13.9921365],[100.0104514,13.9910495],[100.0107882,13.9908702],[100.0131998,13.9911092],[100.0142811,13.9909258],[100.0156722,13.9899367],[100.0169503,13.9895653],[100.0178765,13.9887333],[100.0195105,13.987997],[100.0204704,13.9865899],[100.0205305,13.9856144],[100.0199415,13.9835021],[100.0205525,13.9824532],[100.0213673,13.982182],[100.0233085,13.9824584],[100.0262109,13.9842379],[100.0283182,13.9825665],[100.0290907,13.9824676],[100.0310799,13.9828936],[100.0327337,13.9819764],[100.0348846,13.9828975],[100.0358445,13.982921],[100.036425,13.9834875],[100.0365689,13.9843854],[100.0369264,13.9846785],[100.0388669,13.9845409],[100.0394587,13.9852441],[100.0401928,13.9855146],[100.0427265,13.9842671],[100.0457186,13.9838671],[100.048129,13.9857783],[100.0498188,13.9864289],[100.0512726,13.9862103],[100.0519646,13.9864445],[100.0531716,13.988407],[100.0556499,13.9889384],[100.0580586,13.9898697],[100.0603653,13.9895157],[100.0635981,13.9905625],[100.0639291,13.990272],[100.0636192,13.9890995],[100.0641502,13.9884201],[100.0653796,13.9889407],[100.0666172,13.9901251],[100.0710679,13.9885242],[100.0726914,13.9915973],[100.0744981,13.991432],[100.075365,13.9927224],[100.0772417,13.9928632],[100.077864,13.9941898],[100.0786043,13.9949921],[100.0783039,13.9959023],[100.0786847,13.9969441],[100.0784433,13.9977553],[100.0773973,13.9991451],[100.0775046,14.0001973],[100.0795001,14.0002129],[100.0826437,14.001732],[100.0852293,14.0010865],[100.0861949,14.0015402],[100.0869084,14.0009668],[100.0876594,13.9994313],[100.0882602,13.9989993],[100.091376,13.9994408],[100.0970851,13.998724],[100.0991071,13.9989525],[100.102374,13.9978178],[100.1050133,13.9976095],[100.1073629,13.9954182],[100.1117939,13.9956836],[100.1146746,13.9945177],[100.1177645,13.9946218],[100.123473,13.9978656],[100.1249539,13.9977943],[100.1253959,13.9969589],[100.1248568,13.993468],[100.1253222,13.9918612],[100.1261485,13.9908139],[100.1280964,13.9893179],[100.1304031,13.9854218],[100.1342333,13.9814114],[100.1363656,13.9765195],[100.1371791,13.9760286],[100.1393343,13.9763232],[100.1399767,13.9760739],[100.1406545,13.9731658],[100.141663,13.9711298],[100.144018,13.969464],[100.1458794,13.9690215],[100.1492805,13.9694588],[100.1523114,13.9691724],[100.1562489,13.9698648],[100.1596714,13.9713224],[100.1643545,13.9724208],[100.1664144,13.9733474],[100.1674766,13.9742064],[100.1689679,13.9745348],[100.1712435,13.9772475],[100.1718278,13.9790253],[100.1737285,13.9810538],[100.1739766,13.9826919],[100.1752084,13.9829694],[100.1754017,13.9840045],[100.1771561,13.9869831],[100.1778318,13.9872223]]]},"properties":{"key":"Khlong Tha San","name":"Khlong Tha San","name_th":"คลองท่าสาร","waterway":"river","length_km":52,"risk":null,"risk_type":null,"note":null,"note_th":null,"curated":false}},{"type":"Feature","geometry":{"type":"MultiLineString","coordinates":[[[100.5846986,14.0957151],[100.5991657,13.9902427],[100.6065194,13.9388266],[100.6065623,13.9344948],[100.6006114,13.9231534],[100.5120056,13.7610497]],[[100.5674002,14.1993626],[100.5682545,14.1991535],[100.5698044,14.1993254],[100.5705833,14.1986025],[100.5709968,14.1977047],[100.5736603,14.1778631]],[[100.578963,14.1386278],[100.5804603,14.1276502]],[[100.5804603,14.1276502],[100.5846441,14.0961127]],[[100.5846441,14.0961127],[100.5846986,14.0957151]],[[100.5736603,14.1778631],[100.5737699,14.177063]],[[100.5737699,14.177063],[100.578963,14.1386278]]]},"properties":{"key":"Khlong Prem Prachakon","name":"Khlong Prem Prachakon","name_th":"คลองเปรมประชากร","waterway":"canal","length_km":51.8,"risk":2,"risk_type":"riverine","note":"Rama V-era canal running 50.8 km from the old-city ring canal up to the Chao Phraya at Bang Pa-in — the north–south spine of the eastern bank. In flood seasons northern water pushes down it toward Bangkok; city rain drains southward into the Bang Sue / Lat Phrao network and on to Saen Saep.","note_th":"คลองสมัยรัชกาลที่ 5 ยาว 50.8 กม. จากคลองผดุงกรุงเกษมขึ้นไปออกเจ้าพระยาที่บางปะอิน เป็นแกนเหนือ–ใต้ของฝั่งตะวันออก ฤดูน้ำหลากน้ำเหนือกดลงใต้เข้าสู่กรุงเทพฯ ตามแนวนี้ ส่วนน้ำฝนของเมืองระบายลงใต้เข้าสายบางซื่อ/ลาดพร้าว ต่อไปแสนแสบและปั๊ม","curated":true}},{"type":"Feature","geometry":{"type":"MultiLineString","coordinates":[[[100.3797598,13.8458974],[100.3799403,13.8450478]],[[100.3799403,13.8450478],[100.3811211,13.8408531],[100.387099,13.8312213]],[[100.1796586,14.0112526],[100.208533,14.0101382],[100.2485134,13.9841402]],[[100.2807915,13.9626926],[100.2920408,13.9549651]],[[100.2485134,13.9841402],[100.2490411,13.9837625]],[[100.2490411,13.9837625],[100.2605539,13.9762817]],[[100.2605539,13.9762817],[100.2613454,13.9757506]],[[100.2613454,13.9757506],[100.2800971,13.9631436]],[[100.3941825,13.8198077],[100.394565,13.8192078]],[[100.394565,13.8192078],[100.3999413,13.8104829]],[[100.332708,13.9236421],[100.3329541,13.9228753]],[[100.3329541,13.9228753],[100.3431932,13.8909598]],[[100.2927066,13.9545283],[100.3199697,13.9358713]],[[100.2920408,13.9549651],[100.2927066,13.9545283]],[[100.2800971,13.9631436],[100.2807915,13.9626926]],[[100.1737392,14.0113291],[100.1744256,14.0113315]],[[100.1744256,14.0113315],[100.1775619,14.0113121]],[[100.0492877,14.0320554],[100.0552231,14.0288728],[100.0787052,14.0217736],[100.1049254,14.0220391],[100.1292015,14.0146435],[100.1658704,14.0113351],[100.1737392,14.0113291]],[[100.3476524,13.8770593],[100.3478895,13.8763201]],[[100.320537,13.935485],[100.3308529,13.9282282],[100.3316533,13.9270963],[100.332708,13.9236421]],[[100.3434218,13.8902474],[100.3476524,13.8770593]],[[100.3644634,13.8686086],[100.372038,13.8677669]],[[100.3431932,13.8909598],[100.3434218,13.8902474]],[[100.3728228,13.8676797],[100.3745059,13.8673225],[100.3752706,13.8664172],[100.3797598,13.8458974]],[[100.372038,13.8677669],[100.3728228,13.8676797]],[[100.3199697,13.9358713],[100.320537,13.935485]],[[100.3478895,13.8763201],[100.3495239,13.871225],[100.3504374,13.8703168],[100.3636697,13.8687159]],[[100.3636697,13.8687159],[100.3644634,13.8686086]],[[100.1775619,14.0113121],[100.1796586,14.0112526]],[[100.3873759,13.8307752],[100.3941825,13.8198077]],[[100.387099,13.8312213],[100.3873759,13.8307752]],[[100.3999699,13.8104365],[100.4007936,13.8091822],[100.4012793,13.8091514],[100.4071464,13.8129423]],[[100.3999413,13.8104829],[100.3999699,13.8104365]]]},"properties":{"key":"Khlong Prapa Tawan Tok","name":"Khlong Prapa Tawan Tok","name_th":"คลองประปาตะวันตก","waterway":"canal","length_km":51,"risk":2,"risk_type":"riverine","note":"Western raw-water canal carrying river water across the Tha Chin lowlands on the Nakhon Pathom / Samut Sakhon side; its gates matter for the western supply when the north floods.","note_th":"คลองส่งน้ำดิบฝั่งตะวันตก ลำเลียงน้ำจากแม่น้ำข้ามที่ลุ่มท่าจีนฝั่งนครปฐม–สมุทรสาคร ประตูน้ำที่นี่สำคัญต่อประปาฝั่งตะวันตกเวลาน้ำหลากจากเหนือ","curated":true}},{"type":"Feature","geometry":{"type":"MultiLineString","coordinates":[[[100.1308715,14.1389076],[100.1310069,14.1373637],[100.1323748,14.1320338],[100.1319231,14.1299404],[100.1310691,14.1283548],[100.1290253,14.1270709],[100.1252267,14.1267144],[100.1214153,14.1267245],[100.1201944,14.1260815],[100.1200484,14.1236862],[100.1203489,14.120848],[100.1209935,14.1181823],[100.123115,14.1138834],[100.127715,14.1095643],[100.1292215,14.1086756],[100.1375921,14.1077552],[100.1400837,14.1068262],[100.1453349,14.1000765],[100.1477132,14.0981545],[100.1488894,14.097698],[100.1516515,14.0975576],[100.1582419,14.0999472],[100.1627034,14.1013304],[100.1634912,14.1013437],[100.1647612,14.1008624],[100.169698,14.0964909],[100.1747738,14.0929284],[100.1750442,14.0924825],[100.174707,14.0913756],[100.1721383,14.0896963],[100.1703425,14.0877556],[100.1693453,14.0859886],[100.1690953,14.0837291],[100.1699099,14.0804672],[100.1757328,14.0683556],[100.1773447,14.0630524],[100.1774192,14.0595358],[100.1763728,14.0558593],[100.174545,14.0522073],[100.172409,14.0492931],[100.171774,14.0470196],[100.1742509,14.0354947],[100.1741498,14.0269236],[100.1760976,14.0230876],[100.1789101,14.0194764],[100.179682,14.016671],[100.1797781,14.0153925],[100.1794769,14.0136687],[100.177811,14.0090474],[100.1778174,14.0078716],[100.1780162,14.0064755],[100.1806633,14.0003908],[100.1808727,13.9980893],[100.1795079,13.9937927],[100.1777799,13.9903722],[100.1776548,13.9879683],[100.1798887,13.9824036],[100.1802165,13.9805692],[100.1801709,13.97698],[100.1806231,13.9748754],[100.1826176,13.9729082],[100.1838691,13.9725765],[100.1855728,13.972587],[100.1874048,13.9729763],[100.1936543,13.9734127],[100.2005639,13.9754906],[100.2016416,13.9751035],[100.2021376,13.9745723],[100.2028666,13.9728815],[100.2024566,13.9704901],[100.2008896,13.9688221],[100.1977959,13.9669826],[100.1966088,13.965944],[100.1959144,13.9643385],[100.1958092,13.9629551],[100.1964334,13.961765],[100.1973507,13.9609833],[100.2011068,13.9591792],[100.2071383,13.9555892],[100.2085048,13.9540515],[100.2086988,13.9532027],[100.2085223,13.9521918],[100.206579,13.9495919],[100.2028391,13.942717],[100.2019591,13.9388121],[100.2017391,13.9360071],[100.2023991,13.9262722],[100.203224,13.9217073],[100.2043361,13.9201689],[100.2055099,13.9195191],[100.2067019,13.9194952],[100.2110631,13.9215331],[100.2125909,13.92143],[100.2142464,13.9204574],[100.2150053,13.9196341],[100.2152681,13.9188167],[100.2151589,13.9168674],[100.2137839,13.9148874],[100.2122733,13.9136561],[100.2051755,13.9101007],[100.2044634,13.9089697],[100.2044301,13.9078153],[100.2056862,13.9051971],[100.2104897,13.9005702],[100.2144948,13.8975245],[100.2193426,13.8959271],[100.2213513,13.895016],[100.2219896,13.8941586],[100.2222007,13.8929781],[100.2206588,13.8845278],[100.2191188,13.8799629],[100.2171388,13.8763879],[100.2145539,13.874188],[100.2132339,13.872208],[100.2128691,13.86984],[100.2139675,13.864789],[100.2145565,13.8628755],[100.2154103,13.8614652],[100.2162565,13.8605087],[100.2176998,13.8595725],[100.221423,13.8576366],[100.2223049,13.8569629],[100.2230033,13.8558793],[100.2233196,13.8535603],[100.2221295,13.8420323],[100.222406,13.8393603],[100.2244461,13.8336337],[100.2237516,13.8120057],[100.2231857,13.8107555]]]},"properties":{"key":"Tha Chin River #2","name":"Tha Chin River","name_th":"แม่น้ำท่าจีน","waterway":"river","length_km":50.4,"risk":null,"risk_type":null,"note":null,"note_th":null,"curated":false}},{"type":"Feature","geometry":{"type":"MultiLineString","coordinates":[[[100.884694,13.8786894],[100.8837497,13.8757156],[100.8831918,13.8748302],[100.8796835,13.8715701],[100.8789646,13.8696119]],[[100.8950997,13.9587756],[100.8945831,13.9411927],[100.884694,13.8786894]],[[100.891523,14.2760439],[100.8915769,14.2436202]],[[100.8943362,14.0087651],[100.8943973,14.0068385]],[[100.8921788,14.0761301],[100.8943362,14.0087651]],[[100.8915769,14.2436202],[100.8919275,14.1655249],[100.8917144,14.092594],[100.8921788,14.0761301]],[[100.8943973,14.0068385],[100.895611,13.9740676],[100.8950997,13.9587756]]]},"properties":{"key":"Khlong Sip Sam","name":"Khlong Sip Sam","name_th":"คลองสิบสาม","waterway":"river","length_km":45.5,"risk":null,"risk_type":null,"note":null,"note_th":null,"curated":false}},{"type":"Feature","geometry":{"type":"MultiLineString","coordinates":[[[100.8594255,13.8817601],[100.8592475,13.8800238],[100.8596221,13.8768328],[100.8605117,13.8761419],[100.8607084,13.8755328],[100.8586389,13.8734873],[100.8551006,13.8709275]],[[100.863086,13.8855942],[100.8629746,13.8849692],[100.8616167,13.8832419],[100.8594255,13.8817601]],[[100.8640489,13.9475362],[100.8616688,13.8986742],[100.8617127,13.8955352],[100.863086,13.8855942]],[[100.8640652,13.9478953],[100.8640489,13.9475362]],[[100.8643621,13.9548386],[100.8640652,13.9478953]],[[100.8667098,14.0064607],[100.8643621,13.9548386]],[[100.8695198,14.0682334],[100.866796,14.0083557]],[[100.866796,14.0083557],[100.8667098,14.0064607]],[[100.868662,14.2650846],[100.8687954,14.1682481]],[[100.8687954,14.1682481],[100.8687889,14.1480478]],[[100.8687889,14.1480478],[100.8687345,14.0980236],[100.8695198,14.0682334]]]},"properties":{"key":"Khlong Sip Song","name":"Khlong Sip Song","name_th":"คลองสิบสอง","waterway":"river","length_km":44.4,"risk":null,"risk_type":null,"note":null,"note_th":null,"curated":false}},{"type":"Feature","geometry":{"type":"MultiLineString","coordinates":[[[100.2346069,14.1755505],[100.2464781,14.1737197],[100.2690354,14.1718744],[100.2841927,14.1698345]],[[100.1954881,14.1753321],[100.1887903,14.1727583],[100.183619,14.1712812],[100.1268011,14.158981]],[[100.4651713,14.1506231],[100.4671181,14.1510552]],[[100.4873638,14.152399],[100.488832,14.1515253]],[[100.4736403,14.152591],[100.476151,14.1532626],[100.4819017,14.1532106],[100.4867613,14.1527841],[100.4873638,14.152399]],[[100.50632,14.151805],[100.5137032,14.1528824]],[[100.488832,14.1515253],[100.490613,14.1508491],[100.4929519,14.1515357],[100.4959881,14.1514629],[100.4984772,14.1525344],[100.5028626,14.1518389],[100.5048008,14.1511304],[100.5054375,14.151637],[100.50632,14.151805]],[[100.3342495,14.1593872],[100.3504926,14.1559378]],[[100.2920845,14.1685697],[100.3080276,14.1647219],[100.3342495,14.1593872]],[[100.2346069,14.1755505],[100.2126196,14.1789749]],[[100.2841927,14.1698345],[100.2868336,14.1697679],[100.2920845,14.1685697]],[[100.3504926,14.1559378],[100.3845648,14.1532658]],[[100.3845648,14.1532658],[100.4517751,14.1482378],[100.4568116,14.1486257],[100.4651713,14.1506231]],[[100.2126196,14.1789749],[100.2098392,14.1791244],[100.2053546,14.1786043],[100.2027582,14.1779802],[100.1954881,14.1753321]],[[100.4671181,14.1510552],[100.4736403,14.152591]]]},"properties":{"key":"Khlong Phraya Banlue","name":"Khlong Phraya Banlue","name_th":"คลองพระยาบันลือ","waterway":"canal","length_km":42.5,"risk":null,"risk_type":null,"note":null,"note_th":null,"curated":false}},{"type":"Feature","geometry":{"type":"MultiLineString","coordinates":[[[100.905594,13.8591946],[100.9046197,13.8586718],[100.9022158,13.8488479]],[[100.914197,13.9612445],[100.9141408,13.9462063]],[[100.9141872,14.0996227],[100.9149347,14.0842664],[100.9148325,14.0682402]],[[100.9148325,14.0682402],[100.9144839,14.0084726]],[[100.9138058,14.1823951],[100.9136818,14.1141699],[100.9141872,14.0996227]],[[100.9141408,13.9462063],[100.9091899,13.9074381],[100.9065108,13.8797643]],[[100.9065108,13.8797643],[100.9062984,13.8603719],[100.9057969,13.8599284],[100.905594,13.8591946]],[[100.9144839,14.0084726],[100.914197,13.9612445]],[[100.9140203,14.2215155],[100.9138058,14.1823951]]]},"properties":{"key":"Khlong Sip Si","name":"Khlong Sip Si","name_th":"คลองสิบสี่","waterway":"canal","length_km":41.6,"risk":null,"risk_type":null,"note":null,"note_th":null,"curated":false}},{"type":"Feature","geometry":{"type":"MultiLineString","coordinates":[[[100.8158478,13.948781],[100.8136747,13.9234097],[100.8120698,13.8983151],[100.8113806,13.898286],[100.8112368,13.8980475],[100.8105022,13.8912303]],[[100.8235195,14.1568147],[100.8240459,14.0522698]],[[100.8240459,14.0522698],[100.8158478,13.948781]],[[100.8235171,14.1573312],[100.8235195,14.1568147]],[[100.8231236,14.2433866],[100.8235171,14.1573312]]]},"properties":{"key":"Khlong Sip","name":"Khlong Sip","name_th":"คลองสิบ","waterway":"canal","length_km":39.3,"risk":null,"risk_type":null,"note":null,"note_th":null,"curated":false}},{"type":"Feature","geometry":{"type":"MultiLineString","coordinates":[[[100.8395146,13.9365499],[100.8390158,13.9330311],[100.83812,13.9114201],[100.8381522,13.9066582]],[[100.8464983,14.0758783],[100.8466873,14.0602335]],[[100.8459423,14.0441271],[100.8443264,14.0093964]],[[100.8415425,13.9517467],[100.8395146,13.9365499]],[[100.8466873,14.0602335],[100.8459423,14.0441271]],[[100.8443264,14.0093964],[100.8415425,13.9517467]],[[100.8459651,14.2542184],[100.8464983,14.0758783]]]},"properties":{"key":"Khlong Sip Et","name":"Khlong Sip Et","name_th":"คลองสิบเอ็ด","waterway":"canal","length_km":38.7,"risk":null,"risk_type":null,"note":null,"note_th":null,"curated":false}},{"type":"Feature","geometry":{"type":"MultiLineString","coordinates":[[[100.792465,13.9315445],[100.7921703,13.8973654],[100.7927926,13.8969567],[100.7927679,13.8938935]],[[100.8004888,14.0283832],[100.7927471,13.9462956]],[[100.8012151,14.060145],[100.8013073,14.0444759]],[[100.8005349,14.0292284],[100.8004888,14.0283832]],[[100.8013073,14.0444759],[100.8005349,14.0292284]],[[100.8003208,14.2319558],[100.8012151,14.060145]],[[100.7927471,13.9462956],[100.792465,13.9315445]],[[100.8002803,14.2324329],[100.8003208,14.2319558]],[[100.8002736,14.2325116],[100.8002803,14.2324329]]]},"properties":{"key":"Khlong Kao","name":"Khlong Kao","name_th":"คลองเก้า","waterway":"canal","length_km":37.7,"risk":null,"risk_type":null,"note":null,"note_th":null,"curated":false}},{"type":"Feature","geometry":{"type":"MultiLineString","coordinates":[[[100.855154,13.6993591],[100.8253394,13.7111603],[100.7897041,13.7239832],[100.7462561,13.7241497],[100.7348778,13.723906],[100.6737101,13.7239409],[100.651501,13.7180861]],[[100.651501,13.7180861],[100.6479211,13.7171947]],[[100.6479211,13.7171947],[100.639267,13.7149187]],[[100.9173232,13.6758841],[100.8944239,13.6842328],[100.8797383,13.6890439],[100.860782,13.6969942]],[[100.855154,13.6993591],[100.860782,13.6969942]],[[100.9376576,13.6687835],[100.9173232,13.6758841]],[[100.9557835,13.6623709],[100.9376576,13.6687835]]]},"properties":{"key":"Khlong Prawet Buri Rom","name":"Khlong Prawet Buri Rom","name_th":"คลองประเวศบุรีรมย์","waterway":"canal","length_km":35.6,"risk":null,"risk_type":null,"note":null,"note_th":null,"curated":false}},{"type":"Feature","geometry":{"type":"MultiLineString","coordinates":[[[100.7706922,13.9401939],[100.7696332,13.9057236]],[[100.7778652,14.2213245],[100.7783031,14.1243694]],[[100.7788365,14.0367414],[100.7777426,14.0104465],[100.7706922,13.9401939]],[[100.7778624,14.2217425],[100.7778652,14.2213245]],[[100.7778273,14.2218589],[100.7778624,14.2217425]],[[100.7783031,14.1243694],[100.778315,14.1200569]],[[100.778315,14.1200569],[100.7788365,14.0367414]]]},"properties":{"key":"Khlong Paet","name":"Khlong Paet","name_th":"คลองแปด","waterway":"canal","length_km":35.2,"risk":null,"risk_type":null,"note":null,"note_th":null,"curated":false}},{"type":"Feature","geometry":{"type":"MultiLineString","coordinates":[[[100.9671132,13.8387676],[100.960257,13.8315981],[100.9577206,13.8272149],[100.957245,13.822747],[100.9534061,13.815704],[100.9554659,13.8075391],[100.9539077,13.8026049],[100.9399025,13.7875053],[100.9251808,13.7732439],[100.924143,13.7714092],[100.9208781,13.7621791],[100.9202252,13.7612504],[100.9145466,13.755395],[100.8869639,13.7252218],[100.8832248,13.7184176],[100.8824332,13.7153257],[100.8801823,13.7120817],[100.8767111,13.7049606],[100.8636097,13.6878659],[100.8633294,13.6871529],[100.8635685,13.6854867],[100.8699584,13.6715471],[100.8699584,13.670041],[100.8696451,13.6694401],[100.8661705,13.66489]],[[100.865939,13.6641639],[100.8654319,13.6606513],[100.8652512,13.6536992],[100.8649063,13.6522893],[100.8629441,13.6490304],[100.8618975,13.646592],[100.8624684,13.6416688],[100.8623019,13.6408367],[100.8606607,13.6383173],[100.8598045,13.6338331],[100.8576468,13.6273194],[100.8571086,13.6232904],[100.8565704,13.6213698],[100.8562173,13.6208059],[100.8534338,13.6190406],[100.8530218,13.6184358],[100.8512306,13.6131153],[100.8512306,13.6075331],[100.8509615,13.604885],[100.8532572,13.6006268],[100.851567,13.5939],[100.8534843,13.5898132],[100.8535768,13.5886934],[100.8532909,13.5864374],[100.8496665,13.5790236],[100.8496361,13.5773683]],[[100.8661705,13.66489],[100.865939,13.6641639]]]},"properties":{"key":"Khlong Phra Ong Chao Chaiyanuchit","name":"Khlong Phra Ong Chao Chaiyanuchit","name_th":"คลองพระองค์เจ้าไชยานุชิต","waterway":"river","length_km":34,"risk":null,"risk_type":null,"note":null,"note_th":null,"curated":false}},{"type":"Feature","geometry":{"type":"MultiLineString","coordinates":[[[100.6134299,14.1844736],[100.6128413,14.1839945]],[[100.6128413,14.1839945],[100.6110067,14.1818699],[100.6095395,14.1809208],[100.6079784,14.1805489],[100.605004,14.1804969],[100.6045652,14.1801245],[100.6047336,14.1585268]],[[100.6192614,14.1840658],[100.6169301,14.1840424],[100.6146338,14.1847849],[100.6134299,14.1844736]],[[100.6047768,14.1524086],[100.604803,14.1487024]],[[100.6047763,14.1524807],[100.6047768,14.1524086]],[[100.6048035,14.1486296],[100.6048367,14.1454416]],[[100.604803,14.1487024],[100.6048035,14.1486296]],[[100.6048375,14.1453479],[100.6048669,14.1422444]],[[100.6048367,14.1454416],[100.6048375,14.1453479]],[[100.6048677,14.1421521],[100.6048696,14.1419128]],[[100.6048669,14.1422444],[100.6048677,14.1421521]],[[100.6047336,14.1585268],[100.6047763,14.1524807]],[[100.6883463,14.3570723],[100.6892783,14.3553183],[100.6902177,14.3542461],[100.7116163,14.340006],[100.7127428,14.3383637],[100.7181979,14.3227883],[100.7184077,14.3215965],[100.7182306,14.2376533],[100.7175493,14.2362494],[100.7122976,14.2320974],[100.7104361,14.2309639],[100.6235942,14.1847069],[100.6195749,14.1841023]],[[100.6195749,14.1841023],[100.6192614,14.1840658]]]},"properties":{"key":"Khlong Nakhon Luang","name":"Khlong Nakhon Luang","name_th":"คลองนครหลวง","waterway":"canal","length_km":33,"risk":null,"risk_type":null,"note":null,"note_th":null,"curated":false}},{"type":"Feature","geometry":{"type":"MultiLineString","coordinates":[[[100.6116453,14.2229328],[100.6120863,14.222336],[100.6124174,14.2209277],[100.6167761,14.219845],[100.6172555,14.2193133],[100.6183734,14.2188968],[100.6195545,14.2168082],[100.6185958,14.2118547],[100.6176914,14.209857],[100.6182745,14.208142],[100.6185068,14.2062736],[100.6192234,14.2051813],[100.6183783,14.2048603],[100.6174344,14.2038303],[100.6142617,14.1984071],[100.6149684,14.1968548],[100.6165943,14.1964093],[100.6162026,14.1950076]],[[100.6193525,14.190192],[100.6194914,14.176289]],[[100.619609,14.158688],[100.6196798,14.1449592]],[[100.6198515,14.1297766],[100.6208667,13.9836486],[100.6236292,13.9669944],[100.6241012,13.9661406],[100.6390501,13.9584346],[100.6405084,13.9570434]],[[100.6162026,14.1950076],[100.6155021,14.1940425],[100.6140987,14.1929981],[100.6142074,14.1921836],[100.618458,14.1904223]],[[100.6194914,14.176289],[100.619609,14.158688]],[[100.6197289,14.1431055],[100.6198515,14.1297766]],[[100.6196798,14.1449592],[100.6197289,14.1431055]],[[100.618458,14.1904223],[100.6193525,14.190192]]]},"properties":{"key":"Khlong Nueng","name":"Khlong Nueng","name_th":"คลองหนึ่ง","waterway":"river","length_km":32.1,"risk":null,"risk_type":null,"note":null,"note_th":null,"curated":false}},{"type":"Feature","geometry":{"type":"MultiLineString","coordinates":[[[100.0216939,13.877504],[100.0220646,13.8771133],[100.0222417,13.875428],[100.0225758,13.875025],[100.0245797,13.8749477],[100.0253452,13.8756242],[100.0257625,13.8772941],[100.02556,13.8810768],[100.0258808,13.8832505],[100.0258356,13.8858842],[100.0262581,13.8868082],[100.0273843,13.887694],[100.0277978,13.8888332],[100.0298522,13.8898348],[100.0310088,13.8948277],[100.0327385,13.8953895],[100.0355055,13.8953714],[100.0376467,13.893753],[100.0388119,13.8924881],[100.0399823,13.8922009],[100.0417421,13.8924688],[100.0428182,13.8940824],[100.0443203,13.8950666],[100.0449014,13.8951571],[100.0455774,13.894663],[100.0458673,13.8938167],[100.0455262,13.8929393],[100.0441768,13.8914183],[100.0442537,13.8907619],[100.0448155,13.8901076],[100.0465834,13.8891784],[100.0482989,13.8889255],[100.0507371,13.8878139],[100.0525882,13.8874796],[100.0560616,13.8853513],[100.0558587,13.8840369],[100.0537681,13.8821904],[100.0536732,13.881213],[100.0540686,13.8806115],[100.0557051,13.8803412],[100.0573451,13.8807139],[100.062421,13.8836098],[100.0641049,13.8830268],[100.0649571,13.8820691],[100.0655406,13.8801501],[100.066038,13.875451],[100.0671834,13.8743505],[100.0700836,13.87366],[100.0710202,13.8729753],[100.0711504,13.8689189],[100.0714873,13.8681764],[100.0725484,13.8672805],[100.075452,13.8659638],[100.0776861,13.862933],[100.0786217,13.8621408],[100.079852,13.8616254],[100.0836587,13.8609367],[100.0858745,13.8581527],[100.0875787,13.8572106],[100.0916824,13.8561221],[100.093045,13.8563773],[100.093737,13.8572783],[100.0952659,13.8617314],[100.0961885,13.8628668],[100.0970576,13.8630699],[100.1002494,13.8624345],[100.1012847,13.8629189],[100.1015154,13.8639553],[100.1012576,13.866539],[100.101439,13.8671692],[100.1019722,13.8676387],[100.1029179,13.8676736],[100.1054218,13.8664062],[100.1092042,13.8660187],[100.110147,13.8663739],[100.1108668,13.8679621],[100.1113647,13.8681762],[100.1139018,13.8668301],[100.1173565,13.8676009],[100.1182309,13.8673562],[100.1196364,13.8652677],[100.1201729,13.8619814],[100.1225359,13.8603761],[100.1253655,13.8604237],[100.1277957,13.8600864],[100.1295737,13.8596769],[100.131583,13.8585544],[100.1331118,13.8585127],[100.1368258,13.8611642],[100.1378786,13.8645343],[100.1383368,13.8650699],[100.1397868,13.8652948],[100.142655,13.8648414],[100.1437508,13.8654071],[100.1442703,13.866182],[100.1452892,13.869806],[100.1464783,13.8705536],[100.1483307,13.8702959],[100.1490556,13.8697557],[100.1499209,13.8668786],[100.1504388,13.8660812],[100.1529384,13.8650484],[100.1546993,13.8647507],[100.1569835,13.8652938],[100.1599763,13.8672769],[100.1639693,13.8681748],[100.1703232,13.8680823],[100.1712952,13.8685008],[100.1725126,13.8700986],[100.1738111,13.8708855],[100.1753121,13.8706881],[100.1782057,13.8689695],[100.1793328,13.8690112],[100.1868349,13.8748698],[100.190733,13.876126],[100.1919702,13.8776002],[100.1929498,13.8800186],[100.1954571,13.8840786],[100.1964549,13.8868752],[100.198311,13.8900466],[100.199416,13.890182],[100.2016268,13.8918066],[100.2022037,13.8954463],[100.2028478,13.896936],[100.2046655,13.8984774],[100.2050592,13.8983917],[100.2053787,13.897665],[100.2061438,13.8978233],[100.2067283,13.8973773],[100.2086083,13.8979793],[100.2093874,13.8986281],[100.2104897,13.9005702]]]},"properties":{"key":"คลองตาก้อง","name":"คลองตาก้อง","name_th":"คลองตาก้อง","waterway":"river","length_km":31.6,"risk":null,"risk_type":null,"note":null,"note_th":null,"curated":false}},{"type":"Feature","geometry":{"type":"MultiLineString","coordinates":[[[100.5438027,13.8497052],[100.5323045,13.8007054],[100.5323716,13.8000572],[100.5329914,13.7996863]],[[100.5438555,13.8499127],[100.5438027,13.8497052]],[[100.5719973,13.9725496],[100.5723009,13.9708325],[100.5721807,13.969933],[100.5438555,13.8499127]],[[100.5333389,13.7995389],[100.5382845,13.7972012],[100.5391953,13.7961519],[100.5393537,13.794919],[100.530332,13.7725473]],[[100.5329914,13.7996863],[100.5333389,13.7995389]],[[100.5543745,14.0416069],[100.5554965,14.040783],[100.5559204,14.0408953]],[[100.5676579,13.9893638],[100.5718519,13.9728525]],[[100.5718519,13.9728525],[100.5719973,13.9725496]],[[100.5675887,13.9896379],[100.5676579,13.9893638]],[[100.5561858,14.0407614],[100.557518,14.0399654],[100.5598033,14.0357188],[100.5609942,14.0321694],[100.5675887,13.9896379]],[[100.5559204,14.0408953],[100.5561858,14.0407614]]]},"properties":{"key":"Khlong Prapa","name":"Khlong Prapa","name_th":"คลองประปา","waterway":"canal","length_km":31.4,"risk":3,"risk_type":"riverine","note":"Metropolitan Waterworks raw-water canal from Ayutthaya. Critical in 2011: massive sandbagging along Vibhavadi kept floodwater out of the tapwater supply.","note_th":"คลองส่งน้ำดิบของการประปานครหลวงจากอยุธยา จุดวิกฤตปี 2554: การกอดกระสอบทรายตลอดถนนวิภาวดีช่วยกันน้ำท่วมไม่ให้เข้าสู่ระบบประปา","curated":true}},{"type":"Feature","geometry":{"type":"MultiLineString","coordinates":[[[100.7550961,14.2104887],[100.7554885,14.044849]],[[100.7555875,14.0137159],[100.7541596,13.9977675],[100.7534807,13.9828552],[100.7493686,13.9743264],[100.748967,13.9726343],[100.7487819,13.968286],[100.7497841,13.9569281],[100.74949,13.9476416]],[[100.74949,13.9476416],[100.7484971,13.9406394],[100.7482803,13.9329731]],[[100.7560508,14.0288789],[100.7555875,14.0137159]],[[100.7554885,14.044849],[100.7560508,14.0288789]],[[100.7550945,14.2109203],[100.7550961,14.2104887]],[[100.7550564,14.2110665],[100.7550945,14.2109203]]]},"properties":{"key":"Khlong Chet","name":"Khlong Chet","name_th":"คลองเจ็ด","waterway":"canal","length_km":31.1,"risk":null,"risk_type":null,"note":null,"note_th":null,"curated":false}},{"type":"Feature","geometry":{"type":"MultiLineString","coordinates":[[[100.226609,14.0250727],[100.2274294,14.0250701],[100.2309646,14.0265066],[100.2328064,14.0269375],[100.2358086,14.0264493],[100.2399553,14.0234463],[100.242482,14.0230924],[100.2452554,14.0219811],[100.2465911,14.0220307],[100.2500941,14.0232173],[100.2616757,14.0123653]],[[100.3500224,13.9538667],[100.3562492,13.9498812]],[[100.3562492,13.9498812],[100.3954215,13.9247845],[100.4004158,13.9219041],[100.4064778,13.918992]],[[100.4152457,13.9170773],[100.4194487,13.9173117],[100.4214816,13.917874],[100.424863,13.9176866]],[[100.4064778,13.918992],[100.4105331,13.9175835],[100.4148005,13.9170786]],[[100.2902316,13.992612],[100.310237,13.9796046]],[[100.310237,13.9796046],[100.3139292,13.9772562]],[[100.3139292,13.9772562],[100.3500224,13.9538667]],[[100.1740608,14.0272835],[100.2028389,14.0262672],[100.2094157,14.0265534],[100.215989,14.0261641],[100.2197468,14.0267813],[100.2221055,14.0268344],[100.2238388,14.0264587],[100.226609,14.0250727]],[[100.2616757,14.0123653],[100.2632164,14.010998]],[[100.2632164,14.010998],[100.2671476,14.0075043],[100.2902316,13.992612]],[[100.4148005,13.9170786],[100.4152457,13.9170773]]]},"properties":{"key":"Khlong Phra Phimon","name":"Khlong Phra Phimon","name_th":"คลองพระพิมล","waterway":"canal","length_km":31,"risk":null,"risk_type":null,"note":null,"note_th":null,"curated":false}},{"type":"Feature","geometry":{"type":"MultiLineString","coordinates":[[[100.6256372,13.5364737],[100.6413224,13.5252081],[100.6811714,13.516191],[100.6821001,13.5169287],[100.6830535,13.5168631]],[[100.6830535,13.5168631],[100.6838835,13.5164466],[100.6847751,13.5153938],[100.7062617,13.5105811],[100.7699501,13.501424],[100.7733818,13.5018978],[100.7757706,13.5032299],[100.7823324,13.5094783],[100.783007,13.5107909]],[[100.783007,13.5107909],[100.786861,13.5130705]],[[100.786861,13.5130705],[100.7881586,13.5132173],[100.7912701,13.5127435],[100.8036268,13.5105027],[100.8061109,13.5106947],[100.807942,13.5118856],[100.8139475,13.5193252],[100.8148054,13.5197734],[100.8166109,13.5202728],[100.8178658,13.5202856],[100.8247055,13.5191333]],[[100.6109248,13.5924087],[100.6110806,13.5917832],[100.6104876,13.5899029],[100.6052605,13.5759284],[100.6052176,13.5740762],[100.6214103,13.5399794],[100.6256372,13.5364737]],[[100.6107708,13.5928677],[100.6109248,13.5924087]]]},"properties":{"key":"Khlong Mai","name":"Khlong Mai","name_th":"คลองใหม่","waterway":"canal","length_km":30.3,"risk":null,"risk_type":null,"note":null,"note_th":null,"curated":false}},{"type":"Feature","geometry":{"type":"MultiLineString","coordinates":[[[100.7316082,14.1998735],[100.73174,14.0926771],[100.732198,14.0350752]],[[100.7323045,14.0188154],[100.7322531,14.0148421],[100.7306189,14.002663],[100.7295741,13.9863301],[100.7280777,13.9703761],[100.7258169,13.9321234]],[[100.732198,14.0350752],[100.7322016,14.034584]],[[100.7322016,14.034584],[100.7323045,14.0188154]]]},"properties":{"key":"Khlong Hok","name":"Khlong Hok","name_th":"คลองหก","waterway":"canal","length_km":29.8,"risk":null,"risk_type":null,"note":null,"note_th":null,"curated":false}},{"type":"Feature","geometry":{"type":"MultiLineString","coordinates":[[[100.6397021,13.9322136],[100.6357059,13.9246861],[100.625162,13.9066939]],[[100.625162,13.9066939],[100.6162182,13.9030867],[100.6111126,13.8998493]],[[100.6412519,14.1543946],[100.6423634,13.9896314]],[[100.6397807,13.9373707],[100.6397021,13.9322136]],[[100.6405084,13.9570434],[100.6397807,13.9373707]],[[100.6423634,13.9896314],[100.6405084,13.9570434]]]},"properties":{"key":"Khlong Song","name":"Khlong Song","name_th":"คลองสอง","waterway":"canal","length_km":29.7,"risk":null,"risk_type":null,"note":null,"note_th":null,"curated":false}},{"type":"Feature","geometry":{"type":"MultiLineString","coordinates":[[[100.4053505,13.9700729],[100.4058655,13.9687506],[100.4092558,13.9643049],[100.4247688,13.9518005]],[[100.3415922,14.101018],[100.3414529,14.0972922],[100.3406585,14.0938638],[100.3380004,14.0858391],[100.3351819,14.0786421],[100.3323873,14.0668355],[100.3318718,14.0624697],[100.3317111,14.0557907],[100.3337869,14.0462196],[100.3369557,14.0370635],[100.3415048,14.0281039],[100.3430862,14.0237018],[100.3451803,14.0192244],[100.3545116,14.0027264]],[[100.3805016,13.9888187],[100.3851272,13.9878442]],[[100.3545116,14.0027264],[100.3562029,14.0007137]],[[100.3970423,13.9846379],[100.3987631,13.9812543],[100.4005569,13.979655],[100.4028333,13.9761824],[100.4053505,13.9700729]],[[100.3562029,14.0007137],[100.3612185,13.9944441],[100.3647655,13.9922324],[100.3805016,13.9888187]],[[100.4247688,13.9518005],[100.432714,13.9451097],[100.438278,13.9411113]],[[100.3504926,14.1559378],[100.3468676,14.1241945],[100.3448072,14.1169226]],[[100.3851272,13.9878442],[100.3953361,13.9856032],[100.3970423,13.9846379]],[[100.3446515,14.1164652],[100.3423861,14.1074482],[100.3415922,14.101018]],[[100.3448072,14.1169226],[100.3446515,14.1164652]]]},"properties":{"key":"Khlong Lak Khon","name":"Khlong Lak Khon","name_th":"คลองลากค้อน","waterway":"canal","length_km":29.7,"risk":null,"risk_type":null,"note":null,"note_th":null,"curated":false}},{"type":"Feature","geometry":{"type":"MultiLineString","coordinates":[[[100.469703,13.9392399],[100.4696871,13.9401778],[100.4691569,13.9412277],[100.4689315,13.9435132],[100.4678866,13.9448097],[100.4682786,13.9488682],[100.4677467,13.952664],[100.4671484,13.9543975],[100.466024,13.9557885],[100.4657319,13.9580992],[100.4644448,13.9597951],[100.463595,13.9602032]],[[100.4870403,14.149091],[100.4876411,14.1453561],[100.4863214,14.1431921],[100.4849911,14.1417044],[100.4846155,14.1403727],[100.4835003,14.1395196],[100.4833608,14.1382191],[100.4823201,14.1376781],[100.4783025,14.1314286],[100.4780456,14.1287864],[100.4768356,14.1274799],[100.4729109,14.1172024],[100.4702242,14.1125742]],[[100.4521399,14.0872554],[100.4509604,14.0768173]],[[100.4798899,13.9164144],[100.4818825,13.9186352],[100.4824461,13.9227955],[100.4814907,13.9241084],[100.4799052,13.9250183],[100.4783579,13.9265827],[100.4782807,13.9273575],[100.4770876,13.9293068],[100.4753367,13.9305814],[100.4754311,13.9322309],[100.4748535,13.9341174],[100.4725863,13.937839],[100.4710881,13.9388703]],[[100.4710881,13.9388703],[100.469703,13.9392399]],[[100.4377632,13.9791491],[100.4526227,13.9679382]],[[100.4526227,13.9679382],[100.455562,13.9658564],[100.4588765,13.9621182]],[[100.4509604,14.0768173],[100.4465819,14.0460119],[100.4462922,14.0448983],[100.4434878,14.0404144]],[[100.4434878,14.0404144],[100.4430092,14.036135],[100.4432667,14.0246333],[100.4425976,14.0188625]],[[100.4425976,14.0188625],[100.4422674,14.0167005]],[[100.4422674,14.0167005],[100.4392111,13.9956661]],[[100.4392111,13.9956661],[100.437044,13.9811195],[100.4371942,13.9800575],[100.4377632,13.9791491]],[[100.4702242,14.1125742],[100.4695654,14.111583]],[[100.4695654,14.111583],[100.4644888,14.1057464],[100.4521399,14.0872554]],[[100.463595,13.9602032],[100.4617632,13.9605672],[100.4593492,13.9616501],[100.4588765,13.9621182]]]},"properties":{"key":"Khlong Phra Udom","name":"Khlong Phra Udom","name_th":"คลองพระอุดม","waterway":"river","length_km":29.6,"risk":null,"risk_type":null,"note":null,"note_th":null,"curated":false}},{"type":"Feature","geometry":{"type":"MultiLineString","coordinates":[[[100.2125606,13.6441372],[100.2076047,13.6427225],[100.2060752,13.6420262],[100.1981973,13.6375807],[100.1208629,13.5967831],[100.0395406,13.5561537],[100.0270364,13.5506213],[99.9733913,13.5285369]]]},"properties":{"key":"Khlong Damnoen Saduak","name":"Khlong Damnoen Saduak","name_th":"คลองดำเนินสะดวก","waterway":"canal","length_km":28.9,"risk":null,"risk_type":null,"note":null,"note_th":null,"curated":false}},{"type":"Feature","geometry":{"type":"MultiLineString","coordinates":[[[100.7099138,14.1896391],[100.7098399,14.0255427]],[[100.7062463,13.9940335],[100.7056315,13.988648],[100.7058859,13.9727154],[100.7065626,13.9707175],[100.7057781,13.9644017],[100.7054958,13.9556548],[100.7060453,13.9315328]],[[100.7098399,14.0255427],[100.7099165,14.0094032]],[[100.7063677,13.9948925],[100.7062463,13.9940335]],[[100.7099165,14.0094032],[100.7069132,13.998752],[100.7063677,13.9948925]]]},"properties":{"key":"Khlong Ha","name":"Khlong Ha","name_th":"คลองห้า","waterway":"canal","length_km":28.8,"risk":null,"risk_type":null,"note":null,"note_th":null,"curated":false}},{"type":"Feature","geometry":{"type":"MultiLineString","coordinates":[[[100.0786744,13.4951964],[100.0809871,13.4961395],[100.0824247,13.4960978],[100.0834762,13.4970993],[100.0845276,13.4970993],[100.1061276,13.5030169],[100.1077493,13.5020105],[100.1100683,13.5017479],[100.1125874,13.5005291],[100.1149899,13.5001329],[100.1171783,13.498635],[100.1201019,13.4980174],[100.1226125,13.4964966],[100.1250554,13.4963119],[100.1287948,13.494512],[100.1331077,13.4934462],[100.136995,13.4915103],[100.1378128,13.4902297],[100.1379756,13.489129],[100.1390945,13.4888784],[100.1399934,13.4897372],[100.1411329,13.4944494],[100.142905,13.4966567],[100.144002,13.4987713],[100.1448778,13.498678],[100.1475428,13.4970046],[100.150622,13.4969383],[100.1526412,13.4965114],[100.1552475,13.4935698],[100.155943,13.4933241],[100.1566034,13.4934973],[100.1576449,13.4980482],[100.1592338,13.5018746],[100.160113,13.5023957],[100.1624962,13.5020319],[100.1633671,13.5028764],[100.1633827,13.5040771],[100.1622005,13.5066827],[100.1624859,13.5073824],[100.1629346,13.5076664],[100.1638576,13.50765],[100.1645088,13.5072267],[100.1651845,13.5050287],[100.1660339,13.5046521],[100.1669644,13.5052149],[100.1668756,13.5074883],[100.167245,13.5080647],[100.1685021,13.5084872],[100.1708506,13.5082217],[100.1724047,13.5074497],[100.1729135,13.50666],[100.173354,13.5047307],[100.1746956,13.5039604],[100.1760828,13.5045217],[100.1773727,13.5066937],[100.1783088,13.5068269],[100.1790384,13.5061968],[100.1794394,13.5045137],[100.179879,13.503828],[100.1812561,13.5032563],[100.1828536,13.5032508],[100.1836144,13.5041626],[100.1838882,13.5054714],[100.1835231,13.5074459],[100.1824379,13.5099563],[100.1826693,13.51115],[100.1861214,13.5123319],[100.187114,13.5129273],[100.1891909,13.5159252],[100.1907822,13.5159278],[100.1938086,13.514169],[100.1952232,13.5142936],[100.1964485,13.5154763],[100.198213,13.5188924],[100.1997196,13.5196333],[100.2032363,13.5192508],[100.2037427,13.5198568],[100.2043813,13.5221939],[100.2051774,13.5226048],[100.2061229,13.522259],[100.2080538,13.5202991],[100.2098955,13.5191393],[100.2111568,13.5188884],[100.2132417,13.5193257],[100.2141831,13.5204273],[100.2141279,13.5219094],[100.2125638,13.5235257],[100.2117893,13.5247861],[100.2116937,13.5260422],[100.2121748,13.5273552],[100.2133256,13.5285039],[100.2147086,13.5293614],[100.2172392,13.5299107],[100.2186547,13.5294684],[100.2195748,13.5285871],[100.2200469,13.5272592],[100.2203081,13.5248809],[100.2211527,13.5240372],[100.2230072,13.5241614],[100.2274874,13.5293061],[100.2320513,13.5325423],[100.2327428,13.5338423],[100.2334929,13.537597],[100.2347688,13.5387517],[100.2371264,13.5385843],[100.2385897,13.5376913],[100.2395802,13.536624],[100.2399524,13.5360422],[100.2400713,13.534705],[100.2393704,13.5313058],[100.239958,13.5308105],[100.2406094,13.5308672],[100.2420827,13.5318286],[100.2475706,13.5366242],[100.2497325,13.5374607]]]},"properties":{"key":"Khlong Sunak Hon","name":"Khlong Sunak Hon","name_th":"คลองสุนัขหอน","waterway":"canal","length_km":28.3,"risk":null,"risk_type":null,"note":null,"note_th":null,"curated":false}},{"type":"Feature","geometry":{"type":"MultiLineString","coordinates":[[[100.9374102,14.0920586],[100.9353457,13.9641125]],[[100.9244586,13.8447101],[100.9241334,13.8595216],[100.9246128,13.8621859],[100.9243163,13.8645194],[100.9246633,13.8714524],[100.9351937,13.9487165],[100.9353457,13.9641125]]]},"properties":{"key":"Khlong Sip Ha","name":"Khlong Sip Ha","name_th":"คลองสิบห้า","waterway":"canal","length_km":27.6,"risk":null,"risk_type":null,"note":null,"note_th":null,"curated":false}},{"type":"Feature","geometry":{"type":"MultiLineString","coordinates":[[[100.6872954,13.9834179],[100.6863816,13.9309226]],[[100.687411,14.0159453],[100.6874138,14.0150137]],[[100.6874138,14.0150137],[100.6874919,13.9998376]],[[100.6874919,13.9998376],[100.6873209,13.9845491]],[[100.6873209,13.9845491],[100.6872954,13.9834179]],[[100.6863167,14.1781297],[100.687411,14.0159453]]]},"properties":{"key":"Khlong Si","name":"Khlong Si","name_th":"คลองสี่","waterway":"canal","length_km":27.5,"risk":null,"risk_type":null,"note":null,"note_th":null,"curated":false}},{"type":"Feature","geometry":{"type":"MultiLineString","coordinates":[[[100.4583332,13.7186456],[100.3761855,13.6898256],[100.3528662,13.6821099],[100.33759,13.6773767]],[[100.4704801,13.7230272],[100.4583332,13.7186456]],[[100.3360435,13.6769534],[100.33759,13.6773767]],[[100.3360435,13.6769534],[100.2814177,13.6607131],[100.2309859,13.6444534]]]},"properties":{"key":"Khlong Phasi Charoen","name":"Khlong Phasi Charoen","name_th":"คลองภาษีเจริญ","waterway":"canal","length_km":27.3,"risk":3,"risk_type":"mixed","note":"Long Thonburi waterway linking Khlong Bangkok Yai (Chao Phraya side) with the Tha Chin River at Krathum Baen, Samut Sakhon. The flow direction is not fixed — the outer/inner Phasi Charoen gates at the two ends plus the tide decide whether water drains west to the Tha Chin or east to the Chao Phraya. The district flooded badly in 2011.","note_th":"ทางน้ำธนบุรีสายยาว เชื่อมคลองบางกอกใหญ่ (ฝั่งเจ้าพระยา) กับแม่น้ำท่าจีนที่กระทุ่มแบน สมุทรสาคร ทิศไหลไม่ตายตัว — ประตูน้ำภาษีเจริญตอนนอก/ตอนในที่สองปลายคลองกับจังหวะน้ำขึ้นน้ำลงเป็นตัวตัดสินว่าระบายตะวันตกออกท่าจีนหรือตะวันออกออกเจ้าพระยา เขตนี้ท่วมหนักปี 2554","curated":true}},{"type":"Feature","geometry":{"type":"MultiLineString","coordinates":[[[100.2236474,13.8115485],[100.2990655,13.8057627],[100.3278772,13.8041844]],[[100.3278772,13.8041844],[100.3416789,13.8034898],[100.370776,13.8026197]],[[100.4391806,13.7995798],[100.458854,13.7982595],[100.4640039,13.797215],[100.4653263,13.7966926]],[[100.4152199,13.8011558],[100.4261678,13.8004993]],[[100.4261678,13.8004993],[100.4391806,13.7995798]],[[100.3988065,13.801814],[100.4101578,13.8013185]],[[100.4110419,13.8013016],[100.4152199,13.8011558]],[[100.4653263,13.7966926],[100.4697246,13.7947587]],[[100.4101578,13.8013185],[100.4110419,13.8013016]],[[100.3737869,13.8025276],[100.3988065,13.801814]],[[100.370776,13.8026197],[100.3737869,13.8025276]]]},"properties":{"key":"Khlong Maha Sawat","name":"Khlong Maha Sawat","name_th":"คลองมหาสวัสดิ์","waterway":"canal","length_km":26.7,"risk":2,"risk_type":"mixed","note":"Historic Rama V irrigation canal linking the Tha Chin lowlands to the western Bangkok network. Irrigation gates at both heads — Chimpli on the Chao Phraya side, Maha Sawat on the Tha Chin side — manage the exchange between the two rivers as part of the flood-relief landscape on the city's western approach.","note_th":"คลองชลประทานสมัยรัชกาลที่ 5 เชื่อมที่ลุ่มท่าจีนเข้ากับเครือข่ายคลองฝั่งตะวันตกของกรุงเทพฯ หัวคลองสองปลายมีประตูน้ำฉิมพลี (ฝั่งเจ้าพระยา) และประตูน้ำมหาสวัสดิ์ (ฝั่งท่าจีน) ที่การชลประทานบริหาร — ทิศไหลระหว่างสองแม่น้ำตามการทำงานชลประทาน เป็นส่วนหนึ่งของระบบบรรเทาน้ำท่วมทางเข้าเมืองฝั่งตะวันตก","curated":true}},{"type":"Feature","geometry":{"type":"MultiLineString","coordinates":[[[100.42778,13.6875673],[100.4295706,13.6733999],[100.4301946,13.6661157],[100.4316151,13.6620264],[100.433943,13.6520857],[100.4387779,13.6291602]],[[100.4249406,13.7290205],[100.4254656,13.7230581],[100.4259059,13.7122679]],[[100.4247576,13.7321352],[100.4249406,13.7290205]],[[100.4259059,13.7122679],[100.426537,13.7010714]],[[100.426537,13.7010714],[100.4265977,13.6951742],[100.42778,13.6875673]],[[100.4242364,13.7435309],[100.4247576,13.7321352]],[[100.4242364,13.7435309],[100.4265126,13.7020649],[100.4265977,13.6951742],[100.4289556,13.6786275],[100.4301946,13.6661157],[100.4316151,13.6620264],[100.432629,13.6577416],[100.4398627,13.6246335]]]},"properties":{"key":"Khlong Ratchamontri","name":"Khlong Ratchamontri","name_th":"คลองราชมนตรี","waterway":"canal","length_km":26.3,"risk":null,"risk_type":null,"note":null,"note_th":null,"curated":false}},{"type":"Feature","geometry":{"type":"MultiLineString","coordinates":[[[100.6635229,13.9792377],[100.6625687,13.9304317]],[[100.6640161,14.0098019],[100.6640504,13.9947002]],[[100.6635282,13.9794318],[100.6635229,13.9792377]],[[100.6640504,13.9947002],[100.6635282,13.9794318]],[[100.6628666,14.1657308],[100.6640161,14.0098019]]]},"properties":{"key":"Khlong Sam","name":"Khlong Sam","name_th":"คลองสาม","waterway":"canal","length_km":26.2,"risk":null,"risk_type":null,"note":null,"note_th":null,"curated":false}},{"type":"Feature","geometry":{"type":"MultiLineString","coordinates":[[[100.5189569,14.0042895],[100.5196879,14.0034264],[100.5197394,14.0028018],[100.5204003,14.0022688],[100.5201943,14.001436],[100.5208295,14.0007031],[100.5203746,13.9998953],[100.5212243,13.9980631],[100.5208467,13.9974968],[100.5210956,13.9970803],[100.5221169,13.9969721],[100.5223074,13.9961491],[100.5227778,13.9958977],[100.5233615,13.9960726],[100.524031,13.9953481],[100.5252498,13.9953564],[100.5252069,13.9942654],[100.5260823,13.9941155],[100.5266345,13.9934748],[100.5272582,13.9934992],[100.5279449,13.9931161],[100.5276959,13.9917003],[100.5295033,13.990445]],[[100.4896194,14.0260059],[100.4511793,14.0459187],[100.4433472,14.0492076],[100.4404542,14.0524128],[100.4400806,14.0547444],[100.4370357,14.0593372],[100.4329949,14.066419],[100.4246538,14.0755143],[100.4229538,14.0777346],[100.4158009,14.0820663],[100.3952852,14.0956858],[100.3889665,14.098166],[100.3860659,14.0989381],[100.3785869,14.1017036],[100.376051,14.1023184],[100.3601113,14.1023926],[100.3535286,14.1031478],[100.3421213,14.1058325]],[[100.5171438,14.0069781],[100.5189569,14.0042895]],[[100.5135993,14.0136047],[100.5139909,14.0129645],[100.513889,14.0117934],[100.5146025,14.0111532],[100.5159114,14.0078325],[100.5171438,14.0069781]],[[100.5135993,14.0136047],[100.4896194,14.0260059]]]},"properties":{"key":"Khlong Bang Luang","name":"Khlong Bang Luang","name_th":"คลองบางหลวง","waterway":"river","length_km":25.7,"risk":null,"risk_type":null,"note":null,"note_th":null,"curated":false}},{"type":"Feature","geometry":{"type":"MultiLineString","coordinates":[[[101.0567427,13.8476694],[101.0565164,13.8472127],[101.0492554,13.8410385],[101.0400009,13.8321934],[101.0201798,13.8122173],[101.015909,13.8041002],[100.9794113,13.7638174],[100.9597926,13.7403071],[100.9547153,13.7362737],[100.9322907,13.7115449]],[[100.9322907,13.7115449],[100.9027063,13.6812114]]]},"properties":{"key":"Khlong Khwang","name":"Khlong Khwang","name_th":"คลองขวาง","waterway":"canal","length_km":25,"risk":null,"risk_type":null,"note":null,"note_th":null,"curated":false}},{"type":"Feature","geometry":{"type":"MultiLineString","coordinates":[[[100.6225904,14.1446238],[100.6197289,14.1431055]],[[100.8231256,14.2455593],[100.8225367,14.2439885],[100.8212008,14.2425134],[100.8003956,14.2325698]],[[100.7318064,14.1999688],[100.720867,14.1946398]],[[100.7551769,14.2111236],[100.7433889,14.2055383]],[[100.7779936,14.2219348],[100.7551769,14.2111236]],[[100.671322,14.170179],[100.6524608,14.1602311]],[[100.7433889,14.2055383],[100.7318064,14.1999688]],[[100.720867,14.1946398],[100.6986898,14.1842913]],[[100.6986898,14.1842913],[100.6913128,14.1807132],[100.6743851,14.1717904]],[[100.6743851,14.1717904],[100.671322,14.170179]],[[100.6524608,14.1602311],[100.6309777,14.1489968]],[[100.6309777,14.1489968],[100.6225904,14.1446238]],[[100.8003956,14.2325698],[100.7779936,14.2219348]]]},"properties":{"key":"Khlong Raphiphat Yaek Tok","name":"Khlong Raphiphat Yaek Tok","name_th":"คลองระพีพัฒน์แยกตก","waterway":"canal","length_km":24.8,"risk":null,"risk_type":null,"note":null,"note_th":null,"curated":false}},{"type":"Feature","geometry":{"type":"MultiLineString","coordinates":[[[100.3191745,13.822545],[100.3267411,13.8065973]],[[100.2968693,13.8695774],[100.3134426,13.8347658]],[[100.2654043,13.920624],[100.2725952,13.9163114],[100.2751057,13.9143536],[100.2778308,13.9095319],[100.2860138,13.8923476]],[[100.2079799,13.9548424],[100.2654043,13.920624]],[[100.3134426,13.8347658],[100.3191745,13.822545]],[[100.2948191,13.8738312],[100.2968693,13.8695774]],[[100.2860138,13.8923476],[100.2948191,13.8738312]],[[100.3267411,13.8065973],[100.3278772,13.8041844]]]},"properties":{"key":"Khlong Naraphirom","name":"Khlong Naraphirom","name_th":"คลองนราภิรมย์","waterway":"canal","length_km":22,"risk":null,"risk_type":null,"note":null,"note_th":null,"curated":false}},{"type":"Feature","geometry":{"type":"MultiLineString","coordinates":[[[100.8914288,13.8508508],[100.9077202,13.8381544]],[[100.9077202,13.8381544],[100.9386039,13.8143019]],[[100.9443536,13.8098721],[101.0502723,13.728127]],[[100.9386039,13.8143019],[100.9443536,13.8098721]]]},"properties":{"key":"Khlong Nakhon Nueang Khet","name":"Khlong Nakhon Nueang Khet","name_th":"คลองนครเนื่องเขต","waterway":"canal","length_km":21.9,"risk":null,"risk_type":null,"note":null,"note_th":null,"curated":false}},{"type":"Feature","geometry":{"type":"MultiLineString","coordinates":[[[100.4486859,13.6753637],[100.4484645,13.6736351],[100.448824,13.6723716],[100.4475423,13.6708671],[100.446886,13.667457],[100.4470445,13.6664418],[100.4454803,13.6649683],[100.4462066,13.66366],[100.4451149,13.6627156],[100.4458203,13.6610363],[100.4455414,13.6606088],[100.4449406,13.6604264],[100.4447957,13.6598947],[100.4453497,13.6583265],[100.445198,13.6569339],[100.4462173,13.6560894],[100.4453107,13.6555004],[100.4453509,13.655047]],[[100.4488011,13.6295266],[100.4483133,13.6299078],[100.4477996,13.6318279],[100.447412,13.6319389],[100.4468018,13.6315933],[100.4465818,13.6310902],[100.4469386,13.6302014],[100.4468367,13.629772],[100.4454929,13.6301232],[100.4449339,13.6291461],[100.4443405,13.6289891],[100.4428587,13.6294985],[100.4418531,13.6283819],[100.4401848,13.628086],[100.4397085,13.6270706],[100.4402346,13.6256734],[100.4400372,13.6248576],[100.4386452,13.6239036],[100.4372156,13.6243415],[100.4365301,13.6241221],[100.4360542,13.6232623],[100.4367757,13.6220176],[100.4361306,13.6210747],[100.4353863,13.620984],[100.4350899,13.6221531],[100.4345803,13.622303],[100.4338795,13.6203529],[100.4301493,13.6186131],[100.4291421,13.6171103],[100.4265903,13.6162983],[100.4260555,13.6147188]],[[100.4453509,13.655047],[100.4456998,13.6547288],[100.4467191,13.6546355],[100.446065,13.6532602],[100.4469028,13.6522158],[100.4467413,13.6510389],[100.4470379,13.6500437],[100.4461929,13.6492254],[100.4463809,13.6487411],[100.4469399,13.6483822],[100.4468792,13.6469312],[100.4472081,13.6456623],[100.4464155,13.6443239],[100.4474898,13.6434624],[100.4475461,13.6418855],[100.4468782,13.6414111],[100.446728,13.640822],[100.447516,13.6397444],[100.4478103,13.6375286],[100.447752,13.6368511],[100.4472738,13.6362592],[100.4473221,13.6357352],[100.4481965,13.6345388],[100.4479626,13.6339359],[100.4472873,13.6335118],[100.4472336,13.6330643],[100.4493016,13.6306002],[100.4493096,13.6301492],[100.4488011,13.6295266]],[[100.4260555,13.6147188],[100.4222437,13.612858],[100.4200619,13.6104398],[100.4172535,13.6092326],[100.4131199,13.6058221],[100.4109023,13.6050567],[100.4101369,13.6043894],[100.4096463,13.6031138],[100.4065848,13.6017204],[100.4023654,13.5984627],[100.4006943,13.596714],[100.3995002,13.5965787],[100.3992058,13.5961665],[100.3999123,13.5950871],[100.399873,13.5939881],[100.3993628,13.593733],[100.3987544,13.5938311],[100.3975413,13.5948357],[100.3968054,13.594897],[100.3961614,13.5929652],[100.3954581,13.5924976],[100.3946375,13.5924171]],[[100.4486276,13.6816292],[100.4483523,13.6795248],[100.4488083,13.6773305],[100.4486859,13.6753637]],[[100.4637103,13.698433],[100.4618897,13.6963068],[100.4586178,13.6909089],[100.4580467,13.6892151],[100.4566172,13.6880295],[100.4556506,13.687597],[100.4548372,13.6860915],[100.4536363,13.6849612],[100.4515978,13.6847422],[100.4496988,13.6824854],[100.4486276,13.6816292]],[[100.3946375,13.5924171],[100.3899042,13.5911189],[100.3843336,13.5890006]]]},"properties":{"key":"Khlong Sanam Chai","name":"Khlong Sanam Chai","name_th":"คลองสนามชัย","waterway":"river","length_km":19.9,"risk":null,"risk_type":null,"note":null,"note_th":null,"curated":false}},{"type":"Feature","geometry":{"type":"MultiLineString","coordinates":[[[100.3018979,14.0843056],[100.3022001,14.0635022]],[[100.2975959,14.1425535],[100.2974993,14.1414856],[100.2977622,14.1406689]],[[100.3018443,14.1065842],[100.3020484,14.1007775],[100.3018979,14.0843056]],[[100.2981967,14.1377766],[100.3002188,14.1243037],[100.3010879,14.1149551]],[[100.3010879,14.1149551],[100.3018443,14.1065842]],[[100.3019092,14.0289723],[100.2964874,14.0105752],[100.2902316,13.992612]],[[100.2988259,14.1669112],[100.2989755,14.1533466],[100.2993403,14.1507666],[100.2975959,14.1425535]],[[100.3022001,14.0635022],[100.3023948,14.0380866]],[[100.3023948,14.0380866],[100.3019092,14.0289723]],[[100.2977622,14.1406689],[100.2978671,14.1400028]],[[100.2978671,14.1400028],[100.2981967,14.1377766]]]},"properties":{"key":"Khlong Khun Si","name":"Khlong Khun Si","name_th":"คลองขุนศรี","waterway":"canal","length_km":19.6,"risk":null,"risk_type":null,"note":null,"note_th":null,"curated":false}},{"type":"Feature","geometry":{"type":"MultiLineString","coordinates":[[[100.4069807,13.518582],[100.4324835,13.533193],[100.4466026,13.5408909]],[[100.2753704,13.5142956],[100.2774379,13.5151601],[100.2796304,13.5133729],[100.2816662,13.513013],[100.3942261,13.5138979],[100.39746,13.5141966],[100.3995899,13.5147921],[100.4066161,13.5183703]],[[100.4066161,13.5183703],[100.4069807,13.518582]]]},"properties":{"key":"Khlong Phitthayalongkon","name":"Khlong Phitthayalongkon","name_th":"คลองพิทยาลงกรณ์","waterway":"canal","length_km":19.4,"risk":null,"risk_type":null,"note":null,"note_th":null,"curated":false}},{"type":"Feature","geometry":{"type":"MultiLineString","coordinates":[[[100.1896556,14.344319],[100.1887683,14.3389315],[100.1882801,14.3382982],[100.1836966,14.3247852],[100.1770423,14.3065253],[100.1763958,14.3036515],[100.1771085,14.3015685],[100.2039151,14.2526693],[100.2098392,14.1791244]]]},"properties":{"key":"Sai 1 Irrigation Canal","name":"Sai 1 Irrigation Canal","name_th":"คลองส่งน้ำสาย 1","waterway":"canal","length_km":19.4,"risk":null,"risk_type":null,"note":null,"note_th":null,"curated":false}},{"type":"Feature","geometry":{"type":"MultiLineString","coordinates":[[[100.8125666,14.0642387],[100.8113742,14.2375019]],[[100.8112891,14.2376923],[100.8112582,14.2377615]],[[100.8113742,14.2375019],[100.8112891,14.2376923]]]},"properties":{"key":"1L Irrigation Canal","name":"1L Irrigation Canal","name_th":"คลองส่งน้ำ 1 ซ้าย","waterway":"canal","length_km":19.3,"risk":null,"risk_type":null,"note":null,"note_th":null,"curated":false}},{"type":"Feature","geometry":{"type":"MultiLineString","coordinates":[[[100.7896114,14.1605048],[100.7891853,14.2268651]],[[100.7900226,14.0565554],[100.7897457,14.1243812]],[[100.7891853,14.2268651],[100.789034,14.227125]],[[100.789034,14.227125],[100.789001,14.2271816]],[[100.7897457,14.1243812],[100.7897311,14.128385]],[[100.7897311,14.128385],[100.7896114,14.1605048]]]},"properties":{"key":"2L Irrigation Canal","name":"2L Irrigation Canal","name_th":"คลองส่งน้ำ 2 ซ้าย","waterway":"canal","length_km":19,"risk":null,"risk_type":null,"note":null,"note_th":null,"curated":false}},{"type":"Feature","geometry":{"type":"MultiLineString","coordinates":[[[100.6732329,14.204717],[100.6194914,14.176289]],[[100.7316885,14.2325618],[100.7168629,14.2255065]],[[100.7143807,14.224348],[100.6800759,14.208348],[100.6732329,14.204717]],[[100.776232,14.2537898],[100.7364305,14.2348218]],[[100.7168629,14.2255065],[100.7143807,14.224348]],[[100.7364305,14.2348218],[100.7316885,14.2325618]]]},"properties":{"key":"Khlong Yi Sip Hok","name":"Khlong Yi Sip Hok","name_th":"คลองยี่สิบหก","waterway":"canal","length_km":19,"risk":null,"risk_type":null,"note":null,"note_th":null,"curated":false}},{"type":"Feature","geometry":{"type":"MultiLineString","coordinates":[[[100.7664101,14.2163459],[100.7664787,14.2161983]],[[100.7663713,14.2164293],[100.7664101,14.2163459]],[[100.7664787,14.2161983],[100.7670338,14.1199388]],[[100.7670338,14.1199388],[100.7670524,14.1158035]],[[100.7670524,14.1158035],[100.7673633,14.048786]]]},"properties":{"key":"3L Irrigation Canal","name":"3L Irrigation Canal","name_th":"คลองส่งน้ำ 3 ซ้าย","waterway":"canal","length_km":18.6,"risk":null,"risk_type":null,"note":null,"note_th":null,"curated":false}},{"type":"Feature","geometry":{"type":"MultiLineString","coordinates":[[[100.2431529,14.2420058],[100.24352,14.2049263],[100.2439866,14.1871102],[100.244353,14.1810066],[100.2459513,14.1738123]],[[100.2420221,14.3377393],[100.2418432,14.3351099],[100.24209,14.3127756],[100.2431529,14.2420058]]]},"properties":{"key":"Khlong Yipun Nuea","name":"Khlong Yipun Nuea","name_th":"คลองญี่ปุ่นเหนือ","waterway":"canal","length_km":18.3,"risk":null,"risk_type":null,"note":null,"note_th":null,"curated":false}},{"type":"Feature","geometry":{"type":"MultiLineString","coordinates":[[[100.7433889,14.2055383],[100.7436641,14.2040254],[100.7437893,14.0810685],[100.7441687,14.0406445]]]},"properties":{"key":"4L Irrigation Canal","name":"4L Irrigation Canal","name_th":"คลองส่งน้ำ 4 ซ้าย","waterway":"canal","length_km":18.3,"risk":null,"risk_type":null,"note":null,"note_th":null,"curated":false}},{"type":"Feature","geometry":{"type":"MultiLineString","coordinates":[[[100.5611272,13.5995368],[100.5588324,13.5974663],[100.5580562,13.5947631],[100.5581613,13.5935451],[100.5588404,13.5929557],[100.5597095,13.5930736],[100.5611325,13.5947003],[100.562143,13.5949006],[100.5631658,13.5942445],[100.5635377,13.5930932],[100.5628424,13.5922249],[100.560991,13.5919852],[100.5602431,13.5915962],[100.5599885,13.5906415],[100.5605504,13.5881386],[100.5602957,13.5872741],[100.5591557,13.5873134],[100.5571063,13.5890109],[100.5572195,13.5895767],[100.5582098,13.590225],[100.5582826,13.5911051],[100.5574499,13.5918359],[100.5566171,13.5920088],[100.5554368,13.5919342],[100.5548304,13.5913959],[100.5548911,13.5903271],[100.5561038,13.5895138],[100.5564312,13.5889401],[100.5559542,13.5876867],[100.5550366,13.5874942],[100.5543292,13.5879303],[100.5541634,13.5885708],[100.5545838,13.5899303],[100.5542887,13.5906493],[100.553553,13.5906729],[100.5513823,13.5897142],[100.5496764,13.5894666],[100.5481969,13.5886022],[100.5478371,13.5879893],[100.5477765,13.5869402],[100.5484839,13.5859107],[100.547154,13.5857732],[100.5464223,13.5848341],[100.5465396,13.5836317],[100.5478866,13.5827266],[100.5481038,13.5821209],[100.5467089,13.5805788],[100.5455284,13.5783672],[100.5446109,13.5782588],[100.5437219,13.5791729],[100.5437334,13.5798036],[100.5445509,13.5815429],[100.5441621,13.5820736],[100.543439,13.5822098],[100.5423556,13.5819958],[100.5413495,13.5812873],[100.541138,13.5804871],[100.5417096,13.5795786],[100.5417554,13.5788006],[100.5398231,13.576136],[100.5394315,13.575961],[100.5387083,13.576036],[100.5383768,13.5765389],[100.5382996,13.5790062],[100.5339206,13.5789812],[100.5337919,13.578445],[100.5344208,13.5759888],[100.5339949,13.575547],[100.5330402,13.5754358],[100.5327543,13.5751469],[100.5338365,13.5714403],[100.5337193,13.5708957],[100.5334449,13.5705901],[100.5325645,13.5704484],[100.5318556,13.5717376],[100.5306637,13.5724517],[100.5289144,13.5722961],[100.5264504,13.5728907],[100.5260874,13.5726545],[100.5259559,13.5720571],[100.5265019,13.5709763],[100.5265362,13.5701372],[100.5259215,13.5698128]],[[100.5259215,13.5698128],[100.5244273,13.5709216],[100.5231729,13.5724942],[100.5219224,13.5724448],[100.5214104,13.5717573]],[[100.5166204,13.5683137],[100.5171502,13.5664722],[100.5159485,13.565471],[100.5152726,13.5639379],[100.514704,13.5638961],[100.5141461,13.5646158],[100.5135131,13.5647305],[100.5126226,13.5637084],[100.5112064,13.5629783],[100.5126977,13.5616538],[100.5122042,13.5607881],[100.5117428,13.5607464],[100.5106485,13.5619875],[100.5103373,13.5619979],[100.5084705,13.55865],[100.5079663,13.5582745],[100.507462,13.5585666],[100.5071938,13.5597973],[100.5067423,13.560315]],[[100.5613628,13.5999768],[100.5611272,13.5995368]],[[100.5653056,13.6113609],[100.564491,13.6082095],[100.562612,13.6073084],[100.5619611,13.6066641],[100.562046,13.6057918],[100.5630607,13.6049589],[100.5632143,13.6042792],[100.5615448,13.6033048],[100.5613022,13.6026015],[100.5613628,13.5999768]],[[100.5177147,13.5690861],[100.5171394,13.5690066],[100.5166204,13.5683137]],[[100.5214104,13.5717573],[100.5225253,13.5703415],[100.5234909,13.5698409],[100.5236411,13.5693299],[100.5220211,13.5679115],[100.5208623,13.5677968],[100.5192637,13.5695176],[100.5177147,13.5690861]]]},"properties":{"key":"Khlong Bang Pla Kot","name":"Khlong Bang Pla Kot","name_th":"คลองบางปลากด","waterway":"river","length_km":18.2,"risk":null,"risk_type":null,"note":null,"note_th":null,"curated":false}},{"type":"Feature","geometry":{"type":"MultiLineString","coordinates":[[[100.0966605,13.584503],[100.0974926,13.5831307],[100.0986942,13.5832298],[100.1008936,13.5819783],[100.1010599,13.5811075],[100.1016983,13.5804818],[100.1018056,13.5782813],[100.1022618,13.5763102],[100.101897,13.5751943],[100.1019507,13.574214],[100.1012748,13.5724827],[100.1015215,13.5718361],[100.1014357,13.568676],[100.1008778,13.5678521],[100.1006847,13.5667153],[100.0993543,13.5665276],[100.0997406,13.5647128],[100.1001482,13.5645355],[100.1008885,13.5650153],[100.1039141,13.5639515],[100.1046973,13.5624705],[100.1075297,13.561198],[100.1083344,13.5593833],[100.1074653,13.5581525],[100.1103233,13.5542762],[100.1115912,13.5539745],[100.1121539,13.5535127],[100.1126833,13.5511748],[100.1140218,13.5502924],[100.1144783,13.5504622],[100.1151462,13.5513339],[100.1157692,13.5512577],[100.1164615,13.5483795],[100.1179684,13.5470663],[100.1178254,13.5463023],[100.1168574,13.5450027],[100.117198,13.5432676],[100.117771,13.5430759],[100.1190582,13.543912],[100.1199698,13.5422206],[100.1211406,13.5433784],[100.1215489,13.5432295],[100.1223133,13.5418355],[100.1229474,13.5418983],[100.1238003,13.5424947],[100.1244926,13.542418],[100.124937,13.5419192],[100.1251786,13.5408071],[100.1257902,13.5403377],[100.128011,13.5405776],[100.1300388,13.5395763],[100.1311546,13.5394928],[100.1324957,13.5400665],[100.1346525,13.5393489],[100.1350392,13.5390336],[100.1351028,13.5385436],[100.134166,13.537008],[100.1341633,13.5364688],[100.1347863,13.5360884],[100.1361137,13.5362762],[100.136328,13.5345496],[100.1369838,13.5342043],[100.1393836,13.5345801],[100.1414019,13.5359847],[100.1420982,13.5361552],[100.1441716,13.5354061],[100.1471349,13.5358703],[100.1481298,13.5339576],[100.1504835,13.5337403],[100.1515895,13.5342951],[100.1529449,13.5372189],[100.1535242,13.5377926],[100.1548117,13.53773],[100.1558309,13.5367808],[100.1565927,13.5365618],[100.1572149,13.5369477],[100.1581054,13.538262],[100.1588886,13.5384393],[100.1593071,13.5382411],[100.1607554,13.5357795],[100.1607769,13.5349346],[100.1600366,13.5343504],[100.1578801,13.5338915],[100.1576655,13.5335681],[100.1579016,13.5326711],[100.1588532,13.5322934],[100.1609316,13.5327935],[100.1622633,13.5325899],[100.1640293,13.5316302],[100.1655812,13.530161],[100.1659036,13.5292566],[100.1649083,13.5271824],[100.1650676,13.5260475],[100.1663481,13.5246948],[100.1684373,13.523283],[100.1700895,13.5215097],[100.1711731,13.5180464],[100.1738768,13.5130705],[100.1761019,13.5109648],[100.1765775,13.5070552],[100.1771364,13.5064203]]]},"properties":{"key":"คลองท่าแร้ง","name":"คลองท่าแร้ง","name_th":"คลองท่าแร้ง","waterway":"river","length_km":18.1,"risk":null,"risk_type":null,"note":null,"note_th":null,"curated":false}},{"type":"Feature","geometry":{"type":"MultiLineString","coordinates":[[[100.4794807,13.8547143],[100.4777751,13.8536941],[100.4745441,13.850693],[100.472612,13.849536],[100.4706823,13.8486465],[100.4677495,13.8483916]],[[100.4659441,13.8253827],[100.4677348,13.8235009],[100.4690137,13.8213339],[100.47142,13.8160227]],[[100.4623045,13.8493927],[100.4556428,13.8523854],[100.4525014,13.8548827],[100.4509914,13.8571905],[100.4492385,13.8610699],[100.4483102,13.8645214]],[[100.4303601,13.8321363],[100.4355957,13.8293052],[100.4401342,13.8278566],[100.4434959,13.8282676],[100.4471719,13.8297834],[100.4547135,13.8309971],[100.4561484,13.8310192],[100.4592191,13.8300283]],[[100.4254737,13.8366376],[100.4272105,13.8343094]],[[100.4479336,13.8674402],[100.4473194,13.868931],[100.445864,13.8705986],[100.4446831,13.8712285],[100.4422841,13.8718904],[100.439758,13.8719532],[100.4354024,13.8705528],[100.4334103,13.8694278],[100.430756,13.8668754],[100.4286881,13.863016]],[[100.4243216,13.8522112],[100.4243088,13.8511118],[100.4231468,13.8459242],[100.4232109,13.8433683]],[[100.4616027,13.8284425],[100.4659441,13.8253827]],[[100.4655525,13.8485463],[100.4623045,13.8493927]],[[100.4677495,13.8483916],[100.4655525,13.8485463]],[[100.426065,13.8585513],[100.4243608,13.85421],[100.4243216,13.8522112]],[[100.4272105,13.8343094],[100.4282425,13.8332629],[100.4303601,13.8321363]],[[100.4592191,13.8300283],[100.4616027,13.8284425]],[[100.4721383,13.8146918],[100.4765507,13.8077039]],[[100.4232109,13.8433683],[100.4239238,13.8393931],[100.4254737,13.8366376]],[[100.4286881,13.863016],[100.426065,13.8585513]],[[100.4483102,13.8645214],[100.4479336,13.8674402]],[[100.47142,13.8160227],[100.4721383,13.8146918]]]},"properties":{"key":"Khlong Om Non","name":"Khlong Om Non","name_th":"คลองอ้อมนนท์","waterway":"river","length_km":17.9,"risk":2,"risk_type":"tidal","note":"Nonthaburi-side canal along the river; tidal exchange dominates, with riverside flooding history in high-water years.","note_th":"คลองขนานแม่น้ำฝั่งนนทบุรี พึ่งการแลกเปลี่ยนน้ำขึ้นน้ำลงเป็นหลัก มีประวัติชุมชนริมน้ำถูกท่วมในปีน้ำท่าสูง","curated":true}},{"type":"Feature","geometry":{"type":"MultiLineString","coordinates":[[[100.6986898,14.1842913],[100.698953,14.1082888],[100.6988626,14.0242003]]]},"properties":{"key":"6L Irrigation Canal","name":"6L Irrigation Canal","name_th":"คลองส่งน้ำ 6 ซ้าย","waterway":"canal","length_km":17.8,"risk":null,"risk_type":null,"note":null,"note_th":null,"curated":false}},{"type":"Feature","geometry":{"type":"MultiLineString","coordinates":[[[100.6743851,14.1717904],[100.6746251,14.170884],[100.675633,14.0126169]]]},"properties":{"key":"7L Irrigation Canal","name":"7L Irrigation Canal","name_th":"คลองส่งน้ำ 7 ซ้าย","waterway":"canal","length_km":17.7,"risk":null,"risk_type":null,"note":null,"note_th":null,"curated":false}},{"type":"Feature","geometry":{"type":"MultiLineString","coordinates":[[[100.3826845,14.1533805],[100.3825524,14.1182213],[100.3818425,14.1025304],[100.3816352,14.090301],[100.3831494,14.0481826]],[[100.3831494,14.0481826],[100.3834462,14.0410733]],[[100.3834462,14.0410733],[100.3837771,14.0330063],[100.3828346,14.0243336],[100.3810888,13.9948071]]]},"properties":{"key":"Khlong Rong Si Ta Chuang","name":"Khlong Rong Si Ta Chuang","name_th":"คลองโรงสีตาช้วง","waterway":"canal","length_km":17.7,"risk":null,"risk_type":null,"note":null,"note_th":null,"curated":false}},{"type":"Feature","geometry":{"type":"MultiLineString","coordinates":[[[100.5863916,13.8588484],[100.5856674,13.8583975],[100.5838622,13.8581812],[100.5833675,13.8578673],[100.5762522,13.857359],[100.5723383,13.8565423],[100.569154,13.8563423],[100.5633448,13.8551107]],[[100.5633448,13.8551107],[100.5575662,13.8540212],[100.543642,13.8498029],[100.5362025,13.8461917],[100.5187082,13.8306064],[100.5160499,13.8286589]],[[100.5633448,13.8551107],[100.5575662,13.8540212],[100.543642,13.8498029],[100.5362025,13.8461917],[100.5187082,13.8306064],[100.5160499,13.8286589],[100.5157993,13.827612],[100.5153241,13.8270016],[100.5132185,13.8261545],[100.5131049,13.8247287],[100.5126204,13.8248716],[100.5118058,13.8260784],[100.5110287,13.8262036],[100.510667,13.8252053],[100.5093562,13.825584],[100.5092403,13.8248798],[100.5100245,13.8245263],[100.5101267,13.8242118],[100.509685,13.8236704],[100.507658,13.8228229],[100.5075871,13.8216839],[100.507031,13.821038],[100.5062991,13.8192443],[100.5071672,13.8162403]]]},"properties":{"key":"Khlong Bang Khen","name":"Khlong Bang Khen","name_th":"คลองบางเขน","waterway":"canal","length_km":17.2,"risk":null,"risk_type":null,"note":null,"note_th":null,"curated":false}},{"type":"Feature","geometry":{"type":"MultiLineString","coordinates":[[[100.6524608,14.1602311],[100.6530158,14.0657763]],[[100.6530158,14.0657763],[100.6532743,14.0076487]]]},"properties":{"key":"8L Irrigation Canal","name":"8L Irrigation Canal","name_th":"คลองส่งน้ำ 8 ซ้าย","waterway":"canal","length_km":17,"risk":null,"risk_type":null,"note":null,"note_th":null,"curated":false}},{"type":"Feature","geometry":{"type":"MultiLineString","coordinates":[[[100.720867,14.1946398],[100.7209502,14.0426642]]]},"properties":{"key":"5L Irrigation Canal","name":"5L Irrigation Canal","name_th":"คลองส่งน้ำ 5 ซ้าย","waterway":"canal","length_km":16.9,"risk":null,"risk_type":null,"note":null,"note_th":null,"curated":false}},{"type":"Feature","geometry":{"type":"MultiLineString","coordinates":[[[100.6309777,14.1489968],[100.6310211,14.1488939]],[[100.6315443,14.0872596],[100.6315443,14.0871733]],[[100.6310211,14.1488939],[100.631113,14.1486863]],[[100.6315641,14.0849708],[100.6316763,14.0654078]],[[100.6315443,14.0871733],[100.6315641,14.0850602]],[[100.631113,14.1486863],[100.6315443,14.0872596]],[[100.6315641,14.0850602],[100.6315641,14.0849708]],[[100.6316763,14.0654078],[100.6316763,14.0651178]],[[100.6316763,14.0651178],[100.6316922,14.0636188]],[[100.6316922,14.0636188],[100.6320339,14.0026356]]]},"properties":{"key":"9L Irrigation Canal","name":"9L Irrigation Canal","name_th":"คลองส่งน้ำ 9 ซ้าย","waterway":"canal","length_km":16.3,"risk":null,"risk_type":null,"note":null,"note_th":null,"curated":false}},{"type":"Feature","geometry":{"type":"MultiLineString","coordinates":[[[100.9308213,13.8044265],[100.9283095,13.8011879],[100.9099158,13.7905482],[100.9075495,13.7863561]],[[100.8789405,13.7378123],[100.855154,13.6993591]],[[100.9075495,13.7863561],[100.8905185,13.7561251],[100.8789405,13.7378123]],[[100.9386039,13.8143019],[100.9308213,13.8044265]]]},"properties":{"key":"Khlong Luang Phaeng","name":"Khlong Luang Phaeng","name_th":"คลองหลวงแพ่ง","waterway":"canal","length_km":15.9,"risk":null,"risk_type":null,"note":null,"note_th":null,"curated":false}},{"type":"Feature","geometry":{"type":"MultiLineString","coordinates":[[[100.0728798,13.8635269],[100.0751598,13.8613141],[100.0893272,13.8531475],[100.0907383,13.8527256],[100.0922569,13.8531632],[100.1048847,13.863335],[100.1064454,13.8638765],[100.1077058,13.8636682],[100.130655,13.8555172],[100.1325811,13.8558975],[100.1425482,13.8614443],[100.1448975,13.8621838],[100.1810965,13.8632254],[100.18233,13.8626632],[100.1830648,13.8616842],[100.1905965,13.8443247],[100.1915852,13.8399361]],[[100.1915852,13.8399361],[100.1916058,13.8397944]]]},"properties":{"key":"5L Irrigation Canal #2","name":"5L Irrigation Canal","name_th":"คลองส่งน้ำ 5 ซ้าย","waterway":"canal","length_km":15.7,"risk":null,"risk_type":null,"note":null,"note_th":null,"curated":false}},{"type":"Feature","geometry":{"type":"MultiLineString","coordinates":[[[100.7976755,13.5970788],[100.7988205,13.5960826],[100.7989492,13.5937206],[100.799373,13.5920208],[100.7991575,13.5905535]],[[100.7968417,13.6603123],[100.796657,13.6590196],[100.7951588,13.6565073],[100.7928006,13.6513453],[100.7929831,13.6480195],[100.7922717,13.6446921],[100.7925879,13.644038],[100.7943342,13.643086],[100.7945584,13.6403537],[100.7958249,13.6390401],[100.7950822,13.6376426],[100.7956218,13.6358452],[100.7949453,13.6348931],[100.7936796,13.6342225],[100.79391,13.6309068],[100.7925159,13.6282414],[100.7923196,13.6273303],[100.7938249,13.6259217],[100.7949406,13.6255254],[100.7966251,13.6258382],[100.7972042,13.6255135],[100.7971813,13.6242717],[100.7958352,13.6231408],[100.7958123,13.6226087],[100.7985348,13.6200513],[100.7990644,13.6190359]],[[100.8004474,13.6076973],[100.8001026,13.6038775],[100.7993569,13.6031267],[100.7976403,13.602209],[100.79712,13.6012027],[100.7969537,13.5997376],[100.7976755,13.5970788]],[[100.8019766,13.6754234],[100.8020885,13.673996],[100.8009061,13.6713918],[100.8005739,13.6693627],[100.7991089,13.6674354],[100.7970183,13.6636276],[100.7966713,13.6618768],[100.7968417,13.6603123]],[[100.7880176,13.7071583],[100.7882972,13.7055051],[100.787258,13.7038089],[100.7874866,13.7033343],[100.7939809,13.7009275],[100.7942719,13.7005741],[100.7945733,13.6936376],[100.7993138,13.6855305],[100.8012057,13.683723],[100.8021043,13.6823291],[100.8026373,13.678024],[100.8019766,13.6754234]],[[100.7990644,13.6190359],[100.7978202,13.6164662],[100.7991892,13.6150691],[100.7995314,13.6130733],[100.8008776,13.6106118],[100.8004474,13.6076973]]]},"properties":{"key":"Khlong Chorakhe Yai","name":"Khlong Chorakhe Yai","name_th":"คลองจระเข้ใหญ่","waterway":"river","length_km":15.4,"risk":null,"risk_type":null,"note":null,"note_th":null,"curated":false}},{"type":"Feature","geometry":{"type":"MultiLineString","coordinates":[[[100.2271141,13.6019627],[100.2327482,13.5995449],[100.2404917,13.5972664],[100.2448771,13.5966381],[100.2503408,13.5967684],[100.2881385,13.5995606],[100.3251959,13.5973785],[100.3306524,13.5952851],[100.3335213,13.5907462],[100.3347793,13.5893775],[100.3355705,13.5889291],[100.3377861,13.5853989],[100.3387973,13.5842517],[100.3394866,13.583905],[100.3398111,13.5829794],[100.3391084,13.5825023],[100.3402591,13.5820852],[100.3410584,13.5823381],[100.3407204,13.5817775],[100.3416055,13.5815142],[100.3423458,13.5808076],[100.3423351,13.5804635],[100.341745,13.5802392],[100.3419273,13.5794831],[100.3411631,13.5796109],[100.3412221,13.5791572],[100.3415332,13.5788965],[100.3421071,13.5791703],[100.3432497,13.5788548],[100.3436547,13.5769985],[100.3446445,13.577121],[100.3449127,13.576172],[100.345425,13.5763232],[100.3457898,13.5761016],[100.3460205,13.5748761],[100.3468949,13.5744068]]]},"properties":{"key":"คลองสี่วาพาสวัสดิ์","name":"คลองสี่วาพาสวัสดิ์","name_th":"คลองสี่วาพาสวัสดิ์","waterway":"canal","length_km":15.2,"risk":null,"risk_type":null,"note":null,"note_th":null,"curated":false}},{"type":"Feature","geometry":{"type":"MultiLineString","coordinates":[[[100.2641202,14.06013],[100.2628182,14.0588553],[100.2612724,14.0564426],[100.2584025,14.0541477],[100.2561878,14.0517469],[100.2545991,14.0473306],[100.2519445,14.043967],[100.2499114,14.0428533],[100.2470629,14.0424213],[100.2450236,14.0404924],[100.2389895,14.037722],[100.2369394,14.0363031],[100.2338074,14.0331058],[100.2316831,14.0315289],[100.2300631,14.0309564],[100.2277258,14.0295058],[100.2271207,14.0281667],[100.2261742,14.0236607],[100.2232318,14.0182162],[100.2209597,14.0168469],[100.2190714,14.016748],[100.2179931,14.0159101],[100.2175479,14.0138282],[100.2168022,14.0126727],[100.2169739,14.0112521],[100.2161952,14.0092498],[100.2158036,14.0090104],[100.2148067,14.0090973],[100.2145116,14.0081448],[100.2120044,14.0069219],[100.2110486,14.0057111],[100.2107105,14.0044797],[100.2109692,14.0034819],[100.2106338,14.0025538],[100.211448,14.0015017],[100.2108638,13.9990204],[100.2122908,13.9984881],[100.2114668,13.9976924],[100.2115757,13.9959918],[100.2111104,13.9956368],[100.2084732,13.9950759],[100.208281,13.9945851],[100.2086352,13.9928148],[100.2071198,13.9926388],[100.2069025,13.9923827],[100.2077367,13.991603],[100.2075758,13.9909992],[100.2063849,13.9908794],[100.2053871,13.9904318],[100.2048238,13.9905984],[100.204341,13.9915093],[100.2039065,13.9912907],[100.2039762,13.9901923],[100.2048614,13.9892762],[100.2048989,13.9881154],[100.2027639,13.9859135],[100.2019351,13.9858084],[100.2005806,13.9834358],[100.1998483,13.9828517],[100.1994353,13.9818471],[100.2001326,13.9808424],[100.1984133,13.9804582],[100.1984455,13.9799897],[100.1991607,13.9789925],[100.2010881,13.9771034],[100.2005639,13.9754906]],[[100.2709435,14.0666578],[100.269836,14.0651931],[100.2677204,14.0636236],[100.2654025,14.0610629],[100.2641202,14.06013]]]},"properties":{"key":"Khlong Bang Phasi","name":"Khlong Bang Phasi","name_th":"คลองบางภาษี","waterway":"river","length_km":15.2,"risk":null,"risk_type":null,"note":null,"note_th":null,"curated":false}},{"type":"Feature","geometry":{"type":"MultiLineString","coordinates":[[[100.9685312,13.7912896],[100.9433597,13.7588643],[100.9342402,13.7479585],[100.9275615,13.7420494],[100.8928859,13.7063419],[100.8774117,13.6899559]]]},"properties":{"key":"คลองอุดมชลจร","name":"คลองอุดมชลจร","name_th":"คลองอุดมชลจร","waterway":"river","length_km":15,"risk":null,"risk_type":null,"note":null,"note_th":null,"curated":false}},{"type":"Feature","geometry":{"type":"MultiLineString","coordinates":[[[100.5046829,13.5529027],[100.5216615,13.5588518],[100.5438273,13.5660065],[100.5756276,13.574204],[100.5790667,13.5746493]],[[100.4466026,13.5408909],[100.4481046,13.5413707],[100.4821794,13.5453552],[100.5000276,13.5516363],[100.5046829,13.5529027]]]},"properties":{"key":"Khlong Sapphasamit","name":"Khlong Sapphasamit","name_th":"คลองสรรพสามิต","waterway":"river","length_km":14.9,"risk":null,"risk_type":null,"note":null,"note_th":null,"curated":false}},{"type":"Feature","geometry":{"type":"MultiLineString","coordinates":[[[100.3600949,14.2866434],[100.3588325,14.2840575],[100.3545535,14.2787416],[100.3508082,14.2603915],[100.3503621,14.2563071],[100.3510169,14.2139624]],[[100.3510169,14.2139624],[100.3516562,14.1794354]],[[100.3516562,14.1794354],[100.3518493,14.1672315],[100.3504926,14.1559378]]]},"properties":{"key":"Khlong San","name":"Khlong San","name_th":"คลองสาน","waterway":"canal","length_km":14.8,"risk":null,"risk_type":null,"note":null,"note_th":null,"curated":false}},{"type":"Feature","geometry":{"type":"MultiLineString","coordinates":[[[100.8279475,13.5231717],[100.8253182,13.5250746],[100.8238585,13.5249593],[100.8231542,13.5239477],[100.8227957,13.5222831],[100.8215939,13.5195521]],[[100.8215939,13.5195521],[100.8211523,13.5179733],[100.8214225,13.5176314],[100.8205437,13.5154804]],[[100.8359314,13.5710967],[100.8345043,13.5708355],[100.8340858,13.5703094],[100.834388,13.5694404],[100.8365834,13.5680904],[100.8369468,13.5675625],[100.836873,13.5659957],[100.8355219,13.5655983],[100.8329276,13.565797],[100.8320363,13.5649171],[100.8325586,13.5638214],[100.834466,13.5624079],[100.8348577,13.5610171],[100.8347214,13.5603983],[100.833921,13.5597568],[100.8310655,13.5595808],[100.8303048,13.5591437],[100.8299642,13.5585703],[100.8300437,13.5574917],[100.8320647,13.5557319],[100.8322407,13.5548861],[100.8319852,13.5542048],[100.8306795,13.5532681],[100.8273018,13.5522123],[100.8266887,13.5517127],[100.8263197,13.550793],[100.8265922,13.5494136],[100.826297,13.5484826],[100.8246621,13.5484201],[100.8235721,13.5476992],[100.823345,13.5464275],[100.8244009,13.5443782],[100.8239014,13.5427603],[100.8232939,13.5423856],[100.8209948,13.5432372],[100.8203209,13.5428104],[100.8196343,13.5416005],[100.8195075,13.5403363],[100.8197232,13.5398197],[100.8229249,13.5382926],[100.8233507,13.5369756],[100.8230044,13.535545],[100.8226184,13.5351022],[100.8213127,13.5348638],[100.8197254,13.5351066],[100.8193473,13.5344663],[100.8230836,13.5305507]],[[100.8205437,13.5154804],[100.8198538,13.5150913],[100.8195926,13.514359],[100.8194734,13.5127979],[100.8200411,13.5098743],[100.8198027,13.5087673],[100.817197,13.5034311],[100.8150398,13.4998717],[100.8147332,13.4980778],[100.8150739,13.4931389],[100.8139479,13.48869]],[[100.8230836,13.5305507],[100.8262005,13.5284149],[100.8281075,13.5279501]],[[100.8281075,13.5279501],[100.8301175,13.5276258],[100.8312302,13.5270127],[100.8317808,13.5260987],[100.8317638,13.5253437]],[[100.8355943,13.5733322],[100.8362163,13.5718034],[100.8359314,13.5710967]],[[100.8317638,13.5253437],[100.831514,13.5246795],[100.8303162,13.5236577],[100.8279475,13.5231717]]]},"properties":{"key":"Khlong Dan","name":"Khlong Dan","name_th":"คลองด่าน","waterway":"river","length_km":14.6,"risk":null,"risk_type":null,"note":null,"note_th":null,"curated":false}},{"type":"Feature","geometry":{"type":"MultiLineString","coordinates":[[[100.0902452,13.6844988],[100.161444,13.6955087],[100.1800723,13.6979444],[100.1816856,13.6980596],[100.183538,13.6976885],[100.1837182,13.6980239],[100.1832539,13.6990196],[100.1834948,13.6995027],[100.1838649,13.6995645],[100.1845408,13.6989294],[100.1852811,13.69882],[100.1878875,13.7013409],[100.1882536,13.7024268],[100.1879537,13.7048773],[100.1882488,13.7055071],[100.1896854,13.7054691],[100.1912128,13.7049597],[100.1918638,13.7044763],[100.1928193,13.70287],[100.1933829,13.7025818],[100.1937678,13.7026957],[100.1944276,13.7034939],[100.1946957,13.7043757],[100.1941768,13.7079766],[100.1954818,13.708051],[100.1965785,13.7064769],[100.1984164,13.7061423],[100.2031183,13.7066812],[100.2075523,13.7065915],[100.2089422,13.7070724]]]},"properties":{"key":"Khlong Chinda","name":"Khlong Chinda","name_th":"คลองจินดา","waterway":"canal","length_km":14.6,"risk":null,"risk_type":null,"note":null,"note_th":null,"curated":false}},{"type":"Feature","geometry":{"type":"MultiLineString","coordinates":[[[100.3217329,14.0800681],[100.3270496,14.10194],[100.329276,14.1209486]],[[100.3346003,14.0146602],[100.325121,14.0314197],[100.3206977,14.0398873],[100.3184822,14.0449249],[100.3167388,14.0515339],[100.3162375,14.0591677],[100.3171119,14.0617279],[100.3217329,14.0800681]],[[100.3305931,14.133328],[100.3305917,14.1394594]],[[100.329276,14.1209486],[100.3305931,14.133328]]]},"properties":{"key":"Khlong Khwang #2","name":"Khlong Khwang","name_th":"คลองขวาง","waterway":"canal","length_km":14.5,"risk":null,"risk_type":null,"note":null,"note_th":null,"curated":false}},{"type":"Feature","geometry":{"type":"MultiLineString","coordinates":[[[100.298274,13.963374],[100.2869469,13.9470234],[100.2744041,13.9343813]],[[100.3274535,14.0019206],[100.3223738,13.9962004],[100.3155327,13.9892939],[100.3146162,13.9877803]],[[100.3146162,13.9877803],[100.310237,13.9796046]],[[100.3349183,14.0151711],[100.3274535,14.0019206]],[[100.3430862,14.0237018],[100.3387995,14.0213179],[100.3349183,14.0151711]],[[100.3049045,13.972088],[100.3027968,13.9689374],[100.298274,13.963374]],[[100.2744041,13.9343813],[100.2719698,13.9312991],[100.2654043,13.920624]],[[100.310237,13.9796046],[100.3049045,13.972088]]]},"properties":{"key":"Thawi Watthana Canal","name":"Thawi Watthana Canal","name_th":"คลองทวีวัฒนา","waterway":"canal","length_km":14.3,"risk":3,"risk_type":"riverine","note":"Western floodway and BMA \"Kaem Ling\" retention basin: gates hold floodwater and release it at low tide — key to defending inner Thonburi since 2011. Originally dug in 1878 \"to draw Tha Chin water flowing south\" to feed the Thonburi canals; today the flow direction follows the BMA's gate commands.","note_th":"ทางน้ำฝั่งตะวันตกและแก้มลิงของ กทม. — ประตูกักน้ำท่วมไว้แล้วระบายเวลาน้ำลง เป็นกุญแจปกป้องธนบุรีด้านในตั้งแต่ปี 2554 เดิมขุด พ.ศ. 2421 เพื่อ \"ชักน้ำจากแม่น้ำท่าจีนให้ไหลลงทิศใต้\" เลี้ยงคลองฝั่งธนบุรี ปัจจุบันทิศไหลตามคำสั่งเปิด-ปิดประตูของ กทม.","curated":true}},{"type":"Feature","geometry":{"type":"MultiLineString","coordinates":[[[100.0621621,13.8209166],[100.0713513,13.8212917],[100.0779499,13.8205574],[100.0789474,13.8209531],[100.0821553,13.8234844],[100.0842742,13.8243908],[100.0873266,13.8244116],[100.0904755,13.8239376],[100.0951855,13.8243179],[100.1002012,13.8230367],[100.1080386,13.8202394],[100.1105491,13.8185725],[100.1119639,13.8165212],[100.1279781,13.8117171],[100.1417164,13.8098314],[100.1864999,13.8045087]]]},"properties":{"key":"คลองเจดีย์บูชา","name":"คลองเจดีย์บูชา","name_th":"คลองเจดีย์บูชา","waterway":"canal","length_km":14,"risk":null,"risk_type":null,"note":null,"note_th":null,"curated":false}},{"type":"Feature","geometry":{"type":"MultiLineString","coordinates":[[[100.3592716,13.7379332],[100.3648158,13.7262521]],[[100.3525637,13.752092],[100.3592716,13.7379332]],[[100.3734164,13.708033],[100.3811928,13.6916145]],[[100.3648158,13.7262521],[100.3734164,13.708033]],[[100.3401218,13.7783833],[100.3420651,13.7742274]],[[100.3420651,13.7742274],[100.3525637,13.752092]],[[100.3278772,13.8041844],[100.3401218,13.7783833]]]},"properties":{"key":"Thawi Watthana Canal #2","name":"Thawi Watthana Canal","name_th":"คลองทวีวัฒนา","waterway":"canal","length_km":13.8,"risk":3,"risk_type":"riverine","note":"Western floodway and BMA \"Kaem Ling\" retention basin: gates hold floodwater and release it at low tide — key to defending inner Thonburi since 2011. Originally dug in 1878 \"to draw Tha Chin water flowing south\" to feed the Thonburi canals; today the flow direction follows the BMA's gate commands.","note_th":"ทางน้ำฝั่งตะวันตกและแก้มลิงของ กทม. — ประตูกักน้ำท่วมไว้แล้วระบายเวลาน้ำลง เป็นกุญแจปกป้องธนบุรีด้านในตั้งแต่ปี 2554 เดิมขุด พ.ศ. 2421 เพื่อ \"ชักน้ำจากแม่น้ำท่าจีนให้ไหลลงทิศใต้\" เลี้ยงคลองฝั่งธนบุรี ปัจจุบันทิศไหลตามคำสั่งเปิด-ปิดประตูของ กทม.","curated":true}},{"type":"Feature","geometry":{"type":"MultiLineString","coordinates":[[[100.3347797,14.0771786],[100.3392745,14.0765336],[100.3451494,14.0730582],[100.3482788,14.0691223],[100.3532344,14.0644917],[100.3589799,14.0608656],[100.3851979,14.0579272],[100.3977682,14.0559449]],[[100.3977682,14.0559449],[100.4001982,14.0531626],[100.4012435,14.0533975],[100.4020547,14.0540983],[100.405695,14.0522151],[100.408462,14.0513986],[100.4117438,14.0492005],[100.4128315,14.0476859],[100.4149923,14.0456879],[100.4174832,14.0454127],[100.4177223,14.0449126],[100.4187562,14.044404]],[[100.4187562,14.044404],[100.4238383,14.034697],[100.4262282,14.0329925],[100.4289825,14.0315134],[100.443323,14.0265066]]]},"properties":{"key":"Khlong Rahaeng","name":"Khlong Rahaeng","name_th":"คลองระแหง","waterway":"canal","length_km":13.8,"risk":null,"risk_type":null,"note":null,"note_th":null,"curated":false}},{"type":"Feature","geometry":{"type":"MultiLineString","coordinates":[[[100.4894861,14.0620301],[100.4905804,14.0617595],[100.4912241,14.06075],[100.4925223,14.0602296],[100.4937776,14.0591368],[100.4948398,14.0586268],[100.495462,14.0574196],[100.4968782,14.0577422],[100.4977473,14.0569512],[100.498273,14.0570969],[100.498788,14.0578359],[100.4998287,14.0574196],[100.5008908,14.0575445],[100.5016526,14.058221],[100.5009337,14.059959],[100.5015024,14.0609581],[100.5034765,14.0605939],[100.5053862,14.0607708],[100.5066093,14.0597508],[100.5075749,14.0597196],[100.5094095,14.0621133],[100.5100532,14.063716],[100.5106111,14.0643197],[100.5124672,14.0644758],[100.5135723,14.0650065],[100.5153447,14.0641115],[100.5159863,14.0649441],[100.5159756,14.0665572],[100.5163511,14.0669735],[100.5190869,14.0676182],[100.5200311,14.067587],[100.5210181,14.0682739],[100.5230779,14.0688774],[100.5248882,14.0704045],[100.5264673,14.0711082]],[[100.4865679,14.0644549],[100.4848239,14.0658443],[100.4812684,14.0699339],[100.4704862,14.0782538],[100.4602616,14.0836028],[100.452298,14.0871943]],[[100.4894861,14.0620301],[100.4886385,14.0631124],[100.4865679,14.0644549]],[[100.4521399,14.0872554],[100.4469195,14.0896418],[100.4299017,14.0957388],[100.4276574,14.0922345],[100.427088,14.0927402]],[[100.452298,14.0871943],[100.4521399,14.0872554]]]},"properties":{"key":"Khlong Bang Toei","name":"Khlong Bang Toei","name_th":"คลองบางเตย","waterway":"canal","length_km":13.6,"risk":null,"risk_type":null,"note":null,"note_th":null,"curated":false}},{"type":"Feature","geometry":{"type":"MultiLineString","coordinates":[[[100.5644349,14.0298207],[100.5657587,14.0248714],[100.5676499,14.0212428],[100.5734092,14.0128298],[100.5776149,14.0096236],[100.5796749,14.0073335],[100.5802647,14.004379],[100.5802904,14.0023636],[100.5792838,13.9987754],[100.5780012,13.9963821],[100.5749089,13.9930693],[100.5731686,13.9916412],[100.5696756,13.989886],[100.5666894,13.9893139],[100.5621973,13.9894131],[100.560618,13.9897296],[100.5568758,13.9915869],[100.554464,13.9916701],[100.5536486,13.9922032],[100.5530134,13.9929361],[100.5527045,13.9939521],[100.5529534,13.9947183],[100.5508505,13.9987242],[100.5499321,13.9999151],[100.5470204,14.0018569],[100.5447604,14.0025261],[100.5428418,14.0023898],[100.5398743,14.0017065]],[[100.58743,14.0488771],[100.5910027,14.0492396]],[[100.58743,14.0488771],[100.5860616,14.0463672],[100.5833045,14.0433732],[100.579631,14.0408691],[100.5775282,14.040066],[100.5736466,14.039334],[100.5692864,14.0392318],[100.5680113,14.0389667],[100.5659719,14.0380229]],[[100.5659719,14.0380229],[100.5645157,14.0362447],[100.5641435,14.0349187],[100.5639124,14.0323669],[100.5644349,14.0298207]]]},"properties":{"key":"Khlong Chiang Rak Yai","name":"Khlong Chiang Rak Yai","name_th":"คลองเชียงรากใหญ่","waterway":"river","length_km":13.6,"risk":null,"risk_type":null,"note":null,"note_th":null,"curated":false}},{"type":"Feature","geometry":{"type":"MultiLineString","coordinates":[[[100.4436236,14.0403344],[100.4437407,14.0402587]],[[100.4108226,14.0685186],[100.4147279,14.0666818],[100.4200494,14.0647772],[100.4214817,14.0635284],[100.4224205,14.0620401],[100.4237562,14.0577159],[100.4240298,14.0541929]],[[100.4437407,14.0402587],[100.4582628,14.0279364]],[[100.4582628,14.0279364],[100.4651578,14.0237645],[100.4725326,14.0201705]],[[100.4273966,14.049413],[100.4336536,14.0432177],[100.4413086,14.0422341],[100.4434878,14.0404144]],[[100.4434878,14.0404144],[100.4436236,14.0403344]],[[100.4240298,14.0541929],[100.4249418,14.0525537],[100.4273966,14.049413]],[[100.382232,14.0722378],[100.4023911,14.0657035],[100.4108226,14.0685186]],[[100.4725326,14.0201705],[100.4829919,14.0145229]]]},"properties":{"key":"Khlong Yotha","name":"Khlong Yotha","name_th":"คลองโยธา","waterway":"canal","length_km":13.6,"risk":null,"risk_type":null,"note":null,"note_th":null,"curated":false}},{"type":"Feature","geometry":{"type":"MultiLineString","coordinates":[[[100.7291744,13.8647234],[100.7295586,13.8325853]],[[100.7285799,13.9175526],[100.7291744,13.8647234]],[[100.7295586,13.8325853],[100.7296028,13.8276747]],[[100.7296028,13.8276747],[100.7298479,13.8112851]],[[100.7258169,13.9321234],[100.7261525,13.9253845],[100.7280797,13.9236799],[100.7284766,13.9230082],[100.7285799,13.9175526]]]},"properties":{"key":"Khlong Sam Wa","name":"Khlong Sam Wa","name_th":"คลองสามวา","waterway":"canal","length_km":13.5,"risk":null,"risk_type":null,"note":null,"note_th":null,"curated":false}},{"type":"Feature","geometry":{"type":"MultiLineString","coordinates":[[[100.4513724,13.7360386],[100.4533841,13.7368099],[100.4557,13.7369661],[100.4561605,13.7375239],[100.4595707,13.7385066],[100.4606472,13.7385243],[100.4611997,13.738123],[100.461716,13.7381551]],[[100.431609,13.7333853],[100.4320876,13.7334439]],[[100.4247576,13.7321352],[100.431609,13.7333853]],[[100.340293,13.7193755],[100.3445428,13.7218882],[100.3497476,13.7238593],[100.3560776,13.7254215],[100.3648158,13.7262521]],[[100.4183871,13.731223],[100.4247576,13.7321352]],[[100.3648158,13.7262521],[100.4183871,13.731223]],[[100.4320876,13.7334439],[100.4444065,13.7347204],[100.4487224,13.7353508],[100.4513724,13.7360386]]]},"properties":{"key":"Khlong Bang Waek","name":"Khlong Bang Waek","name_th":"คลองบางแวก","waterway":"canal","length_km":13.4,"risk":null,"risk_type":null,"note":null,"note_th":null,"curated":false}},{"type":"Feature","geometry":{"type":"MultiLineString","coordinates":[[[100.8381679,13.6173877],[100.8378992,13.6171274],[100.8367758,13.6170149],[100.8358714,13.6159282],[100.8349207,13.6141315],[100.8338008,13.6129981],[100.8340319,13.6116005],[100.8332702,13.6105838],[100.8322523,13.6099673],[100.8318593,13.6085296],[100.8310708,13.6081829],[100.8315965,13.6069811],[100.8306036,13.6058969],[100.8301696,13.6038625],[100.8295581,13.602997],[100.8302018,13.6018812],[100.83047,13.600682],[100.829992,13.600172],[100.8288929,13.5998373],[100.8290216,13.5990448],[100.828689,13.597929],[100.8269772,13.5970958],[100.8270051,13.5955305],[100.8262648,13.594446],[100.8262756,13.5935178],[100.827187,13.5922456],[100.8271977,13.5918076],[100.8267627,13.5912768],[100.8268378,13.5904722]],[[100.848307,13.6471806],[100.8475292,13.644694],[100.8461773,13.6425827],[100.8434522,13.6423586],[100.8415908,13.6416339],[100.840373,13.6406904],[100.8412421,13.6388241],[100.8419179,13.6337855]],[[100.8419179,13.6337855],[100.8423418,13.6333502],[100.8423847,13.6324352],[100.8423042,13.6321042],[100.8416176,13.6320729],[100.8415317,13.6306758],[100.8409363,13.6300919],[100.8403248,13.6301857],[100.8400297,13.6307488],[100.8391178,13.6305454],[100.8394557,13.6296774],[100.8390346,13.6285383],[100.8392626,13.6279075],[100.8389354,13.6266719],[100.8378402,13.6257589],[100.8385644,13.6246036],[100.8385483,13.6240072],[100.8376685,13.6229019],[100.8366385,13.6221512],[100.8361021,13.622172],[100.8360377,13.6216715],[100.8366385,13.6211293],[100.8367029,13.6200657],[100.8371482,13.6195778],[100.8373681,13.6186278],[100.8378616,13.6184402],[100.8381679,13.6173877]],[[100.8543017,13.6668952],[100.852915,13.6629206],[100.8511501,13.6617504],[100.8498359,13.6599207],[100.8493906,13.6571319],[100.848704,13.6554691],[100.8481246,13.6550051],[100.8478081,13.6539834],[100.8471268,13.6538531],[100.8468962,13.6522945],[100.8473897,13.6505742],[100.8485484,13.6482493],[100.848307,13.6471806]],[[100.8269045,13.589959],[100.8274016,13.5892422],[100.8268013,13.5867915],[100.827305,13.5860302],[100.8261726,13.5855932],[100.8261039,13.5851855],[100.8271977,13.5846223],[100.8273908,13.5841739],[100.8272728,13.5836629],[100.8262219,13.5831936],[100.8261082,13.5824855],[100.827305,13.5824219],[100.8277449,13.5827869],[100.828093,13.5826732],[100.828056,13.5819213],[100.8277127,13.5817857],[100.8272621,13.5808784],[100.8267305,13.5807022],[100.8265116,13.5801067],[100.8246555,13.5787718],[100.8237173,13.5773998]],[[100.8268378,13.5904722],[100.8268943,13.5900374]],[[100.8268943,13.5900374],[100.8269045,13.589959]]]},"properties":{"key":"Khlong Bang Sao","name":"Khlong Bang Sao","name_th":"คลองบางเซา","waterway":"river","length_km":13.3,"risk":null,"risk_type":null,"note":null,"note_th":null,"curated":false}},{"type":"Feature","geometry":{"type":"MultiLineString","coordinates":[[[100.8649978,13.8569451],[100.8655141,13.8556453],[100.8678066,13.8519374],[100.8669357,13.8483509],[100.8655133,13.8454998],[100.8561606,13.838265],[100.8555115,13.8354887],[100.8557609,13.8324233],[100.8556,13.831069]],[[100.8539913,13.8210881],[100.8505038,13.817523]],[[100.8556,13.831069],[100.8552198,13.8240208],[100.8539913,13.8210881]],[[100.8452285,13.8048482],[100.841798,13.8016417],[100.8368386,13.7950151],[100.8351703,13.7921185],[100.8229086,13.7796536]],[[100.8229086,13.7796536],[100.8225789,13.7777313]],[[100.8225789,13.7777313],[100.8191059,13.7749262],[100.8150262,13.770435],[100.8129421,13.7699505],[100.8116735,13.768093],[100.8076297,13.7665369],[100.8066333,13.7655543],[100.8062944,13.7646356]],[[100.8505038,13.817523],[100.8496086,13.8161237],[100.8451769,13.8065886],[100.8452285,13.8048482]]]},"properties":{"key":"Khlong Lam Phak Chi","name":"Khlong Lam Phak Chi","name_th":"คลองลำผักชี","waterway":"river","length_km":13.1,"risk":3,"risk_type":"riverine","note":"Low-lying Lat Krabang farmland canal in the eastern flood-retention zone used in 2011; still floods in heavy monsoon.","note_th":"คลองที่ลุ่มเกษตรกรรมลาดกระบังในเขตกักเก็บน้ำฝั่งตะวันออกที่ใช้งานปี 2554 ยังท่วมเวลามรสุมตกหนัก","curated":true}},{"type":"Feature","geometry":{"type":"MultiLineString","coordinates":[[[100.3843336,13.5890006],[100.373733,13.5847419],[100.3699855,13.5838071],[100.3647369,13.5813525],[100.3599143,13.5799968],[100.3563797,13.5779771],[100.3503572,13.5765179],[100.3459316,13.5739554],[100.3422245,13.5733183],[100.3406382,13.5727708],[100.3363,13.5704213],[100.3131446,13.5606029],[100.3104096,13.5598556],[100.2851234,13.5480904],[100.2771719,13.5446279],[100.275786,13.5443456],[100.274619,13.5436824],[100.274369,13.5429272]]]},"properties":{"key":"Khlong Mahachai","name":"Khlong Mahachai","name_th":"คลองมหาชัย","waterway":"canal","length_km":13,"risk":null,"risk_type":null,"note":null,"note_th":null,"curated":false}},{"type":"Feature","geometry":{"type":"MultiLineString","coordinates":[[[100.9593071,13.967445],[100.9588704,13.9515844],[100.9470503,13.850901]]]},"properties":{"key":"Khlong Sip Hok","name":"Khlong Sip Hok","name_th":"คลองสิบหก","waterway":"canal","length_km":13,"risk":null,"risk_type":null,"note":null,"note_th":null,"curated":false}},{"type":"Feature","geometry":{"type":"MultiLineString","coordinates":[[[100.8290339,13.6649635],[100.8300296,13.664502],[100.8301798,13.6640641],[100.829579,13.6620833],[100.8283934,13.6604278],[100.8283505,13.6592184],[100.8289918,13.6559206],[100.8270201,13.6517954],[100.8253654,13.6495498],[100.8250096,13.6478211],[100.8246598,13.6419117],[100.8234861,13.6392926],[100.8225848,13.6349969],[100.8226707,13.633996],[100.8240011,13.6322026],[100.8260331,13.6227059],[100.8260116,13.6212669],[100.8256533,13.6203786],[100.8246383,13.6194109],[100.8242156,13.6147489],[100.8237221,13.612872],[100.8226707,13.6107448],[100.822042,13.6103183],[100.8219411,13.6097229],[100.8221128,13.6056561],[100.8225419,13.6033202],[100.8223984,13.5988781],[100.8219561,13.5978883],[100.8194091,13.5980645],[100.8189735,13.5976172],[100.8188777,13.5939086],[100.8172523,13.5885224],[100.8171933,13.5855815],[100.8168071,13.5833237],[100.8163477,13.5825984]],[[100.8281312,13.6810049],[100.8248938,13.6781273],[100.8230377,13.6755524]],[[100.8236036,13.6672234],[100.8243573,13.6666391],[100.8269832,13.6659412],[100.8290339,13.6649635]],[[100.8230377,13.6755524],[100.8224664,13.6732073],[100.8231959,13.6708826],[100.8232737,13.6680569],[100.8236036,13.6672234]],[[100.8144145,13.5792669],[100.8152138,13.5816655],[100.8163477,13.5825984]]]},"properties":{"key":"Khlong Bang Sao Thong","name":"Khlong Bang Sao Thong","name_th":"คลองบางเสาธง","waterway":"river","length_km":12.9,"risk":null,"risk_type":null,"note":null,"note_th":null,"curated":false}},{"type":"Feature","geometry":{"type":"MultiLineString","coordinates":[[[100.4634394,13.7312358],[100.4618257,13.7294544],[100.4606228,13.7289494],[100.4601619,13.7278656],[100.4601027,13.7266648],[100.4595935,13.7257876],[100.4593626,13.7255754],[100.4587404,13.7257474],[100.4583955,13.725411],[100.4582994,13.7239515],[100.455397,13.7232964],[100.4539574,13.7234745],[100.4530074,13.7223648],[100.45209,13.723498],[100.450791,13.7224258],[100.4497999,13.7221047],[100.4492506,13.7224851],[100.4486962,13.722372],[100.446606,13.7211385],[100.4436108,13.720404],[100.4408553,13.7178574],[100.4385146,13.7165006],[100.4346198,13.7157659],[100.4310921,13.7159344],[100.4281398,13.7150623],[100.4256955,13.7152241]],[[100.4256856,13.7152853],[100.4056191,13.7163927],[100.3869779,13.7132141],[100.3720469,13.7110087]],[[100.3642928,13.708772],[100.3648608,13.7088426],[100.3647935,13.7098948],[100.3720469,13.7110087]],[[100.3573933,13.7080005],[100.3596426,13.7076327],[100.3600626,13.7086764],[100.3638125,13.7087627]],[[100.3638125,13.7087627],[100.3642928,13.708772]]]},"properties":{"key":"Khlong Bang Chak","name":"Khlong Bang Chak","name_th":"คลองบางจาก","waterway":"canal","length_km":12.8,"risk":null,"risk_type":null,"note":null,"note_th":null,"curated":false}},{"type":"Feature","geometry":{"type":"MultiLineString","coordinates":[[[100.414903,13.7585415],[100.4188997,13.7578407],[100.4317286,13.7572977],[100.4337028,13.7570003],[100.4344815,13.7571857],[100.4354933,13.7568423],[100.4368759,13.7571275],[100.4373804,13.7567205],[100.438156,13.7569824],[100.4384613,13.7566365],[100.4396698,13.7569368],[100.4409036,13.7566712],[100.4442623,13.7570398],[100.4451046,13.7566964],[100.4463202,13.7571927],[100.4470911,13.7568591],[100.4480106,13.7572471],[100.4483519,13.7582149],[100.4509122,13.7587246],[100.4509446,13.7595567],[100.4516154,13.7593422],[100.4529037,13.7596604],[100.4544166,13.7593429],[100.4568119,13.7600716]],[[100.4023296,13.7611741],[100.392741,13.7633687],[100.3789243,13.7660658]],[[100.3591905,13.7688604],[100.3664064,13.7685623],[100.3751266,13.7667897]],[[100.3751266,13.7667897],[100.3789243,13.7660658]],[[100.4067292,13.7600346],[100.414903,13.7585415]],[[100.4023296,13.7611741],[100.4067292,13.7600346]],[[100.3456484,13.7666033],[100.3528681,13.7681801],[100.3538681,13.7692009],[100.3591905,13.7688604]]]},"properties":{"key":"Khlong Bang Phrom","name":"Khlong Bang Phrom","name_th":"คลองบางพรม","waterway":"canal","length_km":12.6,"risk":null,"risk_type":null,"note":null,"note_th":null,"curated":false}},{"type":"Feature","geometry":{"type":"MultiLineString","coordinates":[[[100.1743773,13.5395878],[100.1755742,13.5369488],[100.1759268,13.5354631],[100.1755314,13.5325643],[100.175991,13.5287408],[100.1758948,13.5226002],[100.178716,13.5160853],[100.1806781,13.5126186],[100.1812915,13.5119498],[100.1827988,13.5113]],[[100.1610011,13.6178738],[100.1629863,13.6049878],[100.1632157,13.5994424],[100.1630499,13.5979459],[100.1589565,13.5836877],[100.1590847,13.5823581],[100.161966,13.5750782],[100.1641747,13.5589262],[100.166405,13.5547874],[100.1692584,13.5517434],[100.1743773,13.5395878]]]},"properties":{"key":"Khlong Takahm","name":"Khlong Takahm","name_th":"คลองตาขำ","waterway":"canal","length_km":12.6,"risk":null,"risk_type":null,"note":null,"note_th":null,"curated":false}},{"type":"Feature","geometry":{"type":"MultiLineString","coordinates":[[[100.2461895,14.1737535],[100.2476798,14.1671457],[100.25332,14.1482035],[100.2543103,14.1423864]],[[100.2709435,14.0666578],[100.2590229,14.0788593],[100.2571963,14.0818186],[100.2558176,14.0854505],[100.2549862,14.0904089],[100.2549969,14.092589],[100.2536236,14.1048937],[100.2543103,14.1423864]]]},"properties":{"key":"Khlong Yipun","name":"Khlong Yipun","name_th":"คลองญี่ปุ่น","waterway":"canal","length_km":12.6,"risk":null,"risk_type":null,"note":null,"note_th":null,"curated":false}},{"type":"Feature","geometry":{"type":"MultiLineString","coordinates":[[[100.4567508,13.7435094],[100.4569217,13.7429128],[100.4564068,13.7421499],[100.4554063,13.7419493],[100.454843,13.7425091],[100.4544139,13.7425013],[100.4541564,13.7420874],[100.4523298,13.7410921],[100.450699,13.7411208],[100.4499024,13.7404508],[100.4490602,13.740829],[100.4478559,13.740271],[100.4461983,13.7406857],[100.4444656,13.7405758],[100.4431538,13.7401304],[100.4405666,13.7404308],[100.4392485,13.7399845],[100.4370949,13.7399479],[100.4322821,13.7404042]],[[100.3525637,13.752092],[100.3628095,13.7537884],[100.3690282,13.753794]],[[100.4061589,13.7493404],[100.4133064,13.7478687]],[[100.4582537,13.7437828],[100.4571733,13.7439645],[100.4567508,13.7435094]],[[100.4601255,13.7438685],[100.4594069,13.7436395],[100.4582537,13.7437828]],[[100.4322821,13.7404042],[100.4309459,13.7422467],[100.4270996,13.7423197],[100.4255265,13.7428762],[100.4249592,13.7434035],[100.4214114,13.7441891],[100.4197876,13.745491],[100.4168058,13.7471811]],[[100.3690282,13.753794],[100.379512,13.7531423],[100.3851176,13.7525013],[100.4010381,13.7503382],[100.4061589,13.7493404]],[[100.4619713,13.7443884],[100.4601255,13.7438685]],[[100.4133064,13.7478687],[100.4168058,13.7471811]]]},"properties":{"key":"Khlong Bang Chueak Nang","name":"Khlong Bang Chueak Nang","name_th":"คลองบางเชือกหนัง","waterway":"river","length_km":12.5,"risk":3,"risk_type":"mixed","note":"Cross-canal linking the Thonburi systems; flooded in 2011.","note_th":"คลองเชื่อมขวางเชื่อมระบบคลองฝั่งธนบุรีเข้าด้วยกัน ท่วมปี 2554","curated":true}},{"type":"Feature","geometry":{"type":"MultiLineString","coordinates":[[[100.3949655,13.8482678],[100.3939248,13.8484129],[100.3917297,13.8473795],[100.3896054,13.8475045],[100.3884896,13.846942],[100.3873444,13.8470415],[100.3863073,13.8466003],[100.3803099,13.845741],[100.379432,13.8453432],[100.3761631,13.8451975],[100.3751023,13.8445253],[100.3737975,13.8446836],[100.3693987,13.8432262],[100.3657444,13.8431502],[100.36118,13.8422914]],[[100.4204347,13.8526876],[100.4187942,13.8517052],[100.4164124,13.8515072]],[[100.36118,13.8422914],[100.3366114,13.8384672]],[[100.3987233,13.8490275],[100.398277,13.8485514],[100.397122,13.8482462],[100.3949655,13.8482678]],[[100.3366114,13.8384672],[100.3134426,13.8347658]],[[100.4243216,13.8522112],[100.4226995,13.8523302],[100.4211009,13.8528823],[100.4204347,13.8526876]],[[100.4164124,13.8515072],[100.4143418,13.8512364],[100.4125651,13.8516088],[100.4116059,13.8514864],[100.410694,13.8511635],[100.4091855,13.8511296],[100.4071642,13.8502364],[100.405748,13.8505489],[100.403055,13.8493197],[100.400994,13.8491764],[100.3992328,13.849656],[100.3987233,13.8490275]]]},"properties":{"key":"Khlong Bang Yai","name":"Khlong Bang Yai","name_th":"คลองบางใหญ่","waterway":"canal","length_km":12.4,"risk":null,"risk_type":null,"note":null,"note_th":null,"curated":false}},{"type":"Feature","geometry":{"type":"MultiLineString","coordinates":[[[100.1135594,13.7886186],[100.1136769,13.7908269],[100.114739,13.7945988],[100.1160265,13.7969689],[100.1184512,13.7989538],[100.118993,13.7982401],[100.1197762,13.7957655],[100.1206399,13.7946248],[100.1214177,13.7942237],[100.1223511,13.794255],[100.1257361,13.7953125],[100.130042,13.7938532],[100.1309915,13.793958],[100.132761,13.7948469],[100.1356763,13.794578],[100.1372749,13.7949635],[100.1381762,13.7948436],[100.139823,13.7925149],[100.1428299,13.7919076],[100.1425106,13.7889306],[100.1440824,13.7884825],[100.1482291,13.7889514],[100.1490123,13.7884356],[100.1497297,13.7873816],[100.1500825,13.7857578],[100.1513136,13.7848877],[100.1536579,13.7851118],[100.1553262,13.7859245],[100.1559216,13.7870081],[100.1559807,13.7888316],[100.1568336,13.7899257],[100.1586039,13.7898892],[100.1593871,13.7882325],[100.1613343,13.7858828],[100.1633728,13.7851482],[100.1640166,13.784622],[100.1660711,13.7840698],[100.1667578,13.7832987],[100.1676805,13.7830486],[100.1693595,13.7836634],[100.1695312,13.7843772],[100.1713497,13.7850128],[100.1728678,13.7864455],[100.1773847,13.7893317],[100.1778889,13.7900715],[100.1795197,13.7913427],[100.182792,13.7917699],[100.1833177,13.7915615],[100.1878882,13.7928014],[100.1909239,13.7948436],[100.192091,13.7951669],[100.1934393,13.7966199]]]},"properties":{"key":"Khlong Bang Kaeo","name":"Khlong Bang Kaeo","name_th":"คลองบางแก้ว","waterway":"river","length_km":11.9,"risk":null,"risk_type":null,"note":null,"note_th":null,"curated":false}},{"type":"Feature","geometry":{"type":"MultiLineString","coordinates":[[[100.7528567,13.7240689],[100.7499215,13.7196124],[100.7462874,13.7182468],[100.7442215,13.7160077],[100.7395111,13.7082821],[100.7358516,13.7007679],[100.7335333,13.6922371],[100.7316314,13.686902],[100.73074,13.6828648],[100.7287785,13.6793301],[100.7283831,13.6780514],[100.7271149,13.6767898],[100.7258799,13.6745177],[100.7252702,13.6682085],[100.7248712,13.6668743],[100.7248131,13.6640051],[100.7225487,13.6557381],[100.7208437,13.6532526],[100.719662,13.64967],[100.7182645,13.6472138],[100.7148747,13.6390631]],[[100.7125404,13.6326017],[100.7102207,13.6294882]],[[100.7148747,13.6390631],[100.7142624,13.6380493],[100.713841,13.6356159],[100.7125404,13.6326017]]]},"properties":{"key":"Khlong Lat Krabang","name":"Khlong Lat Krabang","name_th":"คลองลาดกระบัง","waterway":"canal","length_km":11.8,"risk":null,"risk_type":null,"note":null,"note_th":null,"curated":false}},{"type":"Feature","geometry":{"type":"MultiLineString","coordinates":[[[100.4191054,13.9813589],[100.4199851,13.9803178],[100.4200281,13.9799534],[100.4195345,13.9794329],[100.4200495,13.978652],[100.4225815,13.977486],[100.4245663,13.9751331],[100.4268409,13.9730924],[100.4282034,13.9711455],[100.4284931,13.9697712],[100.4297484,13.9696671],[100.4313899,13.9682095],[100.432613,13.9661063],[100.4356707,13.9637116],[100.4364861,13.9614835],[100.4377521,13.9597655],[100.4403807,13.9574749],[100.4413892,13.9560692],[100.4428338,13.9547875]],[[100.3970423,13.9846379],[100.3984154,13.9834643],[100.4031543,13.9831238],[100.4047388,13.9836357],[100.4056403,13.9842807],[100.4090549,13.9852571],[100.4122237,13.9849831],[100.4144091,13.9844265],[100.416772,13.9832248],[100.4191054,13.9813589]],[[100.4460777,13.9517898],[100.4439748,13.9474895],[100.4406286,13.9435698]],[[100.4247753,13.9198292],[100.4245447,13.918754],[100.424863,13.9176866]],[[100.4298383,13.9291073],[100.4276292,13.9258848]],[[100.4428338,13.9547875],[100.4442752,13.9529664],[100.44567,13.9523625],[100.4460777,13.9517898]],[[100.4268848,13.9241887],[100.4247753,13.9198292]],[[100.4406286,13.9435698],[100.438278,13.9411113]],[[100.438278,13.9411113],[100.4351343,13.935479],[100.4298383,13.9291073]],[[100.4276292,13.9258848],[100.4268848,13.9241887]]]},"properties":{"key":"Khlong Lam Pho","name":"Khlong Lam Pho","name_th":"คลองลำโพ","waterway":"river","length_km":11.8,"risk":null,"risk_type":null,"note":null,"note_th":null,"curated":false}},{"type":"Feature","geometry":{"type":"MultiLineString","coordinates":[[[100.2546107,13.991893],[100.2310397,14.0051361],[100.2294626,14.0070515],[100.2280569,14.0117189],[100.2255814,14.014244],[100.2227474,14.0177301]],[[100.2546107,13.991893],[100.2579181,13.9865042],[100.2592163,13.9837974],[100.2603321,13.979987],[100.2612082,13.9712707],[100.2604931,13.9626605],[100.2573734,13.9578999],[100.240434,13.9355705]]]},"properties":{"key":"คลองพระมอ","name":"คลองพระมอ","name_th":"คลองพระมอ","waterway":"canal","length_km":11.8,"risk":null,"risk_type":null,"note":null,"note_th":null,"curated":false}},{"type":"Feature","geometry":{"type":"MultiLineString","coordinates":[[[100.3813748,14.2330333],[100.3816727,14.2154524]],[[100.3816807,14.21497],[100.3826845,14.1533805]],[[100.3816727,14.2154524],[100.3816807,14.21497]],[[100.3810559,14.2593395],[100.3813748,14.2330333]]]},"properties":{"key":"Sai 4 Irrigation Canal","name":"Sai 4 Irrigation Canal","name_th":"คลองส่งน้ำสาย 4","waterway":"canal","length_km":11.8,"risk":null,"risk_type":null,"note":null,"note_th":null,"curated":false}},{"type":"Feature","geometry":{"type":"MultiLineString","coordinates":[[[100.6006379,13.7477609],[100.5970857,13.7491883],[100.5864255,13.7524314],[100.580838,13.753807],[100.5694997,13.7545824],[100.5591489,13.7557481],[100.5523782,13.7560163],[100.5503253,13.7586829],[100.5473373,13.7597239],[100.5471496,13.7604169],[100.5460386,13.7604258],[100.5454501,13.7613256],[100.5433772,13.762613],[100.5423604,13.7636947],[100.5412428,13.764139],[100.5405025,13.7649884],[100.5374593,13.7668361],[100.5370988,13.767453],[100.530332,13.7725473]],[[100.530332,13.7725473],[100.5242438,13.7767947],[100.5237984,13.7775523],[100.5224561,13.7780401],[100.5213464,13.7780622],[100.520173,13.7789737],[100.5178475,13.7794747],[100.5165459,13.7805184],[100.5154684,13.7805838],[100.5142961,13.7818726],[100.5133001,13.7817339],[100.5112916,13.7831397],[100.5104339,13.7832183],[100.5088519,13.7839753],[100.5082665,13.7849131],[100.5072024,13.7849033],[100.5067116,13.7855597],[100.5056109,13.7862184]]]},"properties":{"key":"Khlong Sam Sen","name":"Khlong Sam Sen","name_th":"คลองสามเสน","waterway":"canal","length_km":11.7,"risk":null,"risk_type":null,"note":null,"note_th":null,"curated":false}},{"type":"Feature","geometry":{"type":"MultiLineString","coordinates":[[[100.2796326,14.1266164],[100.2820761,14.1475823]],[[100.2841927,14.1698345],[100.284104,14.1692402]],[[100.284104,14.1692402],[100.2820761,14.1475823]],[[100.2770679,14.1012197],[100.2767178,14.0843261],[100.2761021,14.0800931],[100.2739339,14.073857]],[[100.2739339,14.073857],[100.2719227,14.072364],[100.2723158,14.0683956],[100.2709435,14.0666578]],[[100.2796326,14.1266164],[100.278232,14.1148084],[100.2770679,14.1012197]]]},"properties":{"key":"Khlong Nueng #2","name":"Khlong Nueng","name_th":"คลองหนึ่ง","waterway":"river","length_km":11.7,"risk":null,"risk_type":null,"note":null,"note_th":null,"curated":false}},{"type":"Feature","geometry":{"type":"MultiLineString","coordinates":[[[100.9450659,14.2363465],[100.9453763,14.2344448],[100.9448935,14.232313],[100.9430911,14.2312522],[100.9429623,14.2300666],[100.9420182,14.2276643],[100.9406771,14.2252516],[100.9396686,14.2244196],[100.9392394,14.222454],[100.9391429,14.2194796],[100.939808,14.2158603],[100.9425224,14.213333],[100.9425761,14.2071447],[100.9432305,14.2048565],[100.9451939,14.2032964],[100.9488417,14.201601],[100.9494104,14.200613],[100.9495284,14.1937794],[100.9500434,14.1884747],[100.9499039,14.1854062],[100.9490027,14.1813287],[100.9469749,14.179654],[100.9435739,14.1777504],[100.9419275,14.1751291],[100.9393467,14.1684716],[100.9386386,14.1673169],[100.9376837,14.1641545],[100.9376945,14.1634055],[100.9390141,14.1603055],[100.9415783,14.1582978],[100.9432842,14.1561339],[100.9477688,14.1549272],[100.951878,14.1545423],[100.9529723,14.1537412],[100.9537555,14.1521495]]]},"properties":{"key":"Khlong Maenam Nai","name":"Khlong Maenam Nai","name_th":"คลองแม่น้ำใน","waterway":"river","length_km":11.7,"risk":null,"risk_type":null,"note":null,"note_th":null,"curated":false}},{"type":"Feature","geometry":{"type":"MultiLineString","coordinates":[[[100.4466026,13.5408909],[100.4444351,13.553714],[100.4451335,13.5635225]],[[100.4451335,13.5635225],[100.4467308,13.5822446],[100.4462786,13.5847475],[100.4466496,13.586128],[100.4465737,13.5870449],[100.4474258,13.5878047],[100.4476764,13.5891129],[100.4493028,13.5908931],[100.4492122,13.5920786],[100.4498855,13.5925881],[100.4501767,13.5935922],[100.4507196,13.5942644],[100.4509169,13.596588],[100.4521448,13.5983195],[100.452438,13.6017867],[100.4531614,13.6028106],[100.4537998,13.6044718],[100.4537407,13.6059901]],[[100.4532885,13.503985],[100.4492673,13.5254165],[100.4488282,13.5266845],[100.4473081,13.5366472]],[[100.4473081,13.5366472],[100.4466026,13.5408909]]]},"properties":{"key":"Khlong Khun Ratchaphinit Chai","name":"Khlong Khun Ratchaphinit Chai","name_th":"คลองขุนราชพินิจใจ","waterway":"canal","length_km":11.7,"risk":null,"risk_type":null,"note":null,"note_th":null,"curated":false}},{"type":"Feature","geometry":{"type":"MultiLineString","coordinates":[[[100.4567508,13.7435094],[100.4541469,13.7431477],[100.4528077,13.743718],[100.45168,13.7435514],[100.4503342,13.7443129],[100.449181,13.7440832],[100.4479763,13.7443203],[100.4472066,13.7447973],[100.4461419,13.7448571],[100.4456375,13.7451661],[100.4453001,13.7462214],[100.4440773,13.7469042],[100.4423205,13.746821]],[[100.3787177,13.7609232],[100.3732065,13.7608269],[100.3556082,13.7615457]],[[100.4144951,13.7562063],[100.4109042,13.7579098],[100.409184,13.7584371],[100.4065819,13.7587219]],[[100.4065819,13.7587219],[100.4019515,13.7597445]],[[100.3787177,13.7609232],[100.3968438,13.7609511],[100.4019515,13.7597445]],[[100.4423205,13.746821],[100.4419185,13.7469022],[100.4411889,13.7465048],[100.4401711,13.7469049],[100.4393419,13.7468001],[100.4373997,13.7477122],[100.4343014,13.7484749],[100.430419,13.7483828],[100.4277576,13.7499916],[100.4261241,13.7519805],[100.4251832,13.7525501],[100.4214646,13.7532299],[100.4194476,13.7547287],[100.4167285,13.7553275],[100.4144951,13.7562063]]]},"properties":{"key":"Khlong Bang Noi","name":"Khlong Bang Noi","name_th":"คลองบางน้อย","waterway":"river","length_km":11.6,"risk":null,"risk_type":null,"note":null,"note_th":null,"curated":false}},{"type":"Feature","geometry":{"type":"MultiLineString","coordinates":[[[100.4259855,13.8839672],[100.426883,13.8831688],[100.4261803,13.8824417],[100.4272284,13.882157],[100.4273945,13.8814653],[100.4282904,13.8808926],[100.4280406,13.8802903],[100.4288973,13.880377],[100.4291055,13.8793897],[100.4302827,13.8789472],[100.4310041,13.8792218],[100.4315625,13.8785621],[100.4314761,13.878223],[100.4306458,13.8778315],[100.4302213,13.876898],[100.4306084,13.8761548],[100.4303773,13.8757926]],[[100.4303773,13.8757926],[100.4305074,13.8748012],[100.4301909,13.8738742],[100.4294975,13.8730871],[100.4299602,13.8726998],[100.4309593,13.8728424],[100.4313174,13.8721842],[100.4310707,13.871377],[100.4304309,13.8710899],[100.4296035,13.8711921],[100.4294975,13.8706316],[100.4309446,13.8690752],[100.4322089,13.8684384]],[[100.3749032,13.9025625],[100.377584,13.9024866]],[[100.4184292,13.8941218],[100.4174013,13.8930275],[100.4174785,13.8918747],[100.4172286,13.8914056],[100.4190054,13.8902157],[100.4205721,13.8884497]],[[100.4070518,13.8994046],[100.4096163,13.8984383],[100.4105731,13.8983392],[100.4134163,13.8970094],[100.414143,13.8962725],[100.4152862,13.8962263],[100.4161559,13.8954367],[100.4171239,13.8953202],[100.4179542,13.8947683],[100.4184292,13.8941218]],[[100.377584,13.9024866],[100.378157,13.9027392],[100.3782426,13.9034175],[100.3824343,13.9034418],[100.3832522,13.9039361],[100.3843068,13.9040411],[100.3872859,13.9037921],[100.3875868,13.9032901],[100.3895228,13.903313],[100.3902458,13.902914],[100.3957168,13.9018523],[100.3991811,13.9022259],[100.4070518,13.8994046]],[[100.4205721,13.8884497],[100.4212197,13.887534],[100.4237832,13.8852195],[100.4245896,13.8838212],[100.4259855,13.8839672]],[[100.358448,13.9016559],[100.3635165,13.9022539],[100.3746933,13.9021433],[100.3749032,13.9025625]]]},"properties":{"key":"Khlong Bang Phai","name":"Khlong Bang Phai","name_th":"คลองบางไผ่","waterway":"canal","length_km":11.6,"risk":null,"risk_type":null,"note":null,"note_th":null,"curated":false}},{"type":"Feature","geometry":{"type":"MultiLineString","coordinates":[[[100.1250429,13.7470045],[100.1252426,13.7472119],[100.1260848,13.7468054],[100.1286436,13.746472],[100.1315833,13.7453985],[100.1354618,13.744643],[100.1374949,13.7450129],[100.1404668,13.7447055],[100.1431597,13.7438822],[100.145917,13.7443981],[100.1514638,13.7446169],[100.1551438,13.7445335],[100.157767,13.7440594],[100.1626808,13.7439395],[100.1654811,13.7435695],[100.1666612,13.7442],[100.1694346,13.7444085],[100.1735062,13.7462166],[100.1775778,13.7473161],[100.1876036,13.7481602],[100.1905487,13.7568672],[100.2091525,13.7820793],[100.2093664,13.7828053]]]},"properties":{"key":"คลองประชานาถ","name":"คลองประชานาถ","name_th":"คลองประชานาถ","waterway":"canal","length_km":11.5,"risk":null,"risk_type":null,"note":null,"note_th":null,"curated":false}},{"type":"Feature","geometry":{"type":"MultiLineString","coordinates":[[[100.5632513,13.9342188],[100.5452425,13.8573824]],[[100.5667263,13.9503975],[100.5668524,13.9490536],[100.5633797,13.934727]],[[100.5633797,13.934727],[100.5632513,13.9342188]],[[100.5444906,13.8545323],[100.5432889,13.8494584]],[[100.5452425,13.8573824],[100.5444906,13.8545323]]]},"properties":{"key":"Khlong Suai","name":"Khlong Suai","name_th":"คลองส่วย","waterway":"canal","length_km":11.5,"risk":null,"risk_type":null,"note":null,"note_th":null,"curated":false}},{"type":"Feature","geometry":{"type":"MultiLineString","coordinates":[[[100.4805163,14.0572476],[100.4512169,14.0766992]],[[100.4966809,14.0472108],[100.4805163,14.0572476]],[[100.5427624,14.0298352],[100.5414278,14.0306782],[100.5387827,14.0315053],[100.5354574,14.0318649],[100.5342183,14.0323324],[100.5316502,14.0313512],[100.524424,14.0319144]],[[100.524424,14.0319144],[100.5213905,14.0320369],[100.4966809,14.0472108]]]},"properties":{"key":"Khlong Bang Pho Nuea","name":"Khlong Bang Pho Nuea","name_th":"คลองบางโพธิ์เหนือ","waterway":"canal","length_km":11.5,"risk":null,"risk_type":null,"note":null,"note_th":null,"curated":false}},{"type":"Feature","geometry":{"type":"MultiLineString","coordinates":[[[101.0033017,13.7383231],[101.0021912,13.7378892],[100.9929939,13.7452221],[100.9908866,13.7442668],[100.9889666,13.7439848],[100.9875523,13.7430932],[100.9836092,13.742611],[100.9806777,13.7427293],[100.9787952,13.7391357],[100.9779241,13.7379984],[100.9770906,13.7378437],[100.9750113,13.7388627],[100.9737188,13.7391266],[100.9728478,13.739727],[100.9702253,13.7433389],[100.9692981,13.7441031],[100.967247,13.7444761],[100.9665164,13.7456497],[100.9642238,13.7470292],[100.9629958,13.7490275],[100.9614003,13.7491907],[100.9594586,13.7487013],[100.9585139,13.7489664],[100.9580521,13.7499349],[100.9579681,13.7515866],[100.9571914,13.7522798],[100.9552706,13.7526571],[100.9546093,13.7533503],[100.9543155,13.7557972],[100.9518699,13.7607723],[100.9508202,13.7616695],[100.9493088,13.7621384],[100.9462229,13.7640041],[100.9439768,13.7645036],[100.9431686,13.7654517],[100.9425178,13.76798],[100.942098,13.7684591],[100.940723,13.7690606],[100.9405025,13.7707631],[100.9388966,13.7718233],[100.9376896,13.7734952],[100.9372592,13.7754831],[100.937973,13.7778583],[100.9374482,13.7800296],[100.9383193,13.7822417],[100.9382249,13.7830063],[100.9371065,13.7847649]]]},"properties":{"key":"Khlong Bueng Khat Son","name":"Khlong Bueng Khat Son","name_th":"คลองบึงคัดซ้อน","waterway":"river","length_km":11.3,"risk":null,"risk_type":null,"note":null,"note_th":null,"curated":false}},{"type":"Feature","geometry":{"type":"MultiLineString","coordinates":[[[100.253599,13.9277085],[100.252819,13.9216387],[100.2530336,13.9197382],[100.2571212,13.8998679],[100.263462,13.8770974],[100.2673029,13.8647576],[100.2669006,13.8581432],[100.2649908,13.8390541],[100.2643736,13.8293073]]]},"properties":{"key":"คลองชัยขันธ์","name":"คลองชัยขันธ์","name_th":"คลองชัยขันธ์","waterway":"canal","length_km":11.2,"risk":null,"risk_type":null,"note":null,"note_th":null,"curated":false}},{"type":"Feature","geometry":{"type":"MultiLineString","coordinates":[[[100.7447655,13.5067643],[100.74429,13.5041391],[100.7436673,13.5033964]],[[100.7622056,13.5976116],[100.7620306,13.5928933],[100.7613997,13.5904778],[100.759574,13.5859834],[100.7448225,13.5070799]],[[100.7436673,13.5033964],[100.7433213,13.5003098]],[[100.7448225,13.5070799],[100.7447655,13.5067643]]]},"properties":{"key":"Suvarnabhumi Drainage Canal","name":"Suvarnabhumi Drainage Canal","name_th":"คลองระบายน้ำสุวรรณภูมิ","waterway":"canal","length_km":11,"risk":null,"risk_type":null,"note":null,"note_th":null,"curated":false}},{"type":"Feature","geometry":{"type":"MultiLineString","coordinates":[[[100.5897442,13.843833],[100.5909358,13.837216],[100.5897964,13.8323689],[100.5898225,13.8287614],[100.5890224,13.8240747],[100.5892436,13.8223339],[100.5891091,13.8196208],[100.5894598,13.8178362],[100.5888661,13.8136652],[100.588452,13.8125877],[100.58895,13.8102386],[100.5886702,13.8044138],[100.5882515,13.8029696],[100.5890528,13.8002179],[100.5894382,13.7917621],[100.5900116,13.7893781],[100.5899392,13.7873238],[100.5920989,13.7815591],[100.5933957,13.7795451],[100.5935409,13.7767492],[100.593086,13.7727228],[100.5937708,13.7685224],[100.5947112,13.7655869],[100.5945775,13.7631864],[100.5947769,13.7623855],[100.597532,13.7575836],[100.6033662,13.7519765],[100.6040029,13.7509813]]]},"properties":{"key":"Khlong Lat Phrao","name":"Khlong Lat Phrao","name_th":"คลองลาดพร้าว","waterway":"canal","length_km":10.9,"risk":2,"risk_type":"flash","note":"Urban drainage canal behind Lat Phrao Rd. Rain from 8 northern districts flows south into Khlong Saen Saep, then through the Rama IX drainage tunnel (\"the city's navel\") to Phra Khanong pumping station. A model BMA \"Kaem Ling\" canal — water is held in the channel at high tide and released at low tide; surrounding streets flood chronically when the canal hits capacity.","note_th":"คลองระบายน้ำเมืองหลังถนนลาดพร้าว น้ำฝน 8 เขตฝั่งเหนือไหลลงใต้เข้าคลองแสนแสบ ต่อผ่านอุโมงค์ระบายน้ำราม 9 (\"สะดือระบายน้ำของกรุงเทพฯ\") สู่สถานีสูบน้ำพระโขนง เป็นคลองแก้มลิงต้นแบบของ กทม. — กักน้ำช่วงน้ำขึ้น ระบายช่วงน้ำลง ถนนโดยรอบท่วมเรื้อรังเมื่อคลองเต็มกำลัง","curated":true}},{"type":"Feature","geometry":{"type":"MultiLineString","coordinates":[[[100.4143687,13.7387566],[100.4051049,13.7411284],[100.3954355,13.7410425],[100.3812216,13.7398905]],[[100.4159525,13.7382291],[100.4175057,13.7379502],[100.4205496,13.7411083],[100.4210995,13.7410669],[100.4224972,13.7398848],[100.4243954,13.7404153]],[[100.3592716,13.7379332],[100.3402012,13.7365778],[100.3374847,13.7360508]],[[100.3812216,13.7398905],[100.3592716,13.7379332]],[[100.3374847,13.7360508],[100.3348055,13.7359647],[100.3322591,13.7349527],[100.3299068,13.7334727]],[[100.4143687,13.7387566],[100.4159525,13.7382291]],[[100.3294287,13.7331533],[100.3275229,13.7324011]],[[100.3299068,13.7334727],[100.3294287,13.7331533]]]},"properties":{"key":"Khlong Bang Phai #2","name":"Khlong Bang Phai","name_th":"คลองบางไผ่","waterway":"canal","length_km":10.9,"risk":null,"risk_type":null,"note":null,"note_th":null,"curated":false}},{"type":"Feature","geometry":{"type":"MultiLineString","coordinates":[[[100.7479064,13.5993009],[100.7486063,13.5886689],[100.7476419,13.582655],[100.7447394,13.578821],[100.7410362,13.5765745],[100.7395941,13.5753672],[100.7383885,13.5737487],[100.7373149,13.5709803],[100.7351028,13.5457827],[100.733895,13.5419095],[100.730055,13.5070768]]]},"properties":{"key":"คลองบางปลา","name":"คลองบางปลา","name_th":"คลองบางปลา","waterway":"canal","length_km":10.8,"risk":null,"risk_type":null,"note":null,"note_th":null,"curated":false}},{"type":"Feature","geometry":{"type":"MultiLineString","coordinates":[[[100.4425976,14.0188625],[100.4498667,14.0156542]],[[100.5154234,13.9944364],[100.5147524,13.9954758],[100.5132933,13.995861],[100.5126281,13.9963711],[100.5107613,13.9962982],[100.5106325,13.99736],[100.5084224,13.9988071],[100.5078109,13.9997336],[100.504957,13.9994109],[100.503294,13.998172],[100.4984875,13.9974537],[100.4961271,13.9998689],[100.4955049,14.0001187],[100.4906018,13.9986405],[100.4890247,13.9985468],[100.487587,13.9991506],[100.4856343,13.9982033],[100.4850764,13.9990257],[100.4808922,14.0007433],[100.4794331,14.0022944],[100.4781134,14.0044805],[100.4720624,14.0085196],[100.4603899,14.011351],[100.4523364,14.0146539]],[[100.5280784,13.9880526],[100.5260374,13.9889126],[100.52453,13.9888137],[100.5240065,13.9892814],[100.5231997,13.989126],[100.5221021,13.9893959],[100.5212599,13.9902808],[100.5186152,13.9920038],[100.5171905,13.9934421],[100.5156751,13.9940079],[100.5154234,13.9944364]],[[100.4498667,14.0156542],[100.4502727,14.0154575]],[[100.4502727,14.0154575],[100.4523364,14.0146539]]]},"properties":{"key":"Khlong Bang Pho Tai","name":"Khlong Bang Pho Tai","name_th":"คลองบางโพธิ์ใต้","waterway":"canal","length_km":10.8,"risk":null,"risk_type":null,"note":null,"note_th":null,"curated":false}},{"type":"Feature","geometry":{"type":"MultiLineString","coordinates":[[[100.4932785,14.076659],[100.4792963,14.0817717],[100.4612037,14.0937017],[100.4603297,14.094917],[100.4583748,14.0964615]],[[100.5240351,14.0767747],[100.5213277,14.0761099],[100.5152569,14.0756855],[100.5133864,14.0743911],[100.5123363,14.074025],[100.5092572,14.0740197],[100.50626,14.073033],[100.5058608,14.0733354],[100.5062053,14.0741948],[100.5053139,14.0743433],[100.5040067,14.0735635],[100.5032684,14.073728],[100.5015511,14.0729057],[100.49507,14.0732505],[100.4934949,14.0749269],[100.4932785,14.076659]],[[100.4583748,14.0964615],[100.453282,14.1001122],[100.4509807,14.1021517],[100.4479927,14.1037853],[100.443854,14.1073931]],[[100.443854,14.1073931],[100.441829,14.1098568],[100.4408553,14.1104421]]]},"properties":{"key":"Khlong Khwai","name":"Khlong Khwai","name_th":"คลองควาย","waterway":"canal","length_km":10.8,"risk":null,"risk_type":null,"note":null,"note_th":null,"curated":false}},{"type":"Feature","geometry":{"type":"MultiLineString","coordinates":[[[100.2987542,14.2192719],[100.2989061,14.1799454]],[[100.2989285,14.1779067],[100.2988259,14.1669112]],[[100.2989061,14.1799454],[100.2989385,14.1789864]],[[100.2989285,14.1779067],[100.2989385,14.1789864]],[[100.2938363,14.248111],[100.2978705,14.237401],[100.2983423,14.2349923],[100.2987711,14.2265002],[100.2987542,14.2192719]],[[100.2996993,14.2619175],[100.298792,14.2605457],[100.2981161,14.2583101],[100.2965175,14.2551594],[100.2938363,14.248111]]]},"properties":{"key":"Khlong Bang Sai-Lat Bua Luang","name":"Khlong Bang Sai-Lat Bua Luang","name_th":"คลองบางซ้าย-ลาดบัวหลวง","waterway":"canal","length_km":10.8,"risk":null,"risk_type":null,"note":null,"note_th":null,"curated":false}},{"type":"Feature","geometry":{"type":"MultiLineString","coordinates":[[[100.68677,13.9161911],[100.6854303,13.9147033],[100.6838375,13.9137074],[100.6836097,13.9113552],[100.6868847,13.9094299],[100.6870034,13.9078557],[100.6877419,13.9058133],[100.6892708,13.9036015],[100.6901952,13.9017206],[100.6904614,13.900476],[100.6922693,13.8979364],[100.6914007,13.8905102],[100.6913398,13.8873454],[100.6920483,13.8866576],[100.6906523,13.8856336],[100.6900147,13.8845789],[100.6893555,13.8815728],[100.6898636,13.8796942],[100.6880915,13.878743],[100.6857567,13.8757815],[100.6846773,13.8749417],[100.6843903,13.8736449],[100.6856342,13.8697024],[100.6856036,13.8689295],[100.6841568,13.8665699],[100.6831949,13.862329],[100.6802343,13.8586454]],[[100.6868292,13.9162736],[100.68677,13.9161911]],[[100.6802343,13.8586454],[100.6774104,13.8579823],[100.6763117,13.8574406],[100.6753144,13.8564235]],[[100.6753144,13.8564235],[100.6740631,13.8553033],[100.6708886,13.8536578],[100.6707928,13.8527573]],[[100.6897725,13.9310455],[100.6893584,13.9259664],[100.6886831,13.9250461],[100.688542,13.923872],[100.6878677,13.9228967],[100.6871442,13.9208368],[100.6875195,13.9173209],[100.6868292,13.9162736]]]},"properties":{"key":"Khlong Phraya Suren","name":"Khlong Phraya Suren","name_th":"คลองพระยาสุเรนทร์","waterway":"canal","length_km":10.6,"risk":null,"risk_type":null,"note":null,"note_th":null,"curated":false}},{"type":"Feature","geometry":{"type":"MultiLineString","coordinates":[[[100.6049199,14.1350975],[100.6032575,14.1353452],[100.6022448,14.1351126],[100.6017704,14.1349627],[100.6012214,14.1342752],[100.5974635,14.1323162],[100.5933965,14.1323472],[100.5894521,14.1311221],[100.5885993,14.1306828],[100.5875865,14.1295714],[100.5864139,14.1291372],[100.5842924,14.1288736],[100.583349,14.129039],[100.5822118,14.1286615]],[[100.5804603,14.1276502],[100.5750746,14.1237294],[100.5745096,14.1229385],[100.5734222,14.1224423],[100.5707197,14.1226025],[100.5684864,14.1221838],[100.5665142,14.1224681],[100.5626231,14.122189],[100.5616476,14.1214498],[100.5610773,14.1205917],[100.560321,14.1179772],[100.5584256,14.119167],[100.5578478,14.1192631],[100.5573966,14.119802],[100.5559771,14.1200742],[100.5545024,14.1194552],[100.5539082,14.1187935],[100.5530664,14.1186494],[100.5528188,14.1179717],[100.5521915,14.1183079],[100.5519109,14.1172407],[100.5528518,14.1170966],[100.5530884,14.1160721],[100.5540843,14.1149889],[100.5536276,14.1144179],[100.5536056,14.1137295],[100.5528683,14.113292],[100.553358,14.1118618],[100.5539151,14.1116097],[100.553483,14.1111848],[100.5493849,14.1103576]],[[100.6208485,14.1449163],[100.6196798,14.1449592]],[[100.6062544,14.1356807],[100.6049199,14.1350975]],[[100.6196798,14.1449592],[100.6172914,14.144384],[100.6062544,14.1356807]],[[100.5822118,14.1286615],[100.5804603,14.1276502]]]},"properties":{"key":"Khlong Chiang Rak Noi","name":"Khlong Chiang Rak Noi","name_th":"คลองเชียงรากน้อย","waterway":"canal","length_km":10.3,"risk":null,"risk_type":null,"note":null,"note_th":null,"curated":false}},{"type":"Feature","geometry":{"type":"MultiLineString","coordinates":[[[100.6978222,13.5865183],[100.6882496,13.5340433],[100.6845533,13.5242759],[100.6826207,13.5169686]],[[100.6999493,13.6066386],[100.6978222,13.5865183]]]},"properties":{"key":"Khlong Khut Mai","name":"Khlong Khut Mai","name_th":"คลองขุดใหม่","waterway":"canal","length_km":10.2,"risk":null,"risk_type":null,"note":null,"note_th":null,"curated":false}},{"type":"Feature","geometry":{"type":"MultiLineString","coordinates":[[[100.3613563,13.9881822],[100.3774979,13.9801721],[100.3865257,13.965779],[100.3894843,13.9619208],[100.3914568,13.9576438],[100.4045776,13.9433891],[100.415354,13.9363036],[100.4298383,13.9291073]]]},"properties":{"key":"Khlong Lam Ri","name":"Khlong Lam Ri","name_th":"คลองลำรี","waterway":"canal","length_km":10.2,"risk":null,"risk_type":null,"note":null,"note_th":null,"curated":false}},{"type":"Feature","geometry":{"type":"MultiLineString","coordinates":[[[100.7536253,13.6219952],[100.7533678,13.6202799],[100.7517906,13.6153687],[100.7500011,13.6125381],[100.7493539,13.6121931],[100.7471491,13.6125421],[100.7441091,13.6117548],[100.7420812,13.6115809]],[[100.7849102,13.6619718],[100.7837246,13.6601864],[100.7825444,13.6589458],[100.7810638,13.6580075],[100.7769976,13.6531492],[100.7756243,13.6521379],[100.7739184,13.6501362],[100.771837,13.6489893],[100.7703242,13.6477174],[100.7680497,13.64509],[100.7677708,13.6439849],[100.7679424,13.6425461],[100.7684574,13.6412428],[100.7693399,13.6401892],[100.7695196,13.6392102],[100.7693157,13.6377192],[100.7686291,13.6364159],[100.7646487,13.6335382],[100.7617009,13.6296272],[100.7550061,13.62481],[100.7541049,13.6236318],[100.7536253,13.6219952]],[[100.7849102,13.6619718],[100.7863764,13.6640065]],[[100.7863764,13.6640065],[100.7889687,13.6671581]],[[100.7889687,13.6671581],[100.7906017,13.6689227],[100.7923089,13.6685081]],[[100.7923089,13.6685081],[100.793241,13.6684119],[100.7963631,13.6691312],[100.7993532,13.667744]]]},"properties":{"key":"Khlong Bang Nam Chuet","name":"Khlong Bang Nam Chuet","name_th":"คลองบางน้ำจืด","waterway":"river","length_km":10.1,"risk":null,"risk_type":null,"note":null,"note_th":null,"curated":false}},{"type":"Feature","geometry":{"type":"MultiLineString","coordinates":[[[101.0194157,14.2079195],[100.984757,14.1824001],[100.9751006,14.1757948],[100.9684546,14.1714987],[100.9423264,14.1572953]]]},"properties":{"key":"Khlong Sam Sip","name":"Khlong Sam Sip","name_th":"คลองสามสิบ","waterway":"canal","length_km":10.1,"risk":null,"risk_type":null,"note":null,"note_th":null,"curated":false}},{"type":"Feature","geometry":{"type":"MultiLineString","coordinates":[[[100.3719075,13.6370844],[100.3797908,13.6428306],[100.3831462,13.6449315],[100.3938759,13.6512432],[100.3973252,13.6528488],[100.3984866,13.6538679],[100.4208747,13.6669914],[100.4294103,13.6716902],[100.4324593,13.6737351],[100.4386302,13.6768618],[100.4394647,13.6775476],[100.4421003,13.6786514],[100.4434044,13.6795758]],[[100.4475619,13.681413],[100.4486276,13.6816292]],[[100.4434044,13.6795758],[100.4443426,13.6795263],[100.4448557,13.6801938],[100.4454868,13.6799175],[100.4459149,13.6809603],[100.4464862,13.6806082],[100.4469022,13.6809473],[100.4476689,13.6806421],[100.4475619,13.681413]]]},"properties":{"key":"Khlong Bang Bon","name":"Khlong Bang Bon","name_th":"คลองบางบอน","waterway":"canal","length_km":10,"risk":null,"risk_type":null,"note":null,"note_th":null,"curated":false}},{"type":"Feature","geometry":{"type":"MultiLineString","coordinates":[[[100.7297044,13.8112052],[100.7344854,13.7969718]],[[100.7389058,13.7731906],[100.739025,13.7273196]],[[100.7344854,13.7969718],[100.7387942,13.783516],[100.7388943,13.7788896]],[[100.7388943,13.7788896],[100.7388699,13.7773473]],[[100.7388699,13.7773473],[100.7389058,13.7731906]],[[100.739025,13.7273196],[100.7390414,13.7239653]]]},"properties":{"key":"Khlong Song Ton Nun","name":"Khlong Song Ton Nun","name_th":"คลองสองต้นนุ่น","waterway":"canal","length_km":9.9,"risk":null,"risk_type":null,"note":null,"note_th":null,"curated":false}},{"type":"Feature","geometry":{"type":"MultiLineString","coordinates":[[[100.4110064,13.5230437],[100.4123085,13.5230486],[100.4126089,13.5228191],[100.4126995,13.5218514]],[[100.321736,13.5226572],[100.388748,13.5229545]],[[100.408996,13.5230191],[100.4110064,13.5230437]],[[100.388748,13.5229545],[100.408996,13.5230191]]]},"properties":{"key":"Khlong Sahakorn","name":"Khlong Sahakorn","name_th":"คลองสหกรณ์","waterway":"canal","length_km":9.9,"risk":null,"risk_type":null,"note":null,"note_th":null,"curated":false}},{"type":"Feature","geometry":{"type":"MultiLineString","coordinates":[[[100.5745109,13.8754829],[100.5672345,13.8773855],[100.5636977,13.8775353],[100.5632237,13.8768824],[100.5593391,13.8769311]],[[100.5505804,13.8775998],[100.5501007,13.8776951]],[[100.5592577,13.8769326],[100.5586192,13.8768778],[100.5581133,13.8755719],[100.553184,13.8771387],[100.5505804,13.8775998]],[[100.5593391,13.8769311],[100.5592577,13.8769326]],[[100.5501007,13.8776951],[100.5487349,13.8779843],[100.5479875,13.8791179],[100.5465296,13.8802769],[100.5407368,13.8813359],[100.5356728,13.8832523],[100.5299516,13.8849162],[100.5281385,13.8849578],[100.51872,13.8877929],[100.5135833,13.8889232],[100.5131799,13.8892898],[100.5051891,13.8913311]],[[100.5051891,13.8913311],[100.5043136,13.8923393],[100.502995,13.8925271],[100.501052,13.8942057],[100.5003509,13.8941279],[100.4994813,13.8946473],[100.4973699,13.8951972],[100.4960223,13.8947056],[100.4906579,13.8943223]]]},"properties":{"key":"Khlong Bang Talat","name":"Khlong Bang Talat","name_th":"คลองบางตลาด","waterway":"canal","length_km":9.8,"risk":null,"risk_type":null,"note":null,"note_th":null,"curated":false}},{"type":"Feature","geometry":{"type":"MultiLineString","coordinates":[[[100.7233579,13.5378605],[100.6898211,13.5426207]],[[100.7235854,13.5378435],[100.7499024,13.5345198]],[[100.7499024,13.5345198],[100.779727,13.5311847]]]},"properties":{"key":"Khlong Ha #2","name":"Khlong Ha","name_th":"คลองห้า","waterway":"canal","length_km":9.8,"risk":null,"risk_type":null,"note":null,"note_th":null,"curated":false}},{"type":"Feature","geometry":{"type":"MultiLineString","coordinates":[[[100.2784958,13.9081438],[100.2862501,13.9120788],[100.286513,13.9120268],[100.2868724,13.9106],[100.2970165,13.9130421],[100.3009325,13.9135993],[100.3002191,13.9193894],[100.3003907,13.9195769]],[[100.3003907,13.9195769],[100.3078876,13.9230745]],[[100.3078876,13.9230745],[100.3115272,13.9249347],[100.3167228,13.930975],[100.3246486,13.9415229],[100.3303783,13.9452925],[100.3373129,13.9504321],[100.3432036,13.9583565]]]},"properties":{"key":"Khlong Masong","name":"Khlong Masong","name_th":"คลองมะสง","waterway":"canal","length_km":9.8,"risk":null,"risk_type":null,"note":null,"note_th":null,"curated":false}},{"type":"Feature","geometry":{"type":"MultiLineString","coordinates":[[[100.6747792,13.7001663],[100.6756459,13.6952972],[100.6765592,13.6951147],[100.6770071,13.6930542],[100.6747474,13.687091],[100.6733275,13.6810777],[100.6722352,13.6802079],[100.6704977,13.6772741],[100.6689779,13.6720243],[100.6668709,13.6681769]],[[100.6461064,13.6207145],[100.6469391,13.6232968],[100.648178,13.625371],[100.6509026,13.6330152],[100.6535995,13.6391072],[100.6566774,13.645261],[100.659764,13.6502038],[100.6621259,13.6553528],[100.6636628,13.6580071],[100.6644775,13.6615913],[100.665032,13.6624561],[100.6664483,13.6671657]],[[100.6664483,13.6671657],[100.6668709,13.6681769]]]},"properties":{"key":"Khlong Palat Priang","name":"Khlong Palat Priang","name_th":"คลองปลัดเปรียง","waterway":"canal","length_km":9.7,"risk":null,"risk_type":null,"note":null,"note_th":null,"curated":false}},{"type":"Feature","geometry":{"type":"MultiLineString","coordinates":[[[100.6889781,13.5378973],[100.7327125,13.5313639]],[[100.7327125,13.5313639],[100.7582944,13.5299529],[100.7650964,13.5287638],[100.7768767,13.5260934]],[[100.7768767,13.5260934],[100.7772301,13.5253812]]]},"properties":{"key":"Khlong Si #2","name":"Khlong Si","name_th":"คลองสี่","waterway":"canal","length_km":9.7,"risk":null,"risk_type":null,"note":null,"note_th":null,"curated":false}},{"type":"Feature","geometry":{"type":"MultiLineString","coordinates":[[[100.2346069,14.1755505],[100.2386624,14.15925],[100.2383416,14.1552735],[100.2377237,14.1527221],[100.235535,14.1469223],[100.2352571,14.1453516],[100.2334911,14.140935],[100.2326758,14.1368855],[100.2296775,14.1355721],[100.2272367,14.1333879],[100.2269326,14.1311686],[100.2258824,14.1298973],[100.2259476,14.1287596],[100.225274,14.1261749],[100.225356,14.1240261],[100.2249714,14.1226564],[100.2256405,14.1209475],[100.2268694,14.1198878],[100.2281201,14.1181924],[100.2277906,14.1160797],[100.2285834,14.1100372],[100.2277104,14.1056197],[100.2276035,14.1019796],[100.2265999,14.0949758]]]},"properties":{"key":"คลองบอนใหญ่","name":"คลองบอนใหญ่","name_th":"คลองบอนใหญ่","waterway":"canal","length_km":9.7,"risk":null,"risk_type":null,"note":null,"note_th":null,"curated":false}},{"type":"Feature","geometry":{"type":"MultiLineString","coordinates":[[[100.3134426,13.8347658],[100.2871729,13.8312878],[100.273693,13.8299757],[100.2660877,13.82973],[100.2633518,13.8292284],[100.2390558,13.8281934],[100.2349992,13.8283008],[100.2317708,13.8288753],[100.2244141,13.8288602]]]},"properties":{"key":"Khlong Yong","name":"Khlong Yong","name_th":"คลองโยง","waterway":"canal","length_km":9.7,"risk":null,"risk_type":null,"note":null,"note_th":null,"curated":false}},{"type":"Feature","geometry":{"type":"MultiLineString","coordinates":[[[100.2804994,14.2170774],[100.2787855,14.2138923],[100.2790162,14.2131903],[100.2770179,14.2112584],[100.2744591,14.2101455],[100.2743196,14.2094019],[100.2729845,14.2070809],[100.2714132,14.2005707],[100.2706537,14.20031],[100.268813,14.1882051],[100.2679879,14.1804228],[100.2668773,14.1772393],[100.2659496,14.1721261]],[[100.2873313,14.2390894],[100.2869014,14.2378177],[100.2864614,14.2340684],[100.284202,14.2253163]],[[100.284202,14.2253163],[100.2831897,14.2210034],[100.2822617,14.2210476],[100.2817683,14.2198343]],[[100.2817683,14.2198343],[100.2804994,14.2170774]],[[100.2885182,14.2394803],[100.2876073,14.2398319],[100.2873313,14.2390894]],[[100.2938363,14.248111],[100.2929832,14.2464071],[100.2934736,14.2460119],[100.289875,14.240652],[100.2885182,14.2394803]]]},"properties":{"key":"Khlong Lak Chai","name":"Khlong Lak Chai","name_th":"คลองหลักชัย","waterway":"canal","length_km":9.6,"risk":null,"risk_type":null,"note":null,"note_th":null,"curated":false}},{"type":"Feature","geometry":{"type":"MultiLineString","coordinates":[[[100.513068,13.9855087],[100.5135708,13.9854403]],[[100.5135708,13.9854403],[100.5147293,13.9852948]],[[100.5150712,13.9852531],[100.5164479,13.9850854]],[[100.5150249,13.9852587],[100.5150712,13.9852531]],[[100.5147293,13.9852948],[100.5150249,13.9852587]],[[100.5164479,13.9850854],[100.5237557,13.9840877]],[[100.5239548,13.9840393],[100.5267077,13.9835777]],[[100.5237557,13.9840877],[100.5239548,13.9840393]],[[100.4688929,13.9979424],[100.4693495,13.9977308]],[[100.4693495,13.9977308],[100.474556,13.99481],[100.4772083,13.9940729],[100.4801019,13.9924797],[100.5023663,13.9877196]],[[100.4402152,14.002372],[100.4502975,14.0005282],[100.4688929,13.9979424]],[[100.503291,13.9875023],[100.513068,13.9855087]],[[100.5023663,13.9877196],[100.503291,13.9875023]]]},"properties":{"key":"Khlong Bang Duea","name":"Khlong Bang Duea","name_th":"คลองบางเดื่อ","waterway":"river","length_km":9.6,"risk":null,"risk_type":null,"note":null,"note_th":null,"curated":false}},{"type":"Feature","geometry":{"type":"MultiLineString","coordinates":[[[100.4163653,13.7689383],[100.4070619,13.7688517],[100.3907889,13.7699458],[100.3783521,13.7711957],[100.37487,13.7711914]],[[100.4325453,13.7692706],[100.4220067,13.7693131],[100.420917,13.7690254],[100.4163653,13.7689383]],[[100.4362378,13.774469],[100.4365113,13.7731759],[100.4362916,13.7729343],[100.4354169,13.7733301],[100.4348374,13.7728896],[100.4343378,13.7732606],[100.4334851,13.772972],[100.4331267,13.7733358],[100.4325744,13.7730755]],[[100.4544181,13.7721478],[100.4523039,13.7721408]],[[100.4523039,13.7721408],[100.4499651,13.7718503],[100.4490135,13.7725878],[100.4469738,13.7733615],[100.4456727,13.7728664],[100.44219,13.7734506],[100.4403231,13.7732995],[100.438399,13.7742193],[100.4362378,13.774469]],[[100.4325744,13.7730755],[100.4328715,13.7719933],[100.4325453,13.7692706]]]},"properties":{"key":"Khlong Bang Ramat","name":"Khlong Bang Ramat","name_th":"คลองบางระมาด","waterway":"canal","length_km":9.5,"risk":3,"risk_type":"riverine","note":"Taling Chan; flooded from the river in 2011; gate and pump defenses added since.","note_th":"อยู่ที่ตลิ่งชัน ท่วมจากแม่น้ำปี 2554 ต่อมาเพิ่มประตูน้ำและปั๊มเป็นแนวป้องกัน","curated":true}},{"type":"Feature","geometry":{"type":"MultiLineString","coordinates":[[[100.1304863,13.6662259],[100.1387558,13.6683893],[100.1468095,13.6709333],[100.14796,13.6707792],[100.1509034,13.6695862],[100.1853995,13.6508166],[100.1922244,13.6461943],[100.193845,13.6456128],[100.1939139,13.6450381],[100.1972407,13.6421417],[100.1976031,13.6422173],[100.1979102,13.6430506],[100.2005926,13.6438904],[100.2018377,13.644608],[100.20363,13.6435742],[100.2057095,13.6435742],[100.2072089,13.6425703]]]},"properties":{"key":"คลองตัน","name":"คลองตัน","name_th":"คลองตัน","waterway":"canal","length_km":9.5,"risk":null,"risk_type":null,"note":null,"note_th":null,"curated":false}},{"type":"Feature","geometry":{"type":"MultiLineString","coordinates":[[[100.731624,13.5217911],[100.7469174,13.5185377]],[[100.731624,13.5217911],[100.7166207,13.5249076],[100.686392,13.5291733]],[[100.7469174,13.5185377],[100.7719901,13.5129869]]]},"properties":{"key":"Khlong Song #2","name":"Khlong Song","name_th":"คลองสอง","waterway":"canal","length_km":9.4,"risk":null,"risk_type":null,"note":null,"note_th":null,"curated":false}},{"type":"Feature","geometry":{"type":"MultiLineString","coordinates":[[[100.7688188,13.7569281],[100.7691726,13.7280469]],[[100.7685045,13.8068431],[100.7685803,13.7823873]],[[100.7685803,13.7823873],[100.7685635,13.7819635]],[[100.7685635,13.7819635],[100.7688188,13.7569281]],[[100.7691726,13.7280469],[100.769209,13.7240372]]]},"properties":{"key":"Khlong Si Prawet","name":"Khlong Si Prawet","name_th":"คลองสี่ประเวศ","waterway":"canal","length_km":9.2,"risk":null,"risk_type":null,"note":null,"note_th":null,"curated":false}},{"type":"Feature","geometry":{"type":"MultiLineString","coordinates":[[[100.5876398,14.0613585],[100.5874131,14.0604145],[100.5876763,14.0594675],[100.5874834,14.0575725],[100.5876508,14.0555269],[100.5871999,14.0514845],[100.58743,14.0488771]],[[100.5534772,14.0509547],[100.5596028,14.053941],[100.5623355,14.0560207],[100.5642162,14.0582717],[100.5659579,14.0627364],[100.566507,14.0679953],[100.5663671,14.0724811],[100.5681123,14.0758468],[100.5693082,14.0795414],[100.5713869,14.0828511],[100.5727559,14.0830558],[100.576302,14.082409],[100.5802078,14.0800103],[100.5836719,14.0764598],[100.5851502,14.0731552],[100.5857643,14.0724384],[100.5863318,14.0705372]],[[100.5872493,14.0655424],[100.5879073,14.0642699],[100.587485,14.0627079],[100.5879216,14.0620032],[100.5876398,14.0613585]],[[100.5871284,14.066084],[100.5872493,14.0655424]],[[100.5863318,14.0705372],[100.5872537,14.0668158],[100.5871284,14.066084]]]},"properties":{"key":"Khlong Ban Phrao","name":"Khlong Ban Phrao","name_th":"คลองบ้านพร้าว","waterway":"river","length_km":9.2,"risk":null,"risk_type":null,"note":null,"note_th":null,"curated":false}},{"type":"Feature","geometry":{"type":"MultiLineString","coordinates":[[[100.6017349,13.7120018],[100.6016426,13.7113493],[100.6011983,13.7111265],[100.5996778,13.71186],[100.5982444,13.7121352],[100.5968988,13.7103513],[100.5922177,13.708739],[100.590245,13.705973],[100.5895646,13.7054421],[100.5880649,13.7050974]],[[100.5880649,13.7050974],[100.5810697,13.7035381],[100.5806577,13.702821],[100.5808581,13.701146],[100.5801808,13.6991088]],[[100.634611,13.7147565],[100.6336836,13.714901],[100.6326684,13.7145918],[100.6294462,13.7154405],[100.6281276,13.7149876],[100.6279678,13.7143375],[100.6256793,13.7123256],[100.6247297,13.7128977],[100.6241036,13.7146983],[100.6224766,13.7144543],[100.6221052,13.7131932],[100.6214173,13.7123548],[100.6213906,13.7102541],[100.6209524,13.710282],[100.6199145,13.711407],[100.6192492,13.7114872],[100.6180112,13.7103622],[100.6163638,13.7098016],[100.6157628,13.7104594],[100.616438,13.7114313],[100.6157127,13.7129013],[100.6149299,13.7133119],[100.6134819,13.7126009],[100.6124452,13.7129415],[100.6120761,13.7155354],[100.607852,13.715885],[100.6070117,13.7157271],[100.6062763,13.7151615]],[[100.6062763,13.7151615],[100.6053255,13.714103],[100.6021597,13.7134222],[100.6017349,13.7120018]],[[100.639267,13.7149187],[100.6359868,13.7145423],[100.634611,13.7147565]]]},"properties":{"key":"Khlong Phra Khanong","name":"Khlong Phra Khanong","name_th":"คลองพระโขนง","waterway":"river","length_km":9,"risk":3,"risk_type":"mixed","note":"Main Sukhumvit-side drainage — the collection sump of the eastern drainage cone. Water flows toward the mouth, where the Lat Pho 8-gate barrage and Phra Khanong pumping station (173 m³/s, the city's largest) decide the outflow: gates shut against high tide while pumps lift water into the river. The far end continues as Khlong Prawet Burirom toward the Bang Pakong River.","note_th":"ทางระบายน้ำหลักฝั่งสุขุมวิท — \"ปลายท่อรวม\" ของกรวยระบายฝั่งตะวันออก น้ำไหลเข้าหาปากคลองซึ่งคุมด้วยประตูระบายน้ำคลองลัดโพธิ์ 8 ประตู และสถานีสูบน้ำพระโขนง (173 ลบ.ม./วินาที ใหญ่สุดใน กทม.) — ช่วงน้ำทะเลหนุนปิดประตูแล้วปั๊มสูบออกแม่น้ำ ปลายตะวันออกไหลต่อเป็นคลองประเวศบุรีรมย์สู่บางปะกง","curated":true}},{"type":"Feature","geometry":{"type":"MultiLineString","coordinates":[[[100.6315872,13.7273954],[100.6299135,13.7275371],[100.6286089,13.7272036],[100.6280338,13.725536],[100.6271042,13.7249166],[100.6261713,13.7250941],[100.6252989,13.7246711],[100.6243602,13.7230513],[100.6243345,13.7223509],[100.6251842,13.7210084],[100.6251248,13.7203798]],[[100.6240543,13.7166679],[100.6236615,13.7163651],[100.6239,13.7147299]],[[100.6251248,13.7203798],[100.6253911,13.7191799],[100.626032,13.7183107],[100.6260232,13.7176062],[100.624946,13.7164255],[100.6240543,13.7166679]],[[100.6510768,13.749572],[100.650717,13.7487936],[100.6494406,13.7480116],[100.6483526,13.7467884],[100.6480618,13.7444875]],[[100.6380828,13.7293991],[100.6342122,13.7288083],[100.6333517,13.7291167],[100.6315872,13.7273954]],[[100.6473756,13.7426427],[100.6464369,13.7422258],[100.6452597,13.7402434],[100.6452239,13.7382683]],[[100.6558666,13.7607369],[100.6546922,13.7579512],[100.6536774,13.7573321],[100.652426,13.7561049],[100.6514056,13.754556],[100.6494228,13.7529263],[100.6492912,13.7509916],[100.6510768,13.749572]],[[100.6559495,13.770452],[100.6575483,13.7667539],[100.6564365,13.7633072],[100.6564848,13.762157],[100.6558666,13.7607369]],[[100.6452239,13.7382683],[100.6448474,13.7378101]],[[100.6448474,13.7378101],[100.6435804,13.7356926],[100.643197,13.7335631],[100.6413811,13.7333315],[100.6404319,13.7323822],[100.6391819,13.7303014],[100.6380828,13.7293991]],[[100.6480618,13.7444875],[100.6484802,13.7441227],[100.6483835,13.7432469],[100.6473756,13.7426427]]]},"properties":{"key":"Khlong Hua Mak","name":"Khlong Hua Mak","name_th":"คลองหัวหมาก","waterway":"river","length_km":8.8,"risk":3,"risk_type":"flash","note":"Bang Kapi's chronic flash-flood corridor; short intense storms overwhelm drainage here almost every rainy season.","note_th":"ทางเดินน้ำท่วมฉับพลันเรื้อรังของบางกะปิ พายุฝนตกหนักช่วงสั้น ๆ ท่วมระบบระบายน้ำที่นี่เกือบทุกฤดูฝน","curated":true}},{"type":"Feature","geometry":{"type":"MultiLineString","coordinates":[[[100.4261228,13.7086927],[100.4126742,13.7071527],[100.3924959,13.70364],[100.3770155,13.7004231]],[[100.3770155,13.7004231],[100.367678,13.6985356],[100.3653107,13.6976185],[100.3616412,13.698475],[100.3564774,13.6989798],[100.3524385,13.7002653],[100.3476919,13.7001643],[100.3461532,13.6994649]]]},"properties":{"key":"Khlong Bang Khae","name":"Khlong Bang Khae","name_th":"คลองบางแค","waterway":"canal","length_km":8.8,"risk":null,"risk_type":null,"note":null,"note_th":null,"curated":false}},{"type":"Feature","geometry":{"type":"MultiLineString","coordinates":[[[100.6429808,13.6601751],[100.6362813,13.6617589],[100.6351557,13.6615591],[100.634148,13.6621439],[100.6304092,13.6630833],[100.6294783,13.6630747],[100.6269975,13.6640893],[100.6211932,13.6653465],[100.6207367,13.6657545],[100.6184622,13.665727],[100.6177037,13.6664568],[100.6156683,13.6669736],[100.6151726,13.6667303],[100.6146419,13.667246],[100.6125445,13.667543],[100.6111095,13.6681295],[100.6094456,13.6682739],[100.6088169,13.6686456],[100.6083368,13.6685488],[100.6051048,13.6696348],[100.6036469,13.6697664],[100.6026986,13.670259],[100.6009879,13.6703457],[100.5989974,13.6712383],[100.5984093,13.6711824],[100.5980734,13.6715632],[100.5951587,13.6723691],[100.5947158,13.6728492],[100.5940151,13.672735],[100.5917665,13.6734024],[100.5848713,13.6760255]],[[100.6506572,13.6592534],[100.6468516,13.6598615],[100.6438082,13.6598879],[100.6429808,13.6601751]],[[100.6537842,13.6689154],[100.6522427,13.6638136],[100.6509005,13.6606609],[100.6506572,13.6592534]]]},"properties":{"key":"Khlong Bang Na","name":"Khlong Bang Na","name_th":"คลองบางนา","waterway":"canal","length_km":8.8,"risk":null,"risk_type":null,"note":null,"note_th":null,"curated":false}},{"type":"Feature","geometry":{"type":"MultiLineString","coordinates":[[[100.4833458,14.2644095],[100.4842304,14.2589577],[100.4843188,14.2563688],[100.4839213,14.2538656],[100.4823074,14.2494807],[100.4816007,14.246061],[100.4810777,14.2399866]],[[100.4825529,14.2368215],[100.4841783,14.2340507],[100.4843214,14.2312983]],[[100.4900765,14.2209879],[100.4924085,14.2175598]],[[100.4810777,14.2399866],[100.4813941,14.2387356],[100.4825529,14.2368215]],[[100.4843214,14.2312983],[100.4846546,14.2287427],[100.4852064,14.2273026],[100.4864783,14.2252507],[100.4900765,14.2209879]],[[100.4924085,14.2175598],[100.4944884,14.2149164],[100.4961889,14.2139075],[100.498296,14.2137619],[100.5007486,14.2147791],[100.5019538,14.2149287],[100.5031844,14.2145373],[100.503914,14.2139393],[100.5047336,14.2123813],[100.5048785,14.2112102],[100.5040867,14.2067879],[100.5041071,14.2046786],[100.504489,14.2036427],[100.5051768,14.2027992],[100.5077119,14.2007528]]]},"properties":{"key":"Noi River","name":"Noi River","name_th":"แม่น้ำน้อย","waterway":"river","length_km":8.8,"risk":null,"risk_type":null,"note":null,"note_th":null,"curated":false}},{"type":"Feature","geometry":{"type":"MultiLineString","coordinates":[[[100.7532821,13.5524508],[100.7728303,13.5494757]],[[100.6932166,13.5612724],[100.7532821,13.5524508]]]},"properties":{"key":"Khlong Kao #2","name":"Khlong Kao","name_th":"คลองเก้า","waterway":"canal","length_km":8.7,"risk":null,"risk_type":null,"note":null,"note_th":null,"curated":false}},{"type":"Feature","geometry":{"type":"MultiLineString","coordinates":[[[100.5672917,13.9511758],[100.5681919,13.9515671]],[[100.5681919,13.9515671],[100.5740057,13.9545439],[100.5899765,13.9508643],[100.6057688,13.9439967]],[[100.5393746,13.9557289],[100.5419937,13.9555276],[100.5421653,13.955361],[100.5414572,13.9544864],[100.5420795,13.9535597],[100.5442038,13.9544135],[100.5438632,13.9535836],[100.544633,13.9528621],[100.5454913,13.953341],[100.5458024,13.9525294],[100.5482808,13.9526648],[100.5490425,13.9521441],[100.5513385,13.9516652],[100.5524114,13.9511237],[100.5532804,13.951384],[100.5540207,13.9503949],[100.554364,13.9505094],[100.5545169,13.9513658],[100.5550185,13.9514986],[100.5559224,13.9502205],[100.5570784,13.9497805],[100.5582693,13.9505094],[100.560104,13.950676],[100.561319,13.9493979],[100.5617481,13.9494187],[100.5620164,13.9499393],[100.5628183,13.9495723],[100.563998,13.9497701],[100.56447,13.9502803],[100.5656964,13.9506265],[100.5665767,13.9503064],[100.5667338,13.9509467],[100.5672917,13.9511758]]]},"properties":{"key":"Khlong Ban Mai","name":"Khlong Ban Mai","name_th":"คลองบ้านใหม่","waterway":"canal","length_km":8.6,"risk":null,"risk_type":null,"note":null,"note_th":null,"curated":false}},{"type":"Feature","geometry":{"type":"MultiLineString","coordinates":[[[100.4066384,14.221539],[100.405013,14.218263],[100.4048037,14.216807],[100.4058337,14.2156109],[100.4083228,14.2143629],[100.4086125,14.2126676],[100.4081619,14.2117628],[100.407443,14.2114716],[100.4045033,14.2114508],[100.4029584,14.2108268],[100.4025721,14.2094955],[100.4028241,14.2074389]],[[100.4026698,14.2054204],[100.4022954,14.2040167]],[[100.4028241,14.2074389],[100.4026698,14.2054204]],[[100.4058498,14.1720009],[100.4053077,14.1758054],[100.4059622,14.1872578],[100.4052755,14.1894838],[100.4022954,14.2040167]],[[100.4058245,14.1716315],[100.4058498,14.1720009]],[[100.4041955,14.1518248],[100.4048032,14.1615647],[100.4058245,14.1716315]]]},"properties":{"key":"Khlong Nai Chat","name":"Khlong Nai Chat","name_th":"คลองนายฉัตร","waterway":"river","length_km":8.6,"risk":null,"risk_type":null,"note":null,"note_th":null,"curated":false}},{"type":"Feature","geometry":{"type":"MultiLineString","coordinates":[[[100.7538657,13.8004979],[100.7541492,13.7240947]]]},"properties":{"key":"Khlong Sam Prawet","name":"Khlong Sam Prawet","name_th":"คลองสามประเวศ","waterway":"canal","length_km":8.5,"risk":null,"risk_type":null,"note":null,"note_th":null,"curated":false}},{"type":"Feature","geometry":{"type":"MultiLineString","coordinates":[[[100.7177038,13.5481469],[100.7689843,13.5407839]],[[100.7177038,13.5481469],[100.6914793,13.5518857]]]},"properties":{"key":"Khlong Chet #2","name":"Khlong Chet","name_th":"คลองเจ็ด","waterway":"canal","length_km":8.5,"risk":null,"risk_type":null,"note":null,"note_th":null,"curated":false}},{"type":"Feature","geometry":{"type":"MultiLineString","coordinates":[[[100.2546107,13.991893],[100.252274,13.9890113],[100.2422217,13.9749293],[100.2352454,13.9669597],[100.2312536,13.9641867],[100.2222816,13.9557166],[100.2179697,13.9489834]],[[100.2623795,13.9981574],[100.2546107,13.991893]],[[100.2697538,14.0058221],[100.2655795,14.0012454]],[[100.2655795,14.0012454],[100.2637823,13.9993397]],[[100.2637823,13.9993397],[100.2623795,13.9981574]]]},"properties":{"key":"Khlong Sathaphon","name":"Khlong Sathaphon","name_th":"คลองสถาพร","waterway":"canal","length_km":8.5,"risk":null,"risk_type":null,"note":null,"note_th":null,"curated":false}},{"type":"Feature","geometry":{"type":"MultiLineString","coordinates":[[[100.3300525,13.921141],[100.3286304,13.9206024],[100.325718,13.9202316]],[[100.3384233,13.9280924],[100.333007,13.9234448]],[[100.3504769,13.9423596],[100.3414486,13.93109],[100.3384233,13.9280924]],[[100.3562492,13.9498812],[100.3504769,13.9423596]],[[100.3313897,13.8877439],[100.3304259,13.8928379],[100.3293635,13.8939757],[100.3289883,13.8984254],[100.3281461,13.9013884],[100.3278993,13.9044086],[100.3271858,13.9068977],[100.3269713,13.9102042],[100.3264455,13.9126984],[100.3268532,13.9144063],[100.3266011,13.9169161],[100.325718,13.9202316]],[[100.333007,13.9234448],[100.3300525,13.921141]]]},"properties":{"key":"Khlong Ta Chom","name":"Khlong Ta Chom","name_th":"คลองตาชม","waterway":"canal","length_km":8.5,"risk":null,"risk_type":null,"note":null,"note_th":null,"curated":false}},{"type":"Feature","geometry":{"type":"MultiLineString","coordinates":[[[100.3636961,13.8762982],[100.3473024,13.8766837],[100.3397319,13.8784387],[100.3351895,13.8778502],[100.3311501,13.8768972]],[[100.3777256,13.8765567],[100.385344,13.8753921],[100.3931752,13.8734863],[100.3962398,13.87351],[100.4006645,13.8718155],[100.4051042,13.8707569],[100.4077873,13.8697598]],[[100.3644578,13.8762149],[100.3636961,13.8762982]],[[100.3777256,13.8765567],[100.3743874,13.8765274],[100.3690819,13.8758555],[100.3675155,13.8765846],[100.3644578,13.8762149]]]},"properties":{"key":"Khlong Wa Diao","name":"Khlong Wa Diao","name_th":"คลองวาเดียว","waterway":"canal","length_km":8.5,"risk":null,"risk_type":null,"note":null,"note_th":null,"curated":false}},{"type":"Feature","geometry":{"type":"MultiLineString","coordinates":[[[100.3195626,13.6721298],[100.3202176,13.669079],[100.3230929,13.6642215],[100.3231358,13.6621052],[100.3249168,13.6557665],[100.3252387,13.6530976],[100.3251421,13.6480202],[100.3244769,13.6442981],[100.3246057,13.64312],[100.323329,13.6331941],[100.3241873,13.6263751],[100.3257574,13.5972125]]]},"properties":{"key":"คลองเเคราย","name":"คลองเเคราย","name_th":"คลองเเคราย","waterway":"canal","length_km":8.5,"risk":null,"risk_type":null,"note":null,"note_th":null,"curated":false}},{"type":"Feature","geometry":{"type":"MultiLineString","coordinates":[[[100.9421652,13.650536],[100.9398451,13.6477536],[100.9254907,13.6263501],[100.9210651,13.6193382],[100.9119295,13.6032644],[100.9071546,13.5988409]],[[100.9530587,13.6586348],[100.9510997,13.6578561],[100.9480527,13.6550099],[100.94448,13.6525286],[100.9421652,13.650536]]]},"properties":{"key":"Khlong Phraya Nakkharat","name":"Khlong Phraya Nakkharat","name_th":"คลองพระยานาคราช","waterway":"canal","length_km":8.4,"risk":null,"risk_type":null,"note":null,"note_th":null,"curated":false}},{"type":"Feature","geometry":{"type":"MultiLineString","coordinates":[[[100.3883264,13.6679758],[100.3849468,13.6657529],[100.3828922,13.665831],[100.3799992,13.6653572],[100.3793797,13.6639029],[100.3749904,13.6634437],[100.3705326,13.6617548]],[[100.4377056,13.6936789],[100.4339945,13.6911566],[100.42778,13.6875673]],[[100.406673,13.6762652],[100.3951874,13.6704754],[100.3936049,13.6693339],[100.3883264,13.6679758]],[[100.42778,13.6875673],[100.4205984,13.6833342],[100.406673,13.6762652]]]},"properties":{"key":"Khlong Bang Kho Lat","name":"Khlong Bang Kho Lat","name_th":"คลองบางโคลัด","waterway":"canal","length_km":8.3,"risk":null,"risk_type":null,"note":null,"note_th":null,"curated":false}},{"type":"Feature","geometry":{"type":"MultiLineString","coordinates":[[[100.6837269,13.8480853],[100.6858561,13.8443487],[100.686929,13.8398818],[100.6877444,13.8385567],[100.6882422,13.8359815],[100.6878216,13.8346814],[100.6903622,13.8325395],[100.6909737,13.830781],[100.6918986,13.8300892],[100.6949799,13.8244302],[100.6953232,13.8236718],[100.6954691,13.8217465],[100.6962244,13.8206297],[100.6969586,13.8202766],[100.6965248,13.8172625],[100.6966829,13.8154018]],[[100.6966829,13.8154018],[100.6970484,13.8137869],[100.6981814,13.8116615],[100.701503,13.8094278],[100.7018967,13.8088435],[100.7019837,13.8068356],[100.7004411,13.8046091]],[[100.6739451,13.8521189],[100.6765349,13.8516406],[100.6788351,13.8503739],[100.6802256,13.8501906],[100.6837269,13.8480853]],[[100.7004411,13.8046091],[100.704956,13.797498]],[[100.6707928,13.8527573],[100.6710074,13.8524656],[100.6739451,13.8521189]]]},"properties":{"key":"Khlong Bang Chan","name":"Khlong Bang Chan","name_th":"คลองบางชัน","waterway":"canal","length_km":8.1,"risk":null,"risk_type":null,"note":null,"note_th":null,"curated":false}},{"type":"Feature","geometry":{"type":"MultiLineString","coordinates":[[[100.980833,14.2546282],[100.9720063,14.2491421],[100.9466119,14.2372244]],[[100.9466119,14.2372244],[100.9450659,14.2363465]],[[100.9450659,14.2363465],[100.9140203,14.2215155]]]},"properties":{"key":"Khlong Sam Sip Song","name":"Khlong Sam Sip Song","name_th":"คลองสามสิบสอง","waterway":"canal","length_km":8.1,"risk":null,"risk_type":null,"note":null,"note_th":null,"curated":false}},{"type":"Feature","geometry":{"type":"MultiLineString","coordinates":[[[100.9233871,13.5935314],[100.9253659,13.5930121],[100.9266032,13.5922883],[100.9280148,13.5897706],[100.9264473,13.5864377],[100.9270382,13.5809866],[100.9292198,13.5774421],[100.9293233,13.5750093],[100.9282265,13.5725836],[100.9286226,13.5703163],[100.9295127,13.5687201],[100.9295305,13.5679381],[100.9316179,13.5670223],[100.934273,13.5629878],[100.9372943,13.560694],[100.9377784,13.5599606],[100.9379922,13.5584938],[100.9374578,13.5532926],[100.9376904,13.5512574],[100.9393156,13.5510679],[100.9406623,13.5479099],[100.9420203,13.5468617],[100.9421847,13.5428583],[100.9436739,13.5420985],[100.9446578,13.539837],[100.9497988,13.5352815]]]},"properties":{"key":"Khlong Thon Pho","name":"Khlong Thon Pho","name_th":"คลองต้นโพธิ์","waterway":"river","length_km":8,"risk":null,"risk_type":null,"note":null,"note_th":null,"curated":false}},{"type":"Feature","geometry":{"type":"MultiLineString","coordinates":[[[100.7807589,13.7026419],[100.781868,13.7030505],[100.783328,13.7041294],[100.7854445,13.70647],[100.7880176,13.7071583]],[[100.763158,13.6747472],[100.7637902,13.6766903],[100.7652452,13.6793662],[100.7707791,13.687583],[100.7730525,13.6925811],[100.7785475,13.7011256],[100.7807589,13.7026419]],[[100.7552292,13.6485178],[100.7555189,13.6520907],[100.7564094,13.6535294],[100.7590097,13.6564055],[100.7607374,13.6611139],[100.762712,13.668675],[100.7626211,13.6718938],[100.763158,13.6747472]],[[100.7549456,13.6467352],[100.7552292,13.6485178]]]},"properties":{"key":"Khlong Nong Ngu Hao","name":"Khlong Nong Ngu Hao","name_th":"คลองหนองงูเห่า","waterway":"canal","length_km":8,"risk":null,"risk_type":null,"note":null,"note_th":null,"curated":false}},{"type":"Feature","geometry":{"type":"MultiLineString","coordinates":[[[100.3628056,13.8808466],[100.3612552,13.8920149]],[[100.3687711,13.9417788],[100.3661439,13.9378737],[100.3573378,13.9263198],[100.356917,13.9209535],[100.357172,13.9202291],[100.358517,13.899188],[100.3595939,13.8973446],[100.3612552,13.8920149]],[[100.3636961,13.8762982],[100.3631685,13.8797079]],[[100.3631685,13.8797079],[100.3628056,13.8808466]]]},"properties":{"key":"Khlong To Mai","name":"Khlong To Mai","name_th":"คลองโต๊ะใหม่","waterway":"canal","length_km":7.8,"risk":null,"risk_type":null,"note":null,"note_th":null,"curated":false}},{"type":"Feature","geometry":{"type":"MultiLineString","coordinates":[[[100.3789103,14.0267498],[100.3825502,14.0245795],[100.3882769,14.0205577],[100.4220228,14.0084206],[100.4402152,14.002372]],[[100.3785043,14.0269794],[100.3789103,14.0267498]],[[100.3748375,14.0291219],[100.3785043,14.0269794]]]},"properties":{"key":"Khlong Sam Wa #2","name":"Khlong Sam Wa","name_th":"คลองสามวา","waterway":"canal","length_km":7.7,"risk":null,"risk_type":null,"note":null,"note_th":null,"curated":false}},{"type":"Feature","geometry":{"type":"MultiLineString","coordinates":[[[100.3510305,13.9939191],[100.3551649,13.9855155],[100.3555689,13.9841123],[100.3560764,13.9747176],[100.3550727,13.962109]],[[100.3550727,13.962109],[100.3500224,13.9538667]],[[100.3349183,14.0151711],[100.3441181,14.0060223],[100.3467587,14.0023853],[100.3496762,13.9966322]],[[100.3496762,13.9966322],[100.3510305,13.9939191]]]},"properties":{"key":"Khlong Ta Khlai","name":"Khlong Ta Khlai","name_th":"คลองตาคล้าย","waterway":"canal","length_km":7.7,"risk":null,"risk_type":null,"note":null,"note_th":null,"curated":false}},{"type":"Feature","geometry":{"type":"MultiLineString","coordinates":[[[100.2531664,14.204674],[100.2533476,14.2052839],[100.2552398,14.2051277],[100.2553656,14.2054644],[100.255277,14.2123032],[100.2558436,14.2131287],[100.2539468,14.2135429],[100.253827,14.2137751],[100.2551104,14.2192836],[100.256443,14.2234374],[100.2557416,14.2240356],[100.2572776,14.2274551],[100.2580701,14.2301336],[100.2600969,14.2345388],[100.2600057,14.2348107],[100.2583263,14.2355708],[100.2628145,14.2393885],[100.2675529,14.2447402],[100.2704806,14.2490013],[100.2718947,14.2504588],[100.2752609,14.2560814],[100.2769302,14.2578329],[100.2786088,14.2582089]]]},"properties":{"key":"คลองรางไอ้ทึ่ม","name":"คลองรางไอ้ทึ่ม","name_th":"คลองรางไอ้ทึ่ม","waterway":"canal","length_km":7.6,"risk":null,"risk_type":null,"note":null,"note_th":null,"curated":false}},{"type":"Feature","geometry":{"type":"MultiLineString","coordinates":[[[100.3890136,13.5907745],[100.3888544,13.5729643]],[[100.3888544,13.5729643],[100.3889197,13.5715963]],[[100.388748,13.5229545],[100.388866,13.5644209]],[[100.3889197,13.5715963],[100.388866,13.5644209]]]},"properties":{"key":"Khlong Sahakon","name":"Khlong Sahakon","name_th":"คลองสหกรณ์","waterway":"canal","length_km":7.5,"risk":null,"risk_type":null,"note":null,"note_th":null,"curated":false}},{"type":"Feature","geometry":{"type":"MultiLineString","coordinates":[[[100.5746404,13.632078],[100.5780678,13.6288924],[100.5785827,13.6287256],[100.5795269,13.6275661],[100.5802994,13.6271574],[100.5825444,13.6247946],[100.5846482,13.6231676],[100.585226,13.6223193],[100.5875959,13.6206081]],[[100.5687465,13.6373004],[100.5727534,13.6337339]],[[100.5539399,13.6508439],[100.5545416,13.6485856],[100.5580177,13.6466256],[100.5599575,13.6450825],[100.5611934,13.6435311],[100.5630653,13.6423755]],[[100.5546882,13.6562575],[100.5539399,13.6508439]],[[100.5630653,13.6423755],[100.5687465,13.6373004]],[[100.5875959,13.6206081],[100.5878884,13.6202022]],[[100.5878884,13.6202022],[100.5906334,13.6178065],[100.5914058,13.6161381],[100.591481,13.6151798],[100.5875692,13.6142612],[100.5869426,13.6137607],[100.5863933,13.6125761],[100.5858161,13.610018]],[[100.5727534,13.6337339],[100.5746404,13.632078]]]},"properties":{"key":"Khlong Bang Nang Kreng","name":"Khlong Bang Nang Kreng","name_th":"คลองบางนางเกรง","waterway":"canal","length_km":7.5,"risk":null,"risk_type":null,"note":null,"note_th":null,"curated":false}},{"type":"Feature","geometry":{"type":"MultiLineString","coordinates":[[[100.3888553,13.555842],[100.387412,13.5560146],[100.3861138,13.5550133],[100.3853842,13.5551072],[100.3826913,13.5541476],[100.3815433,13.5516757],[100.3826805,13.5496314],[100.3826162,13.5492663],[100.3817793,13.5488595],[100.349399,13.5485427]],[[100.3253309,13.5490396],[100.3408221,13.5487099]],[[100.3408868,13.5487087],[100.349399,13.5485427]],[[100.3408868,13.5487087],[100.3408221,13.5487099]]]},"properties":{"key":"คลองสหกรณ์สาย3","name":"คลองสหกรณ์สาย3","name_th":"คลองสหกรณ์สาย3","waterway":"canal","length_km":7.5,"risk":null,"risk_type":null,"note":null,"note_th":null,"curated":false}},{"type":"Feature","geometry":{"type":"MultiLineString","coordinates":[[[100.5440128,13.9074085],[100.5458573,13.9073457],[100.5508731,13.9062053],[100.5567887,13.9063501]],[[100.499361,13.9251326],[100.5018773,13.9246646],[100.5031552,13.9237659]],[[100.5260837,13.9093937],[100.5369417,13.9074915],[100.5395969,13.9073903],[100.540674,13.9070695],[100.5435241,13.9073333]],[[100.5031552,13.9237659],[100.5031029,13.9220555],[100.5038633,13.9220448],[100.5045567,13.9213786],[100.5049483,13.9216754],[100.5058388,13.9213942],[100.5059394,13.9209982],[100.5068138,13.9209253],[100.5069586,13.9205244],[100.5077807,13.9201914],[100.5078974,13.9192539],[100.5086377,13.9188894],[100.5085035,13.9184208],[100.5088375,13.9173328],[100.5092505,13.9170569],[100.5091754,13.9166872],[100.5108102,13.9131774],[100.5109444,13.9122922]],[[100.5109444,13.9122922],[100.5150066,13.911074],[100.5260837,13.9093937]],[[100.5435241,13.9073333],[100.5440128,13.9074085]]]},"properties":{"key":"Khlong Bang Phut","name":"Khlong Bang Phut","name_th":"คลองบางพูด","waterway":"ditch","length_km":7.4,"risk":null,"risk_type":null,"note":null,"note_th":null,"curated":false}},{"type":"Feature","geometry":{"type":"MultiLineString","coordinates":[[[100.4532114,13.9653133],[100.4516614,13.9635458],[100.4514542,13.9625597],[100.4538942,13.9565482],[100.4544062,13.9529905],[100.4538421,13.9518249],[100.4509184,13.9485258]],[[100.4376339,13.9188518],[100.4374156,13.9161617],[100.4364337,13.9142815],[100.4353793,13.9132739],[100.4281162,13.9086737]],[[100.4426991,13.933289],[100.4384613,13.9259128],[100.4379461,13.9242601],[100.437755,13.9221417]],[[100.437755,13.9221417],[100.4376339,13.9188518]],[[100.4509184,13.9485258],[100.4473503,13.9418936]],[[100.4465084,13.9402335],[100.4438125,13.9352224]],[[100.4473503,13.9418936],[100.4465084,13.9402335]],[[100.4438125,13.9352224],[100.4430471,13.9338719]],[[100.4430471,13.9338719],[100.4426991,13.933289]]]},"properties":{"key":"Khlong Khan Aen","name":"Khlong Khan Aen","name_th":"คลองคันแอน","waterway":"canal","length_km":7.4,"risk":null,"risk_type":null,"note":null,"note_th":null,"curated":false}},{"type":"Feature","geometry":{"type":"MultiLineString","coordinates":[[[100.1741992,13.5399726],[100.1752066,13.5398666],[100.1761332,13.5388266],[100.1976303,13.5308124],[100.198801,13.5309662],[100.2111603,13.5364072],[100.2115216,13.540086],[100.2121231,13.5638692]]]},"properties":{"key":"คลองย่างซื่อ","name":"คลองย่างซื่อ","name_th":"คลองย่างซื่อ","waterway":"canal","length_km":7.4,"risk":null,"risk_type":null,"note":null,"note_th":null,"curated":false}},{"type":"Feature","geometry":{"type":"MultiLineString","coordinates":[[[100.2123683,13.6508291],[100.2085845,13.6529021],[100.2075338,13.6532099],[100.2065921,13.6527897],[100.2032766,13.6531213],[100.1963732,13.6554321],[100.1908186,13.6576925],[100.1889125,13.6590161],[100.1891047,13.6603479],[100.1837705,13.6620657],[100.1801092,13.6646787],[100.1757525,13.6687206],[100.1745587,13.6711183],[100.1715189,13.6736355],[100.169679,13.674634],[100.1656438,13.6759751],[100.1654815,13.6757848],[100.1582082,13.6794295],[100.1564641,13.6805892],[100.154923,13.6808643]]]},"properties":{"key":"คลองนางนม","name":"คลองนางนม","name_th":"คลองนางนม","waterway":"canal","length_km":7.4,"risk":null,"risk_type":null,"note":null,"note_th":null,"curated":false}},{"type":"Feature","geometry":{"type":"MultiLineString","coordinates":[[[100.6956245,13.5234082],[100.6847955,13.5249424]],[[100.7208056,13.5193271],[100.7136567,13.5207058],[100.6956245,13.5234082]],[[100.750773,13.5133772],[100.7208056,13.5193271]]]},"properties":{"key":"Khlong Nueng #3","name":"Khlong Nueng","name_th":"คลองหนึ่ง","waterway":"river","length_km":7.3,"risk":null,"risk_type":null,"note":null,"note_th":null,"curated":false}},{"type":"Feature","geometry":{"type":"MultiLineString","coordinates":[[[100.842754,13.6150617],[100.8399893,13.61007],[100.8407316,13.6082953],[100.8409527,13.6067947],[100.8419551,13.605621],[100.8420532,13.6044847],[100.8414834,13.6012008],[100.840198,13.6000386],[100.8390015,13.597305],[100.8368091,13.5957297],[100.835406,13.5935315],[100.8344538,13.5896586],[100.8323052,13.5841749],[100.8322846,13.5785508]],[[100.8523196,13.6368639],[100.8523187,13.634926],[100.851675,13.6337791],[100.8502642,13.6328699],[100.8485261,13.631014],[100.8476034,13.6285116],[100.8477268,13.6275231],[100.8470026,13.626885],[100.845801,13.6201283],[100.8442775,13.6167509],[100.842754,13.6150617]]]},"properties":{"key":"Khlong Sanam Phli","name":"Khlong Sanam Phli","name_th":"คลองสนามพลี","waterway":"canal","length_km":7.3,"risk":null,"risk_type":null,"note":null,"note_th":null,"curated":false}},{"type":"Feature","geometry":{"type":"MultiLineString","coordinates":[[[100.7316885,14.2325618],[100.7318064,14.1999688]],[[100.7316817,14.2652815],[100.7317309,14.2408537]],[[100.7317309,14.2408537],[100.7316885,14.2325618]]]},"properties":{"key":"Khlong 6","name":"Khlong 6","name_th":"คลองหก","waterway":"canal","length_km":7.3,"risk":null,"risk_type":null,"note":null,"note_th":null,"curated":false}},{"type":"Feature","geometry":{"type":"MultiLineString","coordinates":[[[100.7288528,13.8970721],[100.7809197,13.9080892],[100.7814763,13.9079361],[100.7818266,13.9086192],[100.7858264,13.9086605],[100.7879298,13.9114833],[100.788911,13.912093],[100.790563,13.9126197],[100.7923215,13.9119862]]]},"properties":{"key":"Khlong Si Tawan Ok","name":"Khlong Si Tawan Ok","name_th":"คลองสี่ตะวันออก","waterway":"canal","length_km":7.2,"risk":null,"risk_type":null,"note":null,"note_th":null,"curated":false}},{"type":"Feature","geometry":{"type":"MultiLineString","coordinates":[[[100.4515873,13.512839],[100.4433358,13.511839],[100.4066168,13.5085719]],[[100.4066168,13.5085719],[100.4048324,13.5081416]],[[100.4048324,13.5081416],[100.4037665,13.5077533],[100.3951737,13.5025041],[100.3867117,13.5009783]]]},"properties":{"key":"คลองประมง","name":"คลองประมง","name_th":"คลองประมง","waterway":"canal","length_km":7.2,"risk":null,"risk_type":null,"note":null,"note_th":null,"curated":false}},{"type":"Feature","geometry":{"type":"MultiLineString","coordinates":[[[100.2135617,13.5195911],[100.2141042,13.5190238],[100.21471,13.5188696],[100.2153604,13.5190119],[100.2157019,13.5196839],[100.2165923,13.5196483],[100.2171899,13.520178],[100.2172143,13.519427],[100.2183633,13.5192805],[100.2188501,13.5187803],[100.2186868,13.5185286],[100.2180274,13.5186874],[100.2178641,13.5184208],[100.218545,13.5182321],[100.2191089,13.5173873],[100.2190041,13.5166863],[100.2195063,13.5166204],[100.2195433,13.5162309],[100.2189826,13.5161021],[100.2190935,13.5156228],[100.2187761,13.514757],[100.2182246,13.5143736],[100.2186652,13.514059],[100.2183787,13.5131663],[100.2180398,13.5129895],[100.2183756,13.5126241],[100.2183386,13.5118631],[100.2176331,13.511228],[100.2181536,13.5082929],[100.2201852,13.503411],[100.2203528,13.5024266],[100.2193044,13.4937883],[100.2191973,13.4854953],[100.2198365,13.4793574],[100.220442,13.4766652],[100.2263952,13.4686726]]]},"properties":{"key":"Khlong Bang Si Khot","name":"Khlong Bang Si Khot","name_th":"คลองบางสีคต","waterway":"river","length_km":7.2,"risk":null,"risk_type":null,"note":null,"note_th":null,"curated":false}},{"type":"Feature","geometry":{"type":"MultiLineString","coordinates":[[[100.6016511,14.2211872],[100.6025407,14.2187552],[100.6046746,14.2174024],[100.605054,14.2166327],[100.6059719,14.2164061],[100.6056547,14.2147971],[100.6058606,14.213808],[100.6053337,14.2131114],[100.6054487,14.2119691],[100.605099,14.2111193],[100.6052283,14.2099119],[100.60382,14.2054772],[100.6041745,14.2032435],[100.6038631,14.2020082],[100.6037555,14.1974826]],[[100.6037555,14.1974826],[100.6036048,14.1956502],[100.6015521,14.1946006],[100.5998227,14.1932059]],[[100.5998227,14.1932059],[100.5935977,14.1876074],[100.5920701,14.1853875],[100.5895804,14.1850525],[100.5877886,14.1842611],[100.5853159,14.1836076],[100.5849001,14.1838337],[100.58022,14.1823081],[100.5752587,14.1791647],[100.5745914,14.1774505],[100.5737699,14.177063]]]},"properties":{"key":"Khlong Nong Hoi","name":"Khlong Nong Hoi","name_th":"คลองหนองหอย","waterway":"canal","length_km":7.2,"risk":null,"risk_type":null,"note":null,"note_th":null,"curated":false}},{"type":"Feature","geometry":{"type":"MultiLineString","coordinates":[[[100.5247369,14.0821754],[100.5212337,14.0835133],[100.5168572,14.0835243],[100.513848,14.0831951],[100.5120014,14.0839112],[100.5111785,14.0845389],[100.5012025,14.0854443],[100.49795,14.0861819],[100.4622753,14.1024693]]]},"properties":{"key":"Khlong Sa","name":"Khlong Sa","name_th":"คลองสระ","waterway":"canal","length_km":7.2,"risk":null,"risk_type":null,"note":null,"note_th":null,"curated":false}},{"type":"Feature","geometry":{"type":"MultiLineString","coordinates":[[[100.9496142,14.1945595],[100.9620551,14.2026499],[101.0032582,14.2328748]]]},"properties":{"key":"Khlong Sam Sip Et","name":"Khlong Sam Sip Et","name_th":"คลองสามสิบเอ็ด","waterway":"canal","length_km":7.2,"risk":null,"risk_type":null,"note":null,"note_th":null,"curated":false}},{"type":"Feature","geometry":{"type":"MultiLineString","coordinates":[[[100.4321994,13.7212092],[100.4242015,13.7233375],[100.4130842,13.7246553],[100.4079192,13.723854],[100.3981048,13.7231444],[100.3869089,13.7217037],[100.385759,13.7220304],[100.3802723,13.7223265],[100.3766328,13.7217206],[100.3745056,13.7203882],[100.3677088,13.7205133]]]},"properties":{"key":"Khlong Bang Khi Kaeng","name":"Khlong Bang Khi Kaeng","name_th":"คลองบางขี้แก้ง","waterway":"canal","length_km":7.1,"risk":null,"risk_type":null,"note":null,"note_th":null,"curated":false}},{"type":"Feature","geometry":{"type":"MultiLineString","coordinates":[[[100.8395537,13.7387574],[100.8385057,13.7360629],[100.8379693,13.7337071],[100.8387738,13.7309095],[100.8388955,13.7267833]],[[100.8426448,13.7531984],[100.8424349,13.7497329],[100.8413156,13.7424846],[100.840651,13.7403667],[100.8395537,13.7387574]],[[100.8388955,13.7267833],[100.8390862,13.7214475],[100.8388502,13.7205094],[100.8365435,13.7169866],[100.8347517,13.7129425],[100.8320438,13.7085559]],[[100.8374968,13.7674515],[100.83757,13.7648384],[100.8380716,13.7641157],[100.8396849,13.7629628],[100.8393897,13.7614455],[100.8407056,13.7555454],[100.8413538,13.7541869],[100.8426699,13.7532946]]]},"properties":{"key":"Khlong Thap Yao","name":"Khlong Thap Yao","name_th":"คลองทับยาว","waterway":"river","length_km":7.1,"risk":null,"risk_type":null,"note":null,"note_th":null,"curated":false}},{"type":"Feature","geometry":{"type":"MultiLineString","coordinates":[[[100.2620298,14.2147763],[100.2616489,14.2132969],[100.2613699,14.2056576],[100.2608279,14.2019748],[100.258505,14.2025055],[100.2536802,14.2046322],[100.2482749,14.2055569],[100.2471621,14.2025306],[100.2436187,14.2009475]],[[100.2793531,14.2394971],[100.2787497,14.239386],[100.2779567,14.2379135],[100.273118,14.23197],[100.2688962,14.2284965],[100.2670723,14.2257926],[100.2651197,14.2237854],[100.2640039,14.2215858],[100.2639449,14.2179146],[100.2633655,14.2168511]],[[100.2633655,14.2168511],[100.2620298,14.2147763]]]},"properties":{"key":"คลองรางเนื้อตาย","name":"คลองรางเนื้อตาย","name_th":"คลองรางเนื้อตาย","waterway":"canal","length_km":7.1,"risk":null,"risk_type":null,"note":null,"note_th":null,"curated":false}},{"type":"Feature","geometry":{"type":"MultiLineString","coordinates":[[[100.4662169,13.7889263],[100.4659808,13.7863851],[100.4667192,13.7813376]],[[100.4818837,13.7615177],[100.4825193,13.7613334]],[[100.4825193,13.7613334],[100.4871654,13.7609673],[100.4891758,13.7599057]],[[100.480218,13.7620964],[100.4818837,13.7615177]],[[100.4800435,13.7621853],[100.480218,13.7620964]],[[100.4787698,13.7629263],[100.4792966,13.76263]],[[100.4792966,13.76263],[100.4800435,13.7621853]],[[100.4757699,13.7652999],[100.4762869,13.7649248]],[[100.4763717,13.76486],[100.4764653,13.7647912]],[[100.4762869,13.7649248],[100.4763717,13.76486]],[[100.4750248,13.7660233],[100.4753003,13.765756]],[[100.4753003,13.765756],[100.4754104,13.7656489]],[[100.4738914,13.7673398],[100.4739702,13.7672475]],[[100.4739702,13.7672475],[100.4750248,13.7660233]],[[100.4675903,13.7796662],[100.4693641,13.7782236],[100.4702731,13.776563]],[[100.4702731,13.776563],[100.470301,13.7764469]],[[100.470301,13.7764469],[100.4718532,13.7706376],[100.4726257,13.7689787],[100.4738914,13.7673398]],[[100.475729,13.7653396],[100.4757699,13.7652999]],[[100.4754104,13.7656489],[100.475729,13.7653396]],[[100.4764653,13.7647912],[100.4787698,13.7629263]],[[100.4667192,13.7813376],[100.4675903,13.7796662]],[[100.4697246,13.7947587],[100.4671413,13.7909124],[100.4662169,13.7889263]],[[100.4765507,13.8077039],[100.4741245,13.804957],[100.4729003,13.8030888],[100.4697246,13.7947587]]]},"properties":{"key":"Khlong Bangkok Noi","name":"Khlong Bangkok Noi","name_th":"คลองบางกอกน้อย","waterway":"river","length_km":7,"risk":2,"risk_type":"tidal","note":"Curving river arm on the Thonburi side with tidal exchange; riverside communities flooded in 2011.","note_th":"ลำคลองโค้งอ้อมฝั่งธนบุรี รับน้ำขึ้นน้ำลงจากแม่น้ำ ชุมชนริมน้ำถูกท่วมปี 2554","curated":true}},{"type":"Feature","geometry":{"type":"MultiLineString","coordinates":[[[100.4770304,13.9915659],[100.4777684,13.9919934],[100.4788225,13.9904068],[100.4812708,13.9878564],[100.4885844,13.9822381],[100.4938408,13.9771623],[100.4954468,13.9745832],[100.4991249,13.9711488],[100.500754,13.9685052],[100.5016204,13.9661293]],[[100.5016204,13.9661293],[100.502774,13.9653458],[100.5039374,13.9631283],[100.5049622,13.9622098],[100.5064203,13.9596973],[100.5066935,13.9570114],[100.5073426,13.9556479],[100.5079204,13.9529862],[100.5076473,13.9516534],[100.5069495,13.9505088],[100.5070021,13.9494655],[100.5072674,13.9489648],[100.5085299,13.9489341],[100.5098585,13.9435247]]]},"properties":{"key":"Khlong Bang Khu Wat","name":"Khlong Bang Khu Wat","name_th":"คลองบางคูวัด","waterway":"canal","length_km":7,"risk":null,"risk_type":null,"note":null,"note_th":null,"curated":false}},{"type":"Feature","geometry":{"type":"MultiLineString","coordinates":[[[100.4717471,13.9751245],[100.5002116,13.9450538],[100.5039766,13.9425335],[100.5053252,13.9412016]],[[100.4586224,13.9794715],[100.4603563,13.9801285],[100.4665938,13.9813074],[100.4668118,13.9806142]],[[100.4715109,13.9753542],[100.4717471,13.9751245]],[[100.467002,13.9799245],[100.4715109,13.9753542]],[[100.4668118,13.9806142],[100.467002,13.9799245]]]},"properties":{"key":"คลองเกาะเกรียง","name":"คลองเกาะเกรียง","name_th":"คลองเกาะเกรียง","waterway":"canal","length_km":7,"risk":null,"risk_type":null,"note":null,"note_th":null,"curated":false}},{"type":"Feature","geometry":{"type":"MultiLineString","coordinates":[[[100.8860152,13.6228843],[100.8898669,13.6190268],[100.8915406,13.6168266],[100.8912724,13.6149497],[100.8921521,13.6130728],[100.8917873,13.6118632],[100.889824,13.6082657],[100.8906072,13.6066494],[100.890457,13.6060237],[100.8886653,13.604762],[100.8869808,13.6044491],[100.8863747,13.6036175],[100.886659,13.601644],[100.8912402,13.5961276],[100.8914011,13.5948658],[100.8901244,13.5929887],[100.8895343,13.591341],[100.8892661,13.5857722],[100.8887511,13.583238],[100.8869486,13.5813817],[100.8852642,13.578983],[100.8829361,13.5766678],[100.8808868,13.5729863],[100.879181,13.5719955],[100.8787188,13.5713615]]]},"properties":{"key":"Khlong Ban Rakat","name":"Khlong Ban Rakat","name_th":"คลองบ้านระกาศ","waterway":"river","length_km":7,"risk":null,"risk_type":null,"note":null,"note_th":null,"curated":false}},{"type":"Feature","geometry":{"type":"MultiLineString","coordinates":[[[100.7028748,13.5598132],[100.7025878,13.5589111],[100.703447,13.5562019],[100.7033666,13.5555168],[100.7048732,13.5531161],[100.7050319,13.5517872],[100.7063727,13.5497429]],[[100.6956245,13.5234082],[100.6956129,13.5228907],[100.6951613,13.5224536],[100.695085,13.5210941],[100.6978314,13.5207383],[100.6980745,13.5200176]],[[100.7063727,13.5497429],[100.7067209,13.5489576],[100.7063001,13.5482419],[100.7070715,13.5466821],[100.7071017,13.5458138],[100.7076064,13.5446464],[100.706532,13.5432014],[100.7051056,13.5402323],[100.704258,13.5396228],[100.7034867,13.5380769],[100.7033547,13.5364669],[100.7024494,13.5350354],[100.7021916,13.5330484],[100.7010388,13.5307105],[100.7006016,13.5277751],[100.6984403,13.527753]],[[100.6984403,13.527753],[100.6980155,13.5275786],[100.6976608,13.526945],[100.6977824,13.5245248],[100.6960996,13.5239554],[100.6956245,13.5234082]],[[100.7026515,13.5641202],[100.7032377,13.5621979],[100.7028673,13.5612368],[100.7028748,13.5598132]],[[100.6980745,13.5200176],[100.6969798,13.51748],[100.6955566,13.5162834],[100.6953938,13.5130255]]]},"properties":{"key":"Khlong Bang Hia Noi","name":"Khlong Bang Hia Noi","name_th":"คลองบางเหี้ยน้อย","waterway":"river","length_km":7,"risk":null,"risk_type":null,"note":null,"note_th":null,"curated":false}},{"type":"Feature","geometry":{"type":"MultiLineString","coordinates":[[[100.2638134,13.6550177],[100.2635964,13.6540095],[100.2626952,13.6535614],[100.2628483,13.6528684],[100.2641996,13.6530495],[100.2644333,13.6523989],[100.2658441,13.651591],[100.2666166,13.6519298],[100.2665576,13.6513147],[100.2670779,13.6505692],[100.267904,13.6500427],[100.2677163,13.6494068],[100.2682795,13.6490679],[100.268389,13.6483869],[100.2695591,13.6480736],[100.2699854,13.6483329],[100.270141,13.6478533],[100.2710466,13.6481693],[100.2713594,13.6476956],[100.2718093,13.6478918],[100.2721642,13.6476219],[100.2736837,13.6475257],[100.2738261,13.6469306],[100.2743142,13.6470349],[100.276561,13.6443326],[100.2773226,13.6439558],[100.2775704,13.6430626],[100.2780157,13.6431303],[100.2789974,13.6423953],[100.2813685,13.6427133],[100.2826559,13.6421711],[100.2834606,13.6425412],[100.2839702,13.642046],[100.2848661,13.6425673],[100.2859711,13.6422389],[100.2879774,13.642828],[100.2886533,13.6422858],[100.2940553,13.6418166],[100.2983672,13.6408351],[100.3014894,13.6407208],[100.3024954,13.6402394],[100.3065589,13.6402876],[100.3097185,13.6406773],[100.3116015,13.6405626],[100.3134528,13.6399932]]]},"properties":{"key":"คลองกระทุ่มแบน","name":"คลองกระทุ่มแบน","name_th":"คลองกระทุ่มแบน","waterway":"canal","length_km":6.9,"risk":null,"risk_type":null,"note":null,"note_th":null,"curated":false}},{"type":"Feature","geometry":{"type":"MultiLineString","coordinates":[[[100.7630312,13.5559516],[100.7654324,13.5467066],[100.7669411,13.5452048],[100.768105,13.5449929],[100.7684774,13.5436907],[100.7706506,13.5422995],[100.7723393,13.5404809],[100.7748777,13.5414729]],[[100.7996158,13.5358097],[100.8018201,13.5351515],[100.8021742,13.5348386],[100.8022922,13.534098],[100.8031076,13.5337851],[100.8029789,13.5332948],[100.803526,13.5323925],[100.8051032,13.5323039],[100.8070161,13.5312704]],[[100.7623111,13.5589755],[100.7630312,13.5559516]],[[100.7748777,13.5414729],[100.7754722,13.5415691]],[[100.7754722,13.5415691],[100.7777149,13.54201],[100.7806135,13.5406319],[100.7819772,13.5403703],[100.7886885,13.5405296],[100.7914619,13.5392049],[100.7926099,13.5376194],[100.7934843,13.5370196],[100.795394,13.5371605],[100.7967351,13.5367641],[100.7979367,13.5376351],[100.7989292,13.5369101],[100.7996158,13.5358097]]]},"properties":{"key":"Khlong Lat Wai","name":"Khlong Lat Wai","name_th":"คลองลาดหวาย","waterway":"river","length_km":6.9,"risk":null,"risk_type":null,"note":null,"note_th":null,"curated":false}},{"type":"Feature","geometry":{"type":"MultiLineString","coordinates":[[[100.1853169,13.5576299],[100.1864448,13.5573598],[100.1868772,13.557697],[100.1875186,13.5569626],[100.1873428,13.5563945],[100.1876517,13.5553275],[100.1870625,13.5540988],[100.1878607,13.5527362],[100.1891959,13.5523436],[100.1904978,13.5530364],[100.1916381,13.5527962],[100.1909016,13.5499971],[100.1933343,13.5480386],[100.1940945,13.5470824],[100.1951066,13.5479646],[100.1980635,13.5484015],[100.2014567,13.5494717],[100.2023944,13.5494717],[100.2041666,13.5488477],[100.2046571,13.5494271],[100.2048406,13.550334],[100.2041298,13.5534712],[100.20402,13.5560219],[100.2034503,13.5571864],[100.2038619,13.5574596],[100.2047707,13.5572589],[100.2051915,13.5585361],[100.2058519,13.559305],[100.207558,13.5597879],[100.2090292,13.5613665],[100.2096963,13.562599],[100.2092792,13.5636978],[100.2093983,13.5641079],[100.2117484,13.5634214],[100.2123332,13.5642104],[100.2146256,13.5644466],[100.2155682,13.5649582],[100.2166365,13.5680594],[100.2164117,13.5684828],[100.215286,13.5690645],[100.2153684,13.5698712]]]},"properties":{"key":"คลองปากบ่อใหญ่","name":"คลองปากบ่อใหญ่","name_th":"คลองปากบ่อใหญ่","waterway":"canal","length_km":6.9,"risk":null,"risk_type":null,"note":null,"note_th":null,"curated":false}},{"type":"Feature","geometry":{"type":"MultiLineString","coordinates":[[[100.7344854,13.7969718],[100.7309058,13.794883],[100.7273401,13.7922284],[100.7211507,13.7890238],[100.7193651,13.7871973],[100.7168625,13.7859166],[100.7156511,13.7838089],[100.7153384,13.7816709]],[[100.7685045,13.8068431],[100.7661809,13.8054575],[100.7590121,13.8038723],[100.7564719,13.8017574],[100.7500686,13.7989861],[100.7481431,13.798911],[100.7406692,13.8003421],[100.7383692,13.7995119],[100.7344854,13.7969718]]]},"properties":{"key":"Khlong Bueng Khwang","name":"Khlong Bueng Khwang","name_th":"คลองบึงขวาง","waterway":"river","length_km":6.8,"risk":null,"risk_type":null,"note":null,"note_th":null,"curated":false}},{"type":"Feature","geometry":{"type":"MultiLineString","coordinates":[[[100.8646506,13.8295147],[100.8754837,13.8276207],[100.8826179,13.8273051],[100.8858283,13.8258734],[100.8972837,13.818421],[100.8993418,13.8168233],[100.8994102,13.8159404],[100.8996937,13.8156556],[100.9044656,13.8126161],[100.9131681,13.8054686],[100.9143093,13.8036768],[100.9180711,13.8016292]]]},"properties":{"key":"Khlong Nueng #4","name":"Khlong Nueng","name_th":"คลองหนึ่ง","waterway":"river","length_km":6.8,"risk":null,"risk_type":null,"note":null,"note_th":null,"curated":false}},{"type":"Feature","geometry":{"type":"MultiLineString","coordinates":[[[100.7322089,13.5266829],[100.7480135,13.5243778]],[[100.7018266,13.5322564],[100.7322089,13.5266829]],[[100.689287,13.5346555],[100.6913522,13.5344729],[100.6931815,13.5337245],[100.7018266,13.5322564]],[[100.6865618,13.5338497],[100.689287,13.5346555]]]},"properties":{"key":"Khlong Sam #2","name":"Khlong Sam","name_th":"คลองสาม","waterway":"canal","length_km":6.8,"risk":null,"risk_type":null,"note":null,"note_th":null,"curated":false}},{"type":"Feature","geometry":{"type":"MultiLineString","coordinates":[[[100.3394108,13.6549549],[100.3386327,13.6521413],[100.3381858,13.6433828]],[[100.33759,13.6773767],[100.3382362,13.6750162],[100.3388615,13.6694607],[100.3393076,13.6677087],[100.3401248,13.6664844],[100.3401248,13.6653031],[100.3412801,13.6608554],[100.3408418,13.6588916],[100.3397886,13.657835],[100.3394108,13.6549549]],[[100.3381858,13.6433828],[100.3384515,13.6423696],[100.3431471,13.6357139]],[[100.3431471,13.6357139],[100.3528384,13.6220029]]]},"properties":{"key":"Khlong Si Wa Ta Klom","name":"Khlong Si Wa Ta Klom","name_th":"คลองสี่วาตากล่อม","waterway":"river","length_km":6.8,"risk":null,"risk_type":null,"note":null,"note_th":null,"curated":false}},{"type":"Feature","geometry":{"type":"MultiLineString","coordinates":[[[100.8188026,13.6634445],[100.8151977,13.6603065],[100.8127958,13.6550075],[100.8116585,13.6478815],[100.8110349,13.647092],[100.8102731,13.6444907],[100.8089978,13.642241],[100.8074193,13.6402681],[100.8075748,13.6373436],[100.807367,13.6348279],[100.8067501,13.6323777],[100.8065891,13.6299796],[100.8056492,13.6289048]],[[100.8236036,13.6672234],[100.8188026,13.6634445]],[[100.8075535,13.6243623],[100.8085647,13.6237107]],[[100.8056492,13.6289048],[100.8062768,13.6280222],[100.8067971,13.625233],[100.8075535,13.6243623]],[[100.8085647,13.6237107],[100.8085835,13.6230147],[100.8090448,13.6225585],[100.8097234,13.6208119],[100.8101338,13.6187917],[100.8105898,13.6185936],[100.8107239,13.6179445],[100.8111504,13.6175952],[100.8115742,13.6159372],[100.8121441,13.6156674],[100.8118179,13.6148572]]]},"properties":{"key":"Khlong Bang Nam Khao","name":"Khlong Bang Nam Khao","name_th":"คลองบางน้ำขาว","waterway":"river","length_km":6.8,"risk":null,"risk_type":null,"note":null,"note_th":null,"curated":false}},{"type":"Feature","geometry":{"type":"MultiLineString","coordinates":[[[100.2231857,13.8107555],[100.2219803,13.8100518],[100.2191716,13.809942],[100.2055219,13.8104794],[100.2011786,13.8118383],[100.1997876,13.8136771],[100.1987378,13.8170871],[100.1980605,13.8180008],[100.1967859,13.8186103],[100.1951739,13.818572],[100.1933776,13.8180224],[100.1891891,13.8152155],[100.1873426,13.8133631],[100.186214,13.8110993],[100.1857939,13.8083111],[100.1862569,13.8052151],[100.187024,13.8031892],[100.189255,13.8001822],[100.1934393,13.7966199]]]},"properties":{"key":"แม่น้ำท่าจีน","name":"แม่น้ำท่าจีน","name_th":"แม่น้ำท่าจีน","waterway":"river","length_km":6.8,"risk":null,"risk_type":null,"note":null,"note_th":null,"curated":false}},{"type":"Feature","geometry":{"type":"MultiLineString","coordinates":[[[100.6210532,13.8120472],[100.6207094,13.8094126],[100.621041,13.8084107],[100.622442,13.8068474],[100.6236298,13.8001989]],[[100.6243709,13.8173312],[100.623543,13.8176647],[100.6232133,13.8171726],[100.6210246,13.8168789],[100.6206352,13.8159082],[100.6210532,13.8120472]],[[100.6236298,13.8001989],[100.6259024,13.7880407]],[[100.6259024,13.7880407],[100.6281806,13.775622]],[[100.6281806,13.775622],[100.6304658,13.7631071]],[[100.6254955,13.8174685],[100.6243709,13.8173312]]]},"properties":{"key":"Khlong Chan","name":"Khlong Chan","name_th":"คลองจั่น","waterway":"canal","length_km":6.7,"risk":null,"risk_type":null,"note":null,"note_th":null,"curated":false}},{"type":"Feature","geometry":{"type":"MultiLineString","coordinates":[[[100.8915769,14.2436202],[100.8922322,14.2436424],[100.9475642,14.2699804]]]},"properties":{"key":"Khlong Sam Sip Sam","name":"Khlong Sam Sip Sam","name_th":"คลองสามสิบสาม","waterway":"canal","length_km":6.7,"risk":null,"risk_type":null,"note":null,"note_th":null,"curated":false}},{"type":"Feature","geometry":{"type":"MultiLineString","coordinates":[[[100.6081276,14.2244097],[100.6070545,14.2239268],[100.6062594,14.2239733],[100.6055121,14.2245955],[100.6049851,14.2245026],[100.6041421,14.2232489],[100.6038546,14.2233046],[100.6034331,14.2241218],[100.6020822,14.2240475],[100.6016894,14.2237039],[100.6015553,14.2225709],[100.6018427,14.2215772],[100.6014396,14.2210032],[100.599141,14.221085],[100.5978093,14.2216051],[100.5962381,14.2207693],[100.590576,14.2224502],[100.5892443,14.223221],[100.5873857,14.2230631],[100.5867246,14.2239918],[100.5871462,14.2262114],[100.5862388,14.2280493],[100.5852716,14.2279838],[100.583868,14.2265777],[100.5817329,14.2272953],[100.5812984,14.2272433],[100.5799302,14.2261045],[100.5789219,14.225997]],[[100.6131706,14.2240842],[100.612636,14.224166],[100.6119179,14.2230627],[100.610983,14.222846],[100.6089611,14.2234439],[100.6087982,14.2240475],[100.6081276,14.2244097]],[[100.6251248,14.2264235],[100.624261,14.2266744],[100.6231635,14.2262804],[100.6235632,14.225256],[100.6216325,14.2250919],[100.6193563,14.2233911],[100.618225,14.2233188],[100.6176627,14.2226884],[100.6162129,14.2229971],[100.6149326,14.2242251],[100.6140451,14.2239427],[100.6131706,14.2240842]]]},"properties":{"key":"Khlong Chik","name":"Khlong Chik","name_th":"คลองจิก","waterway":"river","length_km":6.7,"risk":null,"risk_type":null,"note":null,"note_th":null,"curated":false}},{"type":"Feature","geometry":{"type":"MultiLineString","coordinates":[[[100.4458952,13.9199255],[100.4442034,13.914347]],[[100.4476662,13.9287371],[100.4461646,13.9241433],[100.4458952,13.9199255]],[[100.4585605,13.9503184],[100.45868,13.9498169],[100.4581247,13.9479203],[100.4588171,13.9471358],[100.459028,13.944458],[100.4573725,13.9434858],[100.4548788,13.9410553],[100.4543287,13.9409632],[100.454055,13.9400968]],[[100.454055,13.9400968],[100.450632,13.937894]],[[100.450632,13.937894],[100.4499622,13.9366677],[100.4484511,13.9304128],[100.4479205,13.929402]],[[100.4439814,13.9136418],[100.4393616,13.8994169]],[[100.4479205,13.929402],[100.4477469,13.9289919]],[[100.4477469,13.9289919],[100.4476662,13.9287371]],[[100.4442034,13.914347],[100.4439814,13.9136418]],[[100.4584551,13.9509938],[100.4585605,13.9503184]],[[100.4587711,13.9527979],[100.4588628,13.9516282],[100.4584551,13.9509938]]]},"properties":{"key":"Khlong Khun Mahatthai","name":"Khlong Khun Mahatthai","name_th":"คลองขุนมหาดไทย","waterway":"canal","length_km":6.7,"risk":null,"risk_type":null,"note":null,"note_th":null,"curated":false}},{"type":"Feature","geometry":{"type":"MultiLineString","coordinates":[[[100.5704303,14.0906617],[100.5707905,14.0907862]],[[100.57785,14.093619],[100.5782353,14.0937221]],[[100.5307381,14.0675982],[100.5326767,14.0692856],[100.5328741,14.0702396],[100.5337573,14.0709627],[100.533964,14.0716432],[100.5436895,14.0768417],[100.5445226,14.0777167],[100.5497189,14.080509]],[[100.5707905,14.0907862],[100.5758401,14.0930523],[100.57785,14.093619]],[[100.5497189,14.080509],[100.5606027,14.0864599],[100.5682606,14.0899024]],[[100.5782353,14.0937221],[100.5847176,14.0954918]],[[100.5682606,14.0899024],[100.5704303,14.0906617]]]},"properties":{"key":"Khlong Khu","name":"Khlong Khu","name_th":"คลองคู","waterway":"canal","length_km":6.7,"risk":null,"risk_type":null,"note":null,"note_th":null,"curated":false}},{"type":"Feature","geometry":{"type":"MultiLineString","coordinates":[[[100.3475094,13.5359741],[100.3143565,13.5359307]],[[100.3767266,13.5359751],[100.3475094,13.5359741]]]},"properties":{"key":"คลองสหกรณ์สาย 2","name":"คลองสหกรณ์สาย 2","name_th":"คลองสหกรณ์สาย 2","waterway":"canal","length_km":6.7,"risk":null,"risk_type":null,"note":null,"note_th":null,"curated":false}},{"type":"Feature","geometry":{"type":"MultiLineString","coordinates":[[[100.4124829,13.5294731],[100.4164146,13.5296001],[100.4173039,13.5299174],[100.445747,13.545953]],[[100.4110037,13.5294683],[100.4124829,13.5294731]],[[100.3888124,13.5295627],[100.4110037,13.5294683]]]},"properties":{"key":"Khlong Nueng #5","name":"Khlong Nueng","name_th":"คลองหนึ่ง","waterway":"river","length_km":6.6,"risk":null,"risk_type":null,"note":null,"note_th":null,"curated":false}},{"type":"Feature","geometry":{"type":"MultiLineString","coordinates":[[[100.4256671,13.8905922],[100.4201031,13.8883498],[100.4161207,13.8880161],[100.4116676,13.8883824],[100.4023349,13.889967],[100.3805268,13.8950908],[100.3734829,13.8908568]],[[100.4309498,13.8926388],[100.425762,13.8906316]],[[100.425762,13.8906316],[100.4256671,13.8905922]]]},"properties":{"key":"Khlong Thanon","name":"Khlong Thanon","name_th":"คลองถนน","waterway":"canal","length_km":6.5,"risk":null,"risk_type":null,"note":null,"note_th":null,"curated":false}},{"type":"Feature","geometry":{"type":"MultiLineString","coordinates":[[[100.6334609,13.8110017],[100.6340403,13.8094189],[100.6363721,13.8073435],[100.6384419,13.8046841],[100.6390725,13.80435],[100.6393819,13.80355],[100.6400884,13.7989325],[100.6399672,13.7951789],[100.6404759,13.792004],[100.6415606,13.7904559],[100.642604,13.7874913],[100.6422744,13.779619],[100.6434263,13.7671855]],[[100.6313145,13.8191214],[100.6310045,13.8154255],[100.63175,13.8153424],[100.6325535,13.8127489],[100.6334609,13.8110017]],[[100.6434263,13.7671855],[100.6434494,13.7668779]],[[100.6434494,13.7668779],[100.6437346,13.7645475]]]},"properties":{"key":"Khlong Ta Nang","name":"Khlong Ta Nang","name_th":"คลองตาหนัง","waterway":"canal","length_km":6.5,"risk":null,"risk_type":null,"note":null,"note_th":null,"curated":false}},{"type":"Feature","geometry":{"type":"MultiLineString","coordinates":[[[100.8606988,13.8188147],[100.8611065,13.8199138],[100.861423,13.820031],[100.8760464,13.8142332],[100.8877496,13.8041679],[100.9075312,13.7863238]]]},"properties":{"key":"Khlong Song #3","name":"Khlong Song","name_th":"คลองสอง","waterway":"canal","length_km":6.5,"risk":null,"risk_type":null,"note":null,"note_th":null,"curated":false}},{"type":"Feature","geometry":{"type":"MultiLineString","coordinates":[[[100.7174815,13.6754551],[100.7171222,13.674482],[100.7160289,13.6729824],[100.7136721,13.6672915],[100.712967,13.6634537],[100.7111878,13.6589452],[100.7102626,13.6509062],[100.7099351,13.6449189],[100.7104878,13.6416367],[100.7104405,13.6397122],[100.7079547,13.6329413],[100.7092681,13.6310922]],[[100.721069,13.6864756],[100.7174815,13.6754551]]]},"properties":{"key":"Khlong Chuat Lak Khao","name":"Khlong Chuat Lak Khao","name_th":"คลองชวดลากข้าว","waterway":"river","length_km":6.5,"risk":null,"risk_type":null,"note":null,"note_th":null,"curated":false}},{"type":"Feature","geometry":{"type":"MultiLineString","coordinates":[[[100.3880079,13.9179223],[100.3892616,13.9175258],[100.3890354,13.916738],[100.3903673,13.9164184],[100.3925837,13.915294],[100.3945468,13.9150938],[100.4061747,13.9095067],[100.4110639,13.9078771],[100.4145379,13.909461]],[[100.3799903,13.9217781],[100.3818046,13.921202],[100.3847146,13.9194126],[100.3880079,13.9179223]],[[100.3729002,13.9245586],[100.3775722,13.9235169],[100.3790954,13.9234728],[100.3802098,13.9227837],[100.3799903,13.9217781]],[[100.4145379,13.909461],[100.4166698,13.910375]],[[100.4166698,13.910375],[100.4211721,13.9121942],[100.4227894,13.9133936],[100.4254451,13.9143455]]]},"properties":{"key":"Khlong Ban Kluai","name":"Khlong Ban Kluai","name_th":"คลองบ้านกล้วย","waterway":"canal","length_km":6.5,"risk":null,"risk_type":null,"note":null,"note_th":null,"curated":false}},{"type":"Feature","geometry":{"type":"MultiLineString","coordinates":[[[100.913955,14.2096155],[100.914497,14.2082286],[100.9154144,14.2075217],[100.9187006,14.2065588],[100.9188478,14.2058021],[100.9185814,14.2048302],[100.9200701,14.2034359],[100.9240009,14.2018279],[100.9238197,14.201451],[100.9227046,14.2009966],[100.922543,14.2003377],[100.9227838,14.2000753],[100.9290526,14.1987683],[100.9328323,14.1968187],[100.9340171,14.1951682],[100.9357283,14.1917262],[100.9357283,14.1906163],[100.9366093,14.1881558],[100.9363583,14.1852192],[100.9366686,14.1837524],[100.9357889,14.1815898],[100.9363043,14.1801257],[100.9361813,14.1782589],[100.9372021,14.1736128],[100.9383802,14.170812],[100.9383005,14.1675944],[100.9385483,14.1668729]]]},"properties":{"key":"คลองแม่น้ำนอก","name":"คลองแม่น้ำนอก","name_th":"คลองแม่น้ำนอก","waterway":"river","length_km":6.5,"risk":null,"risk_type":null,"note":null,"note_th":null,"curated":false}},{"type":"Feature","geometry":{"type":"MultiLineString","coordinates":[[[100.4619713,13.7443884],[100.4615675,13.7418909],[100.4616175,13.7387255],[100.4627277,13.7325991],[100.4634394,13.7312358]],[[100.4634394,13.7312358],[100.4652924,13.7278554],[100.4673555,13.724999],[100.468952,13.723815],[100.4715365,13.7225845]],[[100.4785426,13.7227663],[100.4820793,13.7237746],[100.4843586,13.7249073],[100.4854782,13.7276273]],[[100.4715365,13.7225845],[100.4754005,13.7223601],[100.4785426,13.7227663]],[[100.4854782,13.7276273],[100.4862969,13.7324936],[100.487686,13.7360744]],[[100.487686,13.7360744],[100.4898037,13.7402858],[100.4919034,13.7424385]]]},"properties":{"key":"Khlong Bangkok Yai","name":"Khlong Bangkok Yai","name_th":"คลองบางกอกใหญ่","waterway":"river","length_km":6.4,"risk":3,"risk_type":"tidal","note":"This is the old Chao Phraya itself — a former river arm open at both ends, from the Wat Arun mouth to the Khlong Mon four-way junction. Real river water flows in and out both ways with the tide; no dedicated gates are documented on the main line. The district flooded from the river in 2011.","note_th":"นี่คือแม่น้ำเจ้าพระยาตัวเก่า — แขนน้ำเดิมที่ปากเปิดสองปลาย จากปากวัดอรุณฯ ถึงสี่แยกคลองมอญ น้ำแม่น้ำไหลเข้าออกสองทิศตามน้ำขึ้นน้ำลง ไม่พบประตูน้ำเฉพาะบนตัวคลองหลัก เขตนี้ถูกน้ำแม่น้ำท่วมปี 2554","curated":true}},{"type":"Feature","geometry":{"type":"MultiLineString","coordinates":[[[100.6271836,13.7136036],[100.6292934,13.7114534],[100.6301128,13.7111937],[100.6306345,13.7106612],[100.6306474,13.7093019],[100.6312988,13.7085301],[100.6317114,13.7058422],[100.6329196,13.7030257]],[[100.643942,13.6712421],[100.6448544,13.6699551],[100.6458218,13.6692644],[100.6478772,13.6690408],[100.6531114,13.6691944],[100.6537842,13.6689154]],[[100.6401729,13.6778399],[100.6405762,13.6762473],[100.643942,13.6712421]],[[100.6329196,13.7030257],[100.6371324,13.6949337],[100.6401729,13.6778399]]]},"properties":{"key":"Khlong Khlet","name":"Khlong Khlet","name_th":"คลองเคล็ด","waterway":"river","length_km":6.4,"risk":null,"risk_type":null,"note":null,"note_th":null,"curated":false}},{"type":"Feature","geometry":{"type":"MultiLineString","coordinates":[[[100.5613537,13.794956],[100.5405021,13.7974031]],[[100.566993,13.7949106],[100.5660076,13.7945321],[100.5613537,13.794956]],[[100.5890206,13.7992906],[100.5791392,13.7971184],[100.566993,13.7949106]],[[100.5400254,13.7974558],[100.5369795,13.7979063],[100.5331986,13.799819]],[[100.5405021,13.7974031],[100.5400254,13.7974558]],[[100.5890206,13.7992906],[100.5868043,13.7988257]]]},"properties":{"key":"Khlong Bang Sue","name":"Khlong Bang Sue","name_th":"คลองบางซื่อ","waterway":"canal","length_km":6.4,"risk":3,"risk_type":"riverine","note":"Northern drainage line from the Chao Phraya (Khek Khai) past the raw-water canal to join Khlong Lat Phrao. The river end is the Bang Sue pumping station + drainage tunnel (Ø5 m, ~6.4 km, designed 60 m³/s): in monsoon peaks gates open and pumps lift water into the river, while surplus continues south to Lat Phrao.","note_th":"เส้นระบายน้ำฝั่งเหนือ จากเจ้าพระยา (เกียกกาย) ตัดคลองประปาจนบรรจบคลองลาดพร้าว ปลายแม่น้ำมีสถานีสูบน้ำบางซื่อ + อุโมงค์ระบายใต้คลอง (Ø5 ม. ยาว ~6.4 กม. ออกแบบ 60 ลบ.ม./วินาที) — ช่วงฝนหนักเปิดประตู/เดินปั๊มระบายลงเจ้าพระยา ส่วนที่เหลือไหลต่อลงลาดพร้าว","curated":true}},{"type":"Feature","geometry":{"type":"MultiLineString","coordinates":[[[100.4425062,13.6878496],[100.4421539,13.6871146],[100.4405525,13.686625],[100.4397147,13.6858997],[100.4287345,13.6795796],[100.3990496,13.6631458]],[[100.3921979,13.6587254],[100.3925305,13.6594813],[100.3990496,13.6631458]]]},"properties":{"key":"Khlong Bang Phran","name":"Khlong Bang Phran","name_th":"คลองบางพราน","waterway":"canal","length_km":6.4,"risk":null,"risk_type":null,"note":null,"note_th":null,"curated":false}},{"type":"Feature","geometry":{"type":"MultiLineString","coordinates":[[[100.3472973,13.6917396],[100.3477038,13.6877473],[100.3489421,13.6861459],[100.3493816,13.6848113],[100.3491773,13.6837204],[100.3504859,13.6813561]],[[100.3461532,13.6994649],[100.3467963,13.6957304],[100.34734,13.6941216],[100.3472973,13.6917396]],[[100.3461532,13.6994649],[100.3449996,13.7020525],[100.3456009,13.7039218],[100.3419968,13.7118872],[100.340293,13.7193755],[100.3394928,13.724235],[100.3390206,13.7293985],[100.3391737,13.7363909]]]},"properties":{"key":"Khlong Maha Son","name":"Khlong Maha Son","name_th":"คลองมหาศร","waterway":"river","length_km":6.4,"risk":null,"risk_type":null,"note":null,"note_th":null,"curated":false}},{"type":"Feature","geometry":{"type":"MultiLineString","coordinates":[[[100.894726,13.6294262],[100.8937122,13.6288267],[100.8925856,13.6264755],[100.8920653,13.626366],[100.8853651,13.6274921]],[[100.904097,13.627115],[100.9018385,13.6285331],[100.9002077,13.6290127]],[[100.9167394,13.6116965],[100.9139943,13.615614],[100.9053039,13.6251756],[100.904097,13.627115]],[[100.9002077,13.6290127],[100.8982122,13.6294611],[100.8954503,13.6292386],[100.894726,13.6294262]],[[100.9167394,13.6116965],[100.9203498,13.6083069],[100.9233431,13.6059555],[100.9294083,13.5998018]]]},"properties":{"key":"Khlong Bang Kha","name":"Khlong Bang Kha","name_th":"คลองบางคา","waterway":"river","length_km":6.4,"risk":null,"risk_type":null,"note":null,"note_th":null,"curated":false}},{"type":"Feature","geometry":{"type":"MultiLineString","coordinates":[[[100.7203558,13.6004578],[100.7193842,13.5972252],[100.7189655,13.5945967],[100.7196524,13.5927619],[100.7196521,13.590952],[100.7191693,13.588736],[100.7196792,13.5861815],[100.7191961,13.584205],[100.7193142,13.5806749],[100.7187877,13.579166],[100.7188462,13.5778444],[100.718343,13.5768742],[100.7187142,13.5754308],[100.7181704,13.5745852],[100.7186837,13.5712823],[100.7190862,13.5705622],[100.7178817,13.5692325],[100.7182317,13.5686457],[100.7182638,13.5677611],[100.7189404,13.5665448],[100.7189232,13.5638526]],[[100.7204457,13.6030516],[100.7203558,13.6004578]],[[100.7189232,13.5638526],[100.7186575,13.5508206],[100.7183133,13.5486743],[100.7177038,13.5481469]]]},"properties":{"key":"Khlong Ku Phara","name":"Khlong Ku Phara","name_th":"คลองกู้พารา","waterway":"canal","length_km":6.4,"risk":null,"risk_type":null,"note":null,"note_th":null,"curated":false}},{"type":"Feature","geometry":{"type":"MultiLineString","coordinates":[[[100.4478614,13.8978999],[100.4502137,13.8978171],[100.4552616,13.8999938],[100.4576914,13.9028831],[100.4601966,13.903862],[100.4620154,13.9049824],[100.4620902,13.9061428],[100.4636566,13.9075435],[100.4638229,13.9087359],[100.4650731,13.9094032],[100.4665373,13.9090275],[100.4672538,13.909273]],[[100.4283761,13.9082555],[100.4314758,13.9034983],[100.4393616,13.8994169]],[[100.4433861,13.8980254],[100.4478614,13.8978999]],[[100.4393616,13.8994169],[100.4433861,13.8980254]],[[100.4276598,13.9094253],[100.4281401,13.9086353]],[[100.424863,13.9176866],[100.4254451,13.9143455],[100.4265939,13.9113239],[100.4276598,13.9094253]],[[100.4281401,13.9086353],[100.4283761,13.9082555]]]},"properties":{"key":"Khlong Bang Bua Thong","name":"Khlong Bang Bua Thong","name_th":"คลองบางบัวทอง","waterway":"river","length_km":6.4,"risk":null,"risk_type":null,"note":null,"note_th":null,"curated":false}},{"type":"Feature","geometry":{"type":"MultiLineString","coordinates":[[[100.8532199,13.575972],[100.8530831,13.5738363],[100.8542203,13.5727308],[100.854746,13.5715732],[100.8530509,13.5661707],[100.8534049,13.5609559],[100.852096,13.5597669],[100.850476,13.5589326],[100.8498108,13.5574098],[100.8490651,13.5536759],[100.847569,13.5504728]],[[100.8473673,13.5500253],[100.846517,13.5483356],[100.8433459,13.5440219]],[[100.847569,13.5504728],[100.8473673,13.5500253]],[[100.8417885,13.5414001],[100.8343398,13.5241153]],[[100.8433459,13.5440219],[100.8417885,13.5414001]]]},"properties":{"key":"Khlong Kanya","name":"Khlong Kanya","name_th":"คลองกันยา","waterway":"river","length_km":6.4,"risk":null,"risk_type":null,"note":null,"note_th":null,"curated":false}},{"type":"Feature","geometry":{"type":"MultiLineString","coordinates":[[[100.9610118,13.6360177],[100.9594134,13.6323244],[100.9444758,13.6184062],[100.9375851,13.6104507],[100.9299909,13.6004701],[100.9268399,13.5978846],[100.9233871,13.5935314]]]},"properties":{"key":"Khlong Phraya Samut","name":"Khlong Phraya Samut","name_th":"คลองพระยาสมุทร","waterway":"canal","length_km":6.3,"risk":null,"risk_type":null,"note":null,"note_th":null,"curated":false}},{"type":"Feature","geometry":{"type":"MultiLineString","coordinates":[[[100.3619084,13.6620868],[100.3833393,13.6716414],[100.3848314,13.6713802]],[[100.3619084,13.6620868],[100.3606739,13.6612224],[100.3571042,13.6615408],[100.3565864,13.6598384],[100.3510865,13.6574477],[100.3513532,13.6565336],[100.3495716,13.6551331],[100.3477852,13.6547208],[100.3474226,13.6553352],[100.3467539,13.6553005]],[[100.3848314,13.6713802],[100.3872821,13.6704008],[100.3883264,13.6679758]],[[100.3467539,13.6553005],[100.3451168,13.6546864],[100.3394095,13.6549288]]]},"properties":{"key":"Khlong Nam Daeng","name":"Khlong Nam Daeng","name_th":"คลองหนามแดง","waterway":"canal","length_km":6.2,"risk":null,"risk_type":null,"note":null,"note_th":null,"curated":false}},{"type":"Feature","geometry":{"type":"MultiLineString","coordinates":[[[100.6367559,13.5822763],[100.6416268,13.5804507],[100.6423415,13.5794713],[100.6454725,13.5793773],[100.6483663,13.5783012],[100.6507416,13.5781246],[100.6516555,13.5784492],[100.6529178,13.5778826],[100.65523,13.5777092]],[[100.6566709,13.5770075],[100.658119,13.5764204],[100.6601393,13.5766804],[100.6614598,13.5758693]],[[100.6174758,13.5896008],[100.6183108,13.5890803],[100.6221036,13.5879609],[100.6243696,13.5876356],[100.6273361,13.5855199],[100.6278287,13.5854515]],[[100.6109248,13.5924087],[100.6110979,13.5924672]],[[100.6278287,13.5854515],[100.6283675,13.585624],[100.6303176,13.5846822],[100.6322231,13.5831387],[100.6367559,13.5822763]],[[100.65523,13.5777092],[100.6558344,13.5768853],[100.6566709,13.5770075]],[[100.6145248,13.5907891],[100.6174758,13.5896008]],[[100.6110979,13.5924672],[100.6115465,13.5925745],[100.612408,13.5910213],[100.6138407,13.5916817],[100.6139586,13.5911299],[100.6145248,13.5907891]]]},"properties":{"key":"Khlong Phraek Sa","name":"Khlong Phraek Sa","name_th":"คลองแพรกษา","waterway":"river","length_km":6.2,"risk":null,"risk_type":null,"note":null,"note_th":null,"curated":false}},{"type":"Feature","geometry":{"type":"MultiLineString","coordinates":[[[100.501809,13.9362612],[100.4983476,13.9382779],[100.4978067,13.9390657],[100.497222,13.9389251],[100.4963208,13.939503],[100.495441,13.9395811],[100.4951835,13.9402423],[100.4945827,13.9403048],[100.4941589,13.9406901],[100.4935259,13.9403569],[100.4929143,13.9404974],[100.4924047,13.9411014],[100.4913426,13.9409712],[100.4904778,13.9419684],[100.4891012,13.9424207],[100.4879092,13.9439389],[100.4874806,13.9451629]],[[100.4751533,13.9611472],[100.4762597,13.9604557],[100.4785855,13.958023],[100.4846211,13.9511438],[100.4861783,13.9501754],[100.4873328,13.9475517],[100.4887527,13.9460656],[100.4874806,13.9451629]],[[100.4669342,13.9704968],[100.4668741,13.9687231],[100.4751533,13.9611472]],[[100.4672101,13.9728995],[100.4669342,13.9704968]]]},"properties":{"key":"Khlong Bang Tanai","name":"Khlong Bang Tanai","name_th":"คลองบางตะไนย์","waterway":"river","length_km":6.2,"risk":null,"risk_type":null,"note":null,"note_th":null,"curated":false}},{"type":"Feature","geometry":{"type":"MultiLineString","coordinates":[[[100.7512311,13.914987],[100.7532251,13.9141507],[100.7551589,13.9121028],[100.7550732,13.9112553],[100.7566203,13.9093828],[100.7597296,13.9077571],[100.7606745,13.9060037],[100.7620627,13.9045105],[100.7632186,13.9023636],[100.7643754,13.9009349],[100.7669132,13.8998336],[100.7674783,13.8990446],[100.7673986,13.8986403],[100.7654491,13.8975492],[100.7649425,13.8961116],[100.7649552,13.8947414],[100.7653545,13.8932773],[100.7649628,13.8926256],[100.7651892,13.8913418],[100.7647924,13.8894136],[100.7657919,13.8873496],[100.7658671,13.885081],[100.765788,13.8767349],[100.7650561,13.8689351]]]},"properties":{"key":"คลองพระราชดำริ 2","name":"คลองพระราชดำริ 2","name_th":"คลองพระราชดำริ 2","waterway":"canal","length_km":6.2,"risk":null,"risk_type":null,"note":null,"note_th":null,"curated":false}},{"type":"Feature","geometry":{"type":"MultiLineString","coordinates":[[[100.2580995,13.6512651],[100.2621851,13.6078598],[100.2637606,13.5977918]],[[100.2578738,13.6531159],[100.258067,13.6515598]],[[100.258067,13.6515598],[100.2580995,13.6512651]]]},"properties":{"key":"คลองแนวลิขิต","name":"คลองแนวลิขิต","name_th":"คลองแนวลิขิต","waterway":"canal","length_km":6.2,"risk":null,"risk_type":null,"note":null,"note_th":null,"curated":false}},{"type":"Feature","geometry":{"type":"MultiLineString","coordinates":[[[100.666131,13.8348603],[100.6692205,13.8255514],[100.6711669,13.8218665],[100.6725427,13.8200701],[100.6739772,13.8162637],[100.6743601,13.8129352],[100.6741375,13.8120314],[100.6751836,13.8104296],[100.6758943,13.8098826],[100.678508,13.8044578],[100.6798465,13.80286],[100.6809006,13.8021932],[100.6812009,13.8010861],[100.6832047,13.7971733],[100.684621,13.7955809],[100.6876143,13.7906312],[100.6883148,13.7882966]],[[100.6654234,13.8374186],[100.6658744,13.8357175]],[[100.6658744,13.8357175],[100.666131,13.8348603]]]},"properties":{"key":"Khlong Khru","name":"Khlong Khru","name_th":"คลองครุ","waterway":"canal","length_km":6.1,"risk":null,"risk_type":null,"note":null,"note_th":null,"curated":false}},{"type":"Feature","geometry":{"type":"MultiLineString","coordinates":[[[100.6937429,13.7549537],[100.692743,13.7534594],[100.6919679,13.7501008],[100.6903929,13.7482422],[100.6891938,13.7454273],[100.6880108,13.7404598],[100.6873707,13.732721],[100.6865432,13.7317452],[100.6856416,13.7312099]],[[100.6970364,13.7605172],[100.6945245,13.7557414],[100.6937429,13.7549537]],[[100.709484,13.7616857],[100.7091591,13.7629981],[100.7067126,13.7638784],[100.7046513,13.7638257],[100.7022641,13.7646887],[100.7013455,13.7641855],[100.6997795,13.763875],[100.6992259,13.762837],[100.697721,13.7618028],[100.6970364,13.7605172]],[[100.6856416,13.7312099],[100.6865334,13.7306455],[100.6922447,13.7297503]]]},"properties":{"key":"Khlong Thap Chang Lang","name":"Khlong Thap Chang Lang","name_th":"คลองทับช้างล่าง","waterway":"river","length_km":6.1,"risk":null,"risk_type":null,"note":null,"note_th":null,"curated":false}},{"type":"Feature","geometry":{"type":"MultiLineString","coordinates":[[[100.3978563,13.6534196],[100.3985731,13.6518699],[100.3988041,13.6495824],[100.3998904,13.6454066],[100.40024,13.6412188],[100.4015636,13.6377498],[100.402733,13.6309929],[100.4050359,13.6232037],[100.4047223,13.6224904],[100.4055109,13.6217589],[100.4075192,13.6206843],[100.4089702,13.619212],[100.4111263,13.6188524],[100.4115762,13.6163385],[100.4119227,13.6162446],[100.4120021,13.6156816],[100.4114174,13.6144471],[100.4106955,13.6098703],[100.4118866,13.6088308],[100.4136261,13.6062383]]]},"properties":{"key":"คลองเลนเปน","name":"คลองเลนเปน","name_th":"คลองเลนเปน","waterway":"river","length_km":6,"risk":null,"risk_type":null,"note":null,"note_th":null,"curated":false}},{"type":"Feature","geometry":{"type":"MultiLineString","coordinates":[[[100.3707673,13.7727593],[100.3701483,13.7725976],[100.3678494,13.7789173],[100.3668975,13.7819027],[100.3675366,13.7822844],[100.3669704,13.7836102],[100.3702106,13.7844208],[100.3703227,13.7848678],[100.3709318,13.7850063],[100.3736956,13.7851003],[100.3756201,13.7847669],[100.3762438,13.7845497],[100.376135,13.7840496],[100.3779086,13.7807257],[100.37859,13.7808167],[100.3788397,13.7801802],[100.3825746,13.7806206],[100.382784,13.78218],[100.3834284,13.7828893],[100.3837594,13.7868674],[100.383412,13.7905705],[100.3826543,13.7925148],[100.3813132,13.7981881],[100.3807191,13.7990311],[100.3803261,13.8004335],[100.3803059,13.8023609]]]},"properties":{"key":"คลองควาย","name":"คลองควาย","name_th":"คลองควาย","waterway":"canal","length_km":6,"risk":null,"risk_type":null,"note":null,"note_th":null,"curated":false}},{"type":"Feature","geometry":{"type":"MultiLineString","coordinates":[[[100.3499602,13.8141138],[100.3597818,13.813073],[100.3722938,13.8127502],[100.3776714,13.8147293],[100.3881608,13.8172776]],[[100.3881608,13.8172776],[100.3885301,13.817341]],[[100.3885301,13.817341],[100.3986961,13.8214909],[100.4030309,13.8239952]]]},"properties":{"key":"Khlong Bang Na #2","name":"Khlong Bang Na","name_th":"คลองบางนา","waterway":"canal","length_km":6,"risk":null,"risk_type":null,"note":null,"note_th":null,"curated":false}},{"type":"Feature","geometry":{"type":"MultiLineString","coordinates":[[[100.4139773,13.5358044],[100.4196283,13.535855],[100.4449949,13.5502102]],[[100.4125406,13.5358116],[100.3996861,13.5357898],[100.3995144,13.5295104]],[[100.4139773,13.5358044],[100.4125406,13.5358116]]]},"properties":{"key":"Khlong Song #4","name":"Khlong Song","name_th":"คลองสอง","waterway":"canal","length_km":6,"risk":null,"risk_type":null,"note":null,"note_th":null,"curated":false}},{"type":"Feature","geometry":{"type":"MultiLineString","coordinates":[[[100.6353207,13.9167594],[100.6600982,13.9157894]],[[100.6312383,13.9169692],[100.6353207,13.9167594]],[[100.6813529,13.9160348],[100.68677,13.9161911]],[[100.6810941,13.9160281],[100.6813529,13.9160348]],[[100.6600982,13.9157894],[100.666582,13.9155936],[100.6810941,13.9160281]]]},"properties":{"key":"Khlong Mon Si Sip","name":"Khlong Mon Si Sip","name_th":"คลองหมอนสี่สิบ","waterway":"canal","length_km":6,"risk":null,"risk_type":null,"note":null,"note_th":null,"curated":false}},{"type":"Feature","geometry":{"type":"MultiLineString","coordinates":[[[100.4362378,13.774469],[100.4348407,13.7750918],[100.4328974,13.7753429],[100.4319265,13.7761713],[100.4295876,13.7766141],[100.4275008,13.7775467],[100.4233166,13.7779896],[100.4204466,13.7786904],[100.4195494,13.7786461],[100.3975214,13.7823533],[100.3835395,13.7843774]]]},"properties":{"key":"Khlong Ban Sai","name":"Khlong Ban Sai","name_th":"คลองบ้านไทร","waterway":"river","length_km":5.9,"risk":null,"risk_type":null,"note":null,"note_th":null,"curated":false}},{"type":"Feature","geometry":{"type":"MultiLineString","coordinates":[[[100.7311428,13.7751049],[100.7300386,13.7701115],[100.7296788,13.7661746],[100.7250852,13.761255],[100.7241095,13.7590312],[100.7239258,13.7576515]],[[100.7239258,13.7576515],[100.7239299,13.7239813]]]},"properties":{"key":"Khlong Nueng #6","name":"Khlong Nueng","name_th":"คลองหนึ่ง","waterway":"river","length_km":5.9,"risk":null,"risk_type":null,"note":null,"note_th":null,"curated":false}},{"type":"Feature","geometry":{"type":"MultiLineString","coordinates":[[[100.6847406,13.6452695],[100.6843571,13.6449041],[100.6839773,13.6435485],[100.6821101,13.6412911],[100.6807195,13.6367306],[100.6790444,13.634139],[100.6785499,13.6310383],[100.6783505,13.6272113],[100.6780781,13.6268357],[100.6754429,13.6260381],[100.6757373,13.6234412],[100.6752221,13.6224254],[100.6752442,13.6216814],[100.6748135,13.6206083],[100.6724286,13.6187768],[100.6711183,13.6138955]],[[100.6847406,13.6452695],[100.6865342,13.6466288],[100.6870343,13.6478237],[100.6880185,13.6482251],[100.688383,13.6500969],[100.6891579,13.6511803],[100.6929832,13.6505887]],[[100.6929832,13.6505887],[100.6931646,13.651235]],[[100.6971724,13.6501834],[100.6931646,13.651235]]]},"properties":{"key":"Khlong Bang Kaeo Yai","name":"Khlong Bang Kaeo Yai","name_th":"คลองบางแก้วใหญ่","waterway":"canal","length_km":5.9,"risk":null,"risk_type":null,"note":null,"note_th":null,"curated":false}},{"type":"Feature","geometry":{"type":"MultiLineString","coordinates":[[[100.8037153,13.562006],[100.8019864,13.5580044],[100.8021206,13.5562679],[100.8018041,13.5546512],[100.8024639,13.5495196],[100.8042663,13.5486226],[100.8048135,13.5468495],[100.8048403,13.544706],[100.8052212,13.5437881],[100.8045721,13.5430528],[100.8058327,13.5414673],[100.806337,13.5398767],[100.8076995,13.5384111],[100.8078712,13.5376758],[100.8086651,13.5367422],[100.8077639,13.5336286]],[[100.8068788,13.5670366],[100.8054197,13.5656703],[100.8037153,13.562006]],[[100.8116336,13.5807778],[100.8105802,13.5780602],[100.810473,13.5766001],[100.8093357,13.5739616],[100.8091962,13.5729187],[100.8095288,13.5702175],[100.8068788,13.5670366]]]},"properties":{"key":"Khlong Panya","name":"Khlong Panya","name_th":"คลองปั้นหยา","waterway":"river","length_km":5.9,"risk":null,"risk_type":null,"note":null,"note_th":null,"curated":false}},{"type":"Feature","geometry":{"type":"MultiLineString","coordinates":[[[100.5093836,13.7636559],[100.5120056,13.7610497]],[[100.4991798,13.772757],[100.5012825,13.7717761],[100.5038314,13.7697419]],[[100.5169187,13.7490557],[100.5163389,13.7455854]],[[100.51735,13.753102],[100.5169187,13.7490557]],[[100.5163829,13.7566113],[100.5172212,13.7548778],[100.51735,13.753102]],[[100.5163389,13.7455854],[100.5157793,13.7420052],[100.5158033,13.7340315],[100.5151337,13.731678],[100.5141789,13.7304938]],[[100.5038314,13.7697419],[100.5093836,13.7636559]],[[100.5120056,13.7610497],[100.5128769,13.7601879]],[[100.5128769,13.7601879],[100.5163829,13.7566113]],[[100.5141789,13.7304938],[100.5138466,13.730142]],[[100.5129482,13.7294149],[100.5123488,13.7290515]],[[100.5138466,13.730142],[100.5133182,13.7296585]],[[100.5133182,13.7296585],[100.5131233,13.7295247]],[[100.5131233,13.7295247],[100.5129482,13.7294149]]]},"properties":{"key":"Khlong Phadung Krung Kasem","name":"Khlong Phadung Krung Kasem","name_th":"คลองผดุงกรุงเกษม","waterway":"canal","length_km":5.8,"risk":2,"risk_type":"mixed","note":"Historic ring canal around Rattanakosin Island, gated at both ends and backed by pumps to protect the old city. Streetside flooding in 2011 as northern runoff pushed south.","note_th":"คลองวงแหวนประวัติศาสตร์รอบเกาะรัตนโกสินทร์ มีประตูน้ำปิดทั้งสองปลายและมีปั๊มช่วยระบายเพื่อปกป้องเมืองเก่า ปี 2554 น้ำท่วมผิวถนนเมื่อน้ำจากภาคเหนือกดลงมาทางใต้","curated":true}},{"type":"Feature","geometry":{"type":"MultiLineString","coordinates":[[[100.4346459,13.6987765],[100.4229135,13.6917129],[100.4052385,13.6819275],[100.3948664,13.6766579],[100.3941905,13.6788314],[100.393351,13.6806296],[100.3928816,13.6809632],[100.3919081,13.6834077]],[[100.4347228,13.6989219],[100.4346459,13.6987765]]]},"properties":{"key":"Klong Nong Yai","name":"Klong Nong Yai","name_th":"คลองหนองใหญ่","waterway":"canal","length_km":5.8,"risk":null,"risk_type":null,"note":null,"note_th":null,"curated":false}},{"type":"Feature","geometry":{"type":"MultiLineString","coordinates":[[[100.8293921,13.8890807],[100.8294833,13.8879168],[100.830422,13.8864222],[100.8320743,13.881553]],[[100.8298266,13.8960197],[100.8295852,13.8952907],[100.8284855,13.8939888],[100.8293921,13.8890807]],[[100.8320743,13.881553],[100.8318919,13.8804021],[100.8315861,13.8800949],[100.8291829,13.8787617],[100.8269083,13.8779024],[100.8246392,13.8762984],[100.8227456,13.8736684],[100.8211631,13.8728924],[100.8187813,13.8728976],[100.8187061,13.8724862],[100.8199411,13.870698],[100.8195269,13.8696687],[100.8160561,13.8692312],[100.8149242,13.8684812],[100.8142776,13.8676411]],[[100.8073308,13.8741035],[100.8106112,13.8734601],[100.8117539,13.8706686],[100.812698,13.8692364],[100.8142776,13.8676411]]]},"properties":{"key":"Khlong Lam Chedi","name":"Khlong Lam Chedi","name_th":"คลองลำเจดีย์","waterway":"river","length_km":5.8,"risk":null,"risk_type":null,"note":null,"note_th":null,"curated":false}},{"type":"Feature","geometry":{"type":"MultiLineString","coordinates":[[[100.7549456,13.6467352],[100.7548537,13.6452304],[100.7553151,13.6427073],[100.7551434,13.641696],[100.7532551,13.6400382],[100.7503798,13.6367539],[100.7483842,13.6358051],[100.7455411,13.6337303],[100.7452514,13.6309255],[100.7417967,13.627297],[100.7416572,13.6257851],[100.74052,13.622584],[100.7414115,13.6125091],[100.7420812,13.6115809],[100.7423087,13.6053705],[100.74255,13.6046912],[100.7442846,13.6024902],[100.7443535,13.6016884]]]},"properties":{"key":"Khlong Bang Chalong","name":"Khlong Bang Chalong","name_th":"คลองบางโฉลง","waterway":"river","length_km":5.8,"risk":null,"risk_type":null,"note":null,"note_th":null,"curated":false}},{"type":"Feature","geometry":{"type":"MultiLineString","coordinates":[[[100.4045094,13.8843517],[100.407262,13.8839286],[100.4093779,13.8840077],[100.4115303,13.8844748],[100.4153022,13.8858392],[100.4170071,13.8858307],[100.4176729,13.8854188],[100.4182994,13.883659],[100.4188238,13.8831518],[100.4199256,13.882965],[100.4208173,13.8819697],[100.420886,13.8811822],[100.4219957,13.8799334],[100.4224985,13.8786978],[100.4229208,13.8787455],[100.4236495,13.8767053],[100.4241876,13.8764593],[100.4247022,13.8766672],[100.4245215,13.8755975],[100.4253837,13.8755041],[100.4256371,13.8748844],[100.4260338,13.8747509],[100.4261615,13.8742685],[100.4258767,13.8737727],[100.42635,13.8730634],[100.4268194,13.8729872],[100.4278073,13.8736412],[100.4279487,13.873195],[100.4273536,13.8726134],[100.4275245,13.8720872],[100.4284162,13.8725105],[100.4287913,13.8723217],[100.4290545,13.8714274],[100.4287608,13.8702793],[100.4291469,13.8700474],[100.4296477,13.8703191]],[[100.396809,13.8878513],[100.3976996,13.8871249],[100.3996348,13.8866914],[100.4003153,13.8858381],[100.4010454,13.8854528],[100.4045094,13.8843517]],[[100.3970256,13.8910345],[100.3968389,13.8905045]],[[100.3968389,13.8905045],[100.3965017,13.8892857],[100.396809,13.8878513]]]},"properties":{"key":"Khlong Bang Phraek","name":"Khlong Bang Phraek","name_th":"คลองบางแพรก","waterway":"canal","length_km":5.8,"risk":null,"risk_type":null,"note":null,"note_th":null,"curated":false}},{"type":"Feature","geometry":{"type":"MultiLineString","coordinates":[[[100.6111126,13.8998493],[100.6077984,13.8978039],[100.6056891,13.8955004],[100.5980914,13.8905555],[100.5946709,13.8876072]],[[100.5946709,13.8876072],[100.5893156,13.8815825],[100.5880335,13.8794263],[100.5863916,13.8588484]]]},"properties":{"key":"Khlong Thanon #2","name":"Khlong Thanon","name_th":"คลองถนน","waterway":"canal","length_km":5.7,"risk":null,"risk_type":null,"note":null,"note_th":null,"curated":false}},{"type":"Feature","geometry":{"type":"MultiLineString","coordinates":[[[100.4474751,14.1630433],[100.4487383,14.1636451],[100.452988,14.1618583],[100.4536263,14.1609377],[100.4550256,14.1599574],[100.455723,14.1588964],[100.4574289,14.1590576],[100.4597579,14.1586022],[100.460948,14.1590108],[100.4614361,14.1585062],[100.4626278,14.1584358],[100.4630562,14.1589692],[100.4657491,14.1594165],[100.4667737,14.1589536],[100.4684581,14.1595725],[100.4689793,14.1590079],[100.4689686,14.1583213],[100.4701112,14.1584046],[100.4716454,14.1579572],[100.4723903,14.1582826],[100.4732861,14.1573203],[100.4749974,14.1566025],[100.4759791,14.1569614],[100.4768213,14.157804],[100.4775838,14.1569689],[100.478849,14.1577312],[100.4792414,14.1564696],[100.4795464,14.1563216],[100.4803671,14.1564204],[100.4806032,14.1572267],[100.4809304,14.1572579],[100.481237,14.1566048],[100.4807596,14.1559651],[100.4812477,14.1553565],[100.481601,14.1553697],[100.4824915,14.1562384],[100.4829313,14.1561188],[100.4839396,14.154683],[100.484637,14.1552551],[100.4854685,14.1552031],[100.4858869,14.1539496],[100.4852217,14.1537207],[100.4850876,14.1529765]]]},"properties":{"key":"Khlong Kao #3","name":"Khlong Kao","name_th":"คลองเก้า","waterway":"canal","length_km":5.7,"risk":null,"risk_type":null,"note":null,"note_th":null,"curated":false}},{"type":"Feature","geometry":{"type":"MultiLineString","coordinates":[[[100.321736,13.5226572],[100.3217887,13.5221044],[100.3229322,13.520244],[100.3251989,13.5186576],[100.3257031,13.5178873],[100.3262513,13.5164012],[100.3267075,13.5134093]],[[100.3131446,13.5606029],[100.3133552,13.5384226],[100.314832,13.5346635],[100.3163895,13.5326548],[100.317682,13.5289227],[100.321516,13.5236951],[100.321736,13.5226572]]]},"properties":{"key":"คลองหลวงสหกรณ์","name":"คลองหลวงสหกรณ์","name_th":"คลองหลวงสหกรณ์","waterway":"canal","length_km":5.7,"risk":null,"risk_type":null,"note":null,"note_th":null,"curated":false}},{"type":"Feature","geometry":{"type":"MultiLineString","coordinates":[[[100.7804112,13.5515493],[100.7810574,13.5491963]],[[100.7810574,13.5491963],[100.7812712,13.5484632],[100.7840905,13.5452301],[100.7819772,13.5403703]],[[100.790849,13.5880473],[100.789748,13.5835155],[100.7804112,13.5515493]]]},"properties":{"key":"Khlong Charoen Rat","name":"Khlong Charoen Rat","name_th":"คลองเจริญราษฎร์","waterway":"river","length_km":5.7,"risk":null,"risk_type":null,"note":null,"note_th":null,"curated":false}},{"type":"Feature","geometry":{"type":"MultiLineString","coordinates":[[[100.2141481,13.5748136],[100.1617255,13.5764743]]]},"properties":{"key":"คลองราษฎร์เจริญ","name":"คลองราษฎร์เจริญ","name_th":"คลองราษฎร์เจริญ","waterway":"canal","length_km":5.7,"risk":null,"risk_type":null,"note":null,"note_th":null,"curated":false}},{"type":"Feature","geometry":{"type":"MultiLineString","coordinates":[[[100.8759612,13.6112307],[100.8751505,13.61076],[100.8732459,13.6088148],[100.871871,13.6062117],[100.869201,13.6045729],[100.8686587,13.6013854],[100.8680868,13.6001471],[100.8658416,13.5971883],[100.8635921,13.5951776],[100.8618556,13.5925008],[100.8594044,13.5903307],[100.857075,13.5907148],[100.8563603,13.5905963],[100.8535768,13.5893309]],[[100.8860152,13.6228843],[100.8854181,13.6219935],[100.8826809,13.6202323],[100.8818652,13.6185406],[100.8808309,13.6172493],[100.8807006,13.6162317],[100.8810706,13.6145441],[100.8808309,13.6138534],[100.8759612,13.6112307]]]},"properties":{"key":"Khlong Chuat Phrao","name":"Khlong Chuat Phrao","name_th":"คลองชวดพร้าว","waterway":"river","length_km":5.6,"risk":null,"risk_type":null,"note":null,"note_th":null,"curated":false}},{"type":"Feature","geometry":{"type":"MultiLineString","coordinates":[[[100.3429135,13.8395041],[100.336992,13.8553796],[100.333709,13.866421],[100.3322233,13.8736737],[100.3314023,13.8756369],[100.3311016,13.8774258],[100.3310321,13.882381],[100.3310482,13.8852348],[100.3317456,13.8857191],[100.3313897,13.8877439]]]},"properties":{"key":"Khlong Bang I Lue","name":"Khlong Bang I Lue","name_th":"คลองบางอีลือ","waterway":"canal","length_km":5.6,"risk":null,"risk_type":null,"note":null,"note_th":null,"curated":false}},{"type":"Feature","geometry":{"type":"MultiLineString","coordinates":[[[100.3025922,13.6402427],[100.3064221,13.6383731],[100.308466,13.6366788],[100.3089112,13.6359229],[100.3142434,13.634948],[100.3148496,13.6347238],[100.3151876,13.6340722],[100.3150481,13.6303707],[100.3144741,13.6266014],[100.3120923,13.6177541],[100.3091551,13.5985302]],[[100.3091416,13.5984227],[100.3091335,13.598359]],[[100.3091551,13.5985302],[100.3091416,13.5984227]]]},"properties":{"key":"คลองหมื่นปรารมย์","name":"คลองหมื่นปรารมย์","name_th":"คลองหมื่นปรารมย์","waterway":"canal","length_km":5.6,"risk":null,"risk_type":null,"note":null,"note_th":null,"curated":false}},{"type":"Feature","geometry":{"type":"MultiLineString","coordinates":[[[100.3539729,13.8662189],[100.3454663,13.864923],[100.3330546,13.8622756],[100.3261898,13.8617378],[100.3222771,13.8608957],[100.3120077,13.8575763],[100.3040994,13.8543887]]]},"properties":{"key":"คลองตาแดง","name":"คลองตาแดง","name_th":"คลองตาแดง","waterway":"canal","length_km":5.6,"risk":null,"risk_type":null,"note":null,"note_th":null,"curated":false}},{"type":"Feature","geometry":{"type":"MultiLineString","coordinates":[[[100.5496718,13.6200899],[100.5476366,13.6181474],[100.5471646,13.6170212],[100.5464994,13.616917],[100.5461668,13.6171568],[100.5440961,13.6168335],[100.542283,13.6170838],[100.5418538,13.616698],[100.5418753,13.6160306],[100.5414676,13.6152277],[100.5385493,13.6148419],[100.5372297,13.6149149],[100.5363821,13.6152903],[100.5350732,13.6145395],[100.5349122,13.6139765]],[[100.5210167,13.6051441],[100.5195089,13.6048487],[100.5138239,13.6026235],[100.5129315,13.6013339],[100.5114855,13.5968504]],[[100.5210167,13.6051441],[100.5240337,13.6055614]],[[100.5240337,13.6055614],[100.5286359,13.6088357],[100.5322622,13.6120787],[100.5349122,13.6139765]]]},"properties":{"key":"Khlong Bang Chak #2","name":"Khlong Bang Chak","name_th":"คลองบางจาก","waterway":"canal","length_km":5.5,"risk":null,"risk_type":null,"note":null,"note_th":null,"curated":false}},{"type":"Feature","geometry":{"type":"MultiLineString","coordinates":[[[100.7650561,13.8689351],[100.7291744,13.8647234]],[[100.7654058,13.8689823],[100.7650561,13.8689351]],[[100.7795593,13.8707363],[100.7654058,13.8689823]]]},"properties":{"key":"Khlong Song Tawan Ok","name":"Khlong Song Tawan Ok","name_th":"คลองสองตะวันออก","waterway":"canal","length_km":5.5,"risk":null,"risk_type":null,"note":null,"note_th":null,"curated":false}},{"type":"Feature","geometry":{"type":"MultiLineString","coordinates":[[[100.6559067,13.5618004],[100.6596829,13.5599854],[100.6610764,13.5596017],[100.6635427,13.5608411],[100.6647362,13.5608957],[100.6662989,13.5600204],[100.6688096,13.5597889],[100.6725921,13.557486]],[[100.6423415,13.5794713],[100.6416436,13.5786814],[100.6404136,13.572021],[100.6395607,13.5698916]],[[100.6406672,13.5691683],[100.6407622,13.5691321]],[[100.6407622,13.5691321],[100.6412186,13.5689927],[100.6433883,13.5667527],[100.6463659,13.566168],[100.6478893,13.5654918],[100.6485776,13.5648139],[100.6501257,13.5647304],[100.6510145,13.5638376],[100.65587,13.5618181]],[[100.6395607,13.5698916],[100.6396954,13.5694],[100.6406672,13.5691683]],[[100.6725921,13.557486],[100.6743282,13.5570365],[100.67505,13.5562167]]]},"properties":{"key":"Khlong Hok Suan","name":"Khlong Hok Suan","name_th":"คลองหกส่วน","waterway":"river","length_km":5.5,"risk":null,"risk_type":null,"note":null,"note_th":null,"curated":false}},{"type":"Feature","geometry":{"type":"MultiLineString","coordinates":[[[100.4664399,13.9827401],[100.4668943,13.9814058],[100.4682545,13.9815784],[100.4696121,13.9813783],[100.4718947,13.9822635],[100.4736852,13.9813068],[100.4871362,13.9700638],[100.4896691,13.9672552],[100.4912315,13.9646136],[100.491152,13.9640079],[100.4948934,13.9628196],[100.4974101,13.9615114],[100.4980173,13.9608138],[100.4990017,13.9611798],[100.4998795,13.9620284],[100.5017972,13.960436],[100.5036115,13.9616668],[100.5043168,13.9627743]]]},"properties":{"key":"คลองนวลนิตย์","name":"คลองนวลนิตย์","name_th":"คลองนวลนิตย์","waterway":"canal","length_km":5.5,"risk":null,"risk_type":null,"note":null,"note_th":null,"curated":false}},{"type":"Feature","geometry":{"type":"MultiLineString","coordinates":[[[100.2824859,13.7599727],[100.2855828,13.7586025],[100.2875329,13.7565965],[100.290228,13.7562128],[100.2911151,13.7542072],[100.2926843,13.7524605],[100.293781,13.7519658],[100.2951816,13.7502865],[100.2960147,13.7484618],[100.2985723,13.7461988],[100.2996511,13.7441788],[100.3028745,13.73444],[100.3039527,13.7275822],[100.3037542,13.7242001],[100.3050352,13.7195167]]]},"properties":{"key":"คลองฉาง 1","name":"คลองฉาง 1","name_th":"คลองฉาง 1","waterway":"canal","length_km":5.5,"risk":null,"risk_type":null,"note":null,"note_th":null,"curated":false}},{"type":"Feature","geometry":{"type":"MultiLineString","coordinates":[[[100.6130269,13.6315746],[100.6137317,13.6294058],[100.6134453,13.6235206],[100.6123636,13.619481],[100.6099312,13.6136766],[100.6078821,13.6111677],[100.6016651,13.6061093],[100.5981712,13.6044237],[100.5981331,13.6038479],[100.5963887,13.6033008],[100.5957851,13.602483],[100.592494,13.6017452]],[[100.6121198,13.6332649],[100.6130269,13.6315746]],[[100.6105173,13.6388816],[100.6093499,13.636845],[100.6121198,13.6332649]]]},"properties":{"key":"Khlong Maha Wong","name":"Khlong Maha Wong","name_th":"คลองมหาวงษ์","waterway":"canal","length_km":5.5,"risk":null,"risk_type":null,"note":null,"note_th":null,"curated":false}},{"type":"Feature","geometry":{"type":"MultiLineString","coordinates":[[[100.705534,13.6787799],[100.7046992,13.6747665],[100.7051515,13.674185],[100.7040115,13.6714478],[100.6997273,13.6636795],[100.6989513,13.660868],[100.6982834,13.6561566]],[[100.6971724,13.6501834],[100.6970456,13.6489799],[100.6975145,13.6466367],[100.6984969,13.6451396],[100.6987425,13.6432737],[100.6978271,13.640605],[100.7006388,13.6368595],[100.7018249,13.6348593],[100.7018598,13.6341473]],[[100.6982834,13.6561566],[100.6981354,13.6543747],[100.6971724,13.6501834]]]},"properties":{"key":"Khlong Salut","name":"Khlong Salut","name_th":"คลองสลุด","waterway":"canal","length_km":5.4,"risk":null,"risk_type":null,"note":null,"note_th":null,"curated":false}},{"type":"Feature","geometry":{"type":"MultiLineString","coordinates":[[[100.426537,13.7010714],[100.3914467,13.6831705],[100.3846313,13.6800484],[100.3816594,13.6791727]]]},"properties":{"key":"คลองบางอ้าย","name":"คลองบางอ้าย","name_th":"คลองบางอ้าย","waterway":"canal","length_km":5.4,"risk":null,"risk_type":null,"note":null,"note_th":null,"curated":false}},{"type":"Feature","geometry":{"type":"MultiLineString","coordinates":[[[100.8657024,13.8457891],[100.8657628,13.844333],[100.8678667,13.8395116],[100.875186,13.8395031],[100.8784695,13.8391136],[100.8830639,13.837013],[100.8864252,13.835932],[100.889124,13.8359593],[100.891992,13.8354804],[100.8931618,13.8348919],[100.8953463,13.8344882],[100.8979875,13.8350097],[100.9003482,13.8347936],[100.9014483,13.8358215],[100.9030925,13.8363958],[100.90686,13.8365681],[100.9079009,13.8370735],[100.9082706,13.8377289]]]},"properties":{"key":"คลองบึงนายรุ่ง","name":"คลองบึงนายรุ่ง","name_th":"คลองบึงนายรุ่ง","waterway":"canal","length_km":5.4,"risk":null,"risk_type":null,"note":null,"note_th":null,"curated":false}},{"type":"Feature","geometry":{"type":"MultiLineString","coordinates":[[[100.7291744,13.8647234],[100.6927483,13.8608239],[100.6859677,13.8592822],[100.6832898,13.8592906],[100.6802343,13.8586454]]]},"properties":{"key":"Khlong Song Tawan Tok","name":"Khlong Song Tawan Tok","name_th":"คลองสองตะวันตก","waterway":"canal","length_km":5.3,"risk":null,"risk_type":null,"note":null,"note_th":null,"curated":false}},{"type":"Feature","geometry":{"type":"MultiLineString","coordinates":[[[100.7290522,13.8798865],[100.777384,13.8866982]]]},"properties":{"key":"Khlong Sam Tawan Ok","name":"Khlong Sam Tawan Ok","name_th":"คลองสามตะวันออก","waterway":"canal","length_km":5.3,"risk":null,"risk_type":null,"note":null,"note_th":null,"curated":false}},{"type":"Feature","geometry":{"type":"MultiLineString","coordinates":[[[100.3450737,13.5678955],[100.3493678,13.5691189],[100.3500899,13.569063],[100.352326,13.5680663],[100.3549307,13.5657554],[100.3571253,13.5628705],[100.3597479,13.5609057],[100.3613787,13.5589138],[100.3636523,13.5540283],[100.371673,13.5434565],[100.3740387,13.5394877],[100.3767266,13.5359751]]]},"properties":{"key":"คลองโคกขาม (ขุดใหม่)","name":"คลองโคกขาม (ขุดใหม่)","name_th":"คลองโคกขาม (ขุดใหม่)","waterway":"canal","length_km":5.3,"risk":null,"risk_type":null,"note":null,"note_th":null,"curated":false}},{"type":"Feature","geometry":{"type":"MultiLineString","coordinates":[[[100.4787042,13.9432445],[100.4756366,13.9521713],[100.4760724,13.9526862],[100.4753687,13.9565215]],[[100.4853089,13.9213374],[100.4850594,13.9235991],[100.4842652,13.9246598],[100.4842652,13.9256218],[100.4838025,13.9267622],[100.4840486,13.9282657],[100.4835465,13.9293805],[100.4825784,13.93054],[100.4822732,13.9315274],[100.4804911,13.9335214],[100.4795164,13.9351077],[100.4802713,13.9368828]],[[100.4802713,13.9368828],[100.4807635,13.9390478],[100.4805764,13.940564],[100.4801039,13.9416405],[100.4787042,13.9432445]],[[100.4821728,13.9155733],[100.4831069,13.9179153],[100.4835014,13.9182419],[100.4833004,13.9184864],[100.4838714,13.9190853],[100.4836844,13.9195313],[100.4840454,13.9195026],[100.4839863,13.9208532],[100.485299,13.9208246]],[[100.485299,13.9208246],[100.4853089,13.9213374]]]},"properties":{"key":"Khlong Ban Laem Klang","name":"Khlong Ban Laem Klang","name_th":"คลองบ้านแหลมกลาง","waterway":"river","length_km":5.3,"risk":null,"risk_type":null,"note":null,"note_th":null,"curated":false}},{"type":"Feature","geometry":{"type":"MultiLineString","coordinates":[[[100.8938374,13.7987062],[100.8912706,13.7976828],[100.888508,13.7974067],[100.8872446,13.7976542]],[[100.8848441,13.7953958],[100.8841038,13.7933953],[100.8831543,13.7918688],[100.883224,13.7914312],[100.8840823,13.7905299],[100.8839428,13.788868],[100.8825535,13.7871696],[100.8810085,13.7859348],[100.8791578,13.7858567],[100.8758587,13.7846115],[100.8717871,13.7790421],[100.8660686,13.7757076],[100.8629358,13.7717218],[100.8607249,13.7703616]],[[100.8872446,13.7976542],[100.8848441,13.7953958]]]},"properties":{"key":"Lam Bueng Toiting","name":"Lam Bueng Toiting","name_th":"ลำบึงต้อยติ่ง","waterway":"river","length_km":5.3,"risk":null,"risk_type":null,"note":null,"note_th":null,"curated":false}},{"type":"Feature","geometry":{"type":"MultiLineString","coordinates":[[[100.2663508,14.0454893],[100.2620298,14.0489317],[100.2574482,14.0532111]],[[100.3023948,14.0380866],[100.2938944,14.0381645],[100.2863145,14.0391897],[100.2722168,14.043098],[100.2671141,14.0451521]],[[100.2671141,14.0451521],[100.2663508,14.0454893]]]},"properties":{"key":"Khlong Mom Chaem","name":"Khlong Mom Chaem","name_th":"คลองหม่อมแช่ม","waterway":"canal","length_km":5.3,"risk":null,"risk_type":null,"note":null,"note_th":null,"curated":false}},{"type":"Feature","geometry":{"type":"MultiLineString","coordinates":[[[100.1825417,13.687644],[100.1830233,13.6856571],[100.1902383,13.671379],[100.1917317,13.6693669],[100.1944838,13.6675216],[100.2060199,13.657085],[100.2088147,13.6552136],[100.2099681,13.655297],[100.2102524,13.6547758],[100.2130064,13.6532526]]]},"properties":{"key":"คลองหนองนกไข่","name":"คลองหนองนกไข่","name_th":"คลองหนองนกไข่","waterway":"canal","length_km":5.3,"risk":null,"risk_type":null,"note":null,"note_th":null,"curated":false}},{"type":"Feature","geometry":{"type":"MultiLineString","coordinates":[[[100.4565691,13.7759461],[100.4544181,13.7721478],[100.4535434,13.7687078],[100.453449,13.7658341],[100.4540118,13.7630007],[100.4574285,13.7593605],[100.4617228,13.7519893],[100.462417,13.749202],[100.4619713,13.7443884]],[[100.4675273,13.7797158],[100.4665746,13.7790822],[100.4654788,13.7788071],[100.4624464,13.7793224],[100.4609412,13.7790593],[100.4577009,13.7774023],[100.4565691,13.7759461]]]},"properties":{"key":"Khlong Chak Phra","name":"Khlong Chak Phra","name_th":"คลองชักพระ","waterway":"river","length_km":5.2,"risk":3,"risk_type":"riverine","note":"Middle reach of the old Chao Phraya arm on the Thonburi side: it branches off Khlong Bangkok Noi at Wat Suwannakhiri and ends at the Khlong Mon × Bangkok Yai four-way junction — no direct river mouth of its own. River water moves two ways with the tide; in 2011 it backed deep into Taling Chan communities.","note_th":"ช่วงกลางของแขนน้ำเจ้าพระยาเก่าฝั่งธนบุรี แยกจากคลองบางกอกน้อยที่วัดสุวรรณคีรี ไปจบที่สี่แยกคลองมอญ×บางกอกใหญ่ — ไม่มีปากตรงสู่แม่น้ำของตัวเอง น้ำแม่น้ำไหลสองทิศตามน้ำขึ้นน้ำลง ปี 2554 น้ำย้อนลึกเข้าชุมชนตลิ่งชัน","curated":true}},{"type":"Feature","geometry":{"type":"MultiLineString","coordinates":[[[100.8320438,13.7085559],[100.8287787,13.7019174]],[[100.8287787,13.7019174],[100.8256596,13.6965574],[100.8209496,13.6896047],[100.8185517,13.6843144],[100.8166846,13.683114]],[[100.8166846,13.683114],[100.8138742,13.6820054],[100.8116086,13.6796606],[100.8061691,13.6753344],[100.8044847,13.6744796],[100.8020885,13.673996]]]},"properties":{"key":"Khlong Chorakhe Noi","name":"Khlong Chorakhe Noi","name_th":"คลองจระเข้น้อย","waterway":"river","length_km":5.2,"risk":null,"risk_type":null,"note":null,"note_th":null,"curated":false}},{"type":"Feature","geometry":{"type":"MultiLineString","coordinates":[[[100.7650561,13.8689351],[100.7646696,13.8652716],[100.7641052,13.8638578],[100.7643824,13.861801],[100.7641027,13.8579095],[100.7645096,13.8569366],[100.7645935,13.8553316],[100.7649649,13.8548723],[100.764886,13.8542698],[100.761095,13.8522797],[100.7585234,13.8505425],[100.7580092,13.8497125],[100.755867,13.8491649],[100.7547694,13.8497211],[100.7539629,13.8497273],[100.7532085,13.847662],[100.7520852,13.8473762],[100.7502991,13.8463655],[100.7485035,13.8445176],[100.7492423,13.8390852],[100.7519326,13.8342072],[100.7519889,13.8335691]]]},"properties":{"key":"คลองตาหนวด","name":"คลองตาหนวด","name_th":"คลองตาหนวด","waterway":"canal","length_km":5.2,"risk":null,"risk_type":null,"note":null,"note_th":null,"curated":false}},{"type":"Feature","geometry":{"type":"MultiLineString","coordinates":[[[100.3733346,13.8892746],[100.3748311,13.8874636],[100.3752482,13.8864022],[100.3767143,13.8851691],[100.3778596,13.8751476],[100.3787668,13.8738504],[100.3792538,13.8692734],[100.3806302,13.8683407],[100.3818591,13.8650869],[100.3820889,13.8640091],[100.3819807,13.8612232],[100.3831865,13.8544874],[100.3822734,13.8531379],[100.3822328,13.8523844],[100.383187,13.8460051]]]},"properties":{"key":"คลองบางไทร","name":"คลองบางไทร","name_th":"คลองบางไทร","waterway":"canal","length_km":5.2,"risk":null,"risk_type":null,"note":null,"note_th":null,"curated":false}},{"type":"Feature","geometry":{"type":"MultiLineString","coordinates":[[[100.276061,13.6450309],[100.274155,13.6437248],[100.2720711,13.6407716],[100.270479,13.6369596],[100.2700401,13.6368794],[100.2690591,13.6333408],[100.2683424,13.6323529],[100.2673377,13.6296632],[100.2671631,13.6279403],[100.2664678,13.6271995],[100.2663062,13.6245792],[100.2658136,13.6234704],[100.2658008,13.6196417],[100.2653558,13.6147515],[100.2651167,13.614354],[100.2650747,13.6103534],[100.2657149,13.6099091],[100.2658422,13.6089411],[100.266898,13.6090357],[100.2666359,13.6125436],[100.2669729,13.6126091],[100.2669579,13.6129584],[100.2667857,13.6138972],[100.2664188,13.61397]]]},"properties":{"key":"คลองตะโก","name":"คลองตะโก","name_th":"คลองตะโก","waterway":"canal","length_km":5.2,"risk":null,"risk_type":null,"note":null,"note_th":null,"curated":false}},{"type":"Feature","geometry":{"type":"MultiLineString","coordinates":[[[100.3555329,13.652876],[100.3574239,13.6536944],[100.3605164,13.6545076],[100.3651164,13.6548464],[100.367163,13.6552686],[100.3696842,13.6552478],[100.3790639,13.6584432],[100.3792678,13.6592564],[100.3817059,13.6592121],[100.3837336,13.6597855],[100.3849487,13.6596369],[100.3867404,13.6598663],[100.3909756,13.6592069],[100.3942211,13.6576248],[100.395607,13.6563623],[100.3961389,13.6549168],[100.3975157,13.6530078]]]},"properties":{"key":"Khlong Rang Phai","name":"Khlong Rang Phai","name_th":"คลองรางไผ่","waterway":"river","length_km":5.1,"risk":null,"risk_type":null,"note":null,"note_th":null,"curated":false}},{"type":"Feature","geometry":{"type":"MultiLineString","coordinates":[[[100.7986373,13.7535777],[100.7964545,13.751443],[100.7954567,13.7487647],[100.7949256,13.7456435],[100.7954299,13.7428609],[100.7944697,13.739255],[100.7950061,13.7349822],[100.7921981,13.7308551],[100.7914767,13.7286033]],[[100.8062944,13.7646356],[100.8055306,13.7613243],[100.8042648,13.7590348],[100.8011695,13.756664],[100.7986373,13.7535777]],[[100.7914767,13.7286033],[100.7904885,13.7262422],[100.7899116,13.7239605]]]},"properties":{"key":"Khlong Lam Pla Thio","name":"Khlong Lam Pla Thio","name_th":"คลองลำปลาทิว","waterway":"river","length_km":5.1,"risk":3,"risk_type":"riverine","note":"Lat Krabang lowland canal; part of the eastern flood-retention landscape.","note_th":"คลองที่ลุ่มลาดกระบัง เป็นส่วนหนึ่งของผังรับน้ำท่วมฝั่งตะวันออก","curated":true}},{"type":"Feature","geometry":{"type":"MultiLineString","coordinates":[[[100.7949702,13.793958],[100.7962415,13.7914355],[100.7960101,13.7887999],[100.793564,13.7849517],[100.7935354,13.7842015],[100.7937614,13.7838597],[100.7960302,13.7827622],[100.7993746,13.7818203]],[[100.7993746,13.7818203],[100.8012084,13.7798614],[100.801609,13.7786444],[100.8025245,13.7772801],[100.8028167,13.7692422],[100.8062944,13.7646356]],[[100.7884861,13.8003633],[100.7916489,13.7959957],[100.7949702,13.793958]]]},"properties":{"key":"Khlong Lam Ko Phai","name":"Khlong Lam Ko Phai","name_th":"คลองลำกอไผ่","waterway":"river","length_km":5.1,"risk":null,"risk_type":null,"note":null,"note_th":null,"curated":false}},{"type":"Feature","geometry":{"type":"MultiLineString","coordinates":[[[100.8389218,13.724126],[100.8319832,13.7266231],[100.8316345,13.7271338],[100.8295201,13.7279459],[100.7946311,13.7402333]]]},"properties":{"key":"คลองมอญ","name":"คลองมอญ","name_th":"คลองมอญ","waterway":"canal","length_km":5.1,"risk":null,"risk_type":null,"note":null,"note_th":null,"curated":false}},{"type":"Feature","geometry":{"type":"MultiLineString","coordinates":[[[100.8381522,13.9066582],[100.8400512,13.9073716],[100.8428031,13.9067519],[100.8439296,13.9072466],[100.8453029,13.9085484],[100.8475399,13.9091004],[100.8483392,13.9083089],[100.8495154,13.9059456]],[[100.8495154,13.9059456],[100.8504742,13.9047576],[100.8505601,13.9041275],[100.8500665,13.9027424],[100.8503401,13.9015395],[100.8502221,13.9001257],[100.849168,13.89747],[100.849565,13.8964259],[100.8502275,13.8906352],[100.850552,13.8905258],[100.8507974,13.8897486],[100.8494255,13.8871721],[100.8493155,13.8864327]],[[100.8493155,13.8864327],[100.8494604,13.8859067],[100.850029,13.8854458],[100.8527756,13.8848495],[100.857574,13.8826987],[100.8584136,13.8827287],[100.8594255,13.8817601]]]},"properties":{"key":"Khlong Lam Buri Phuang","name":"Khlong Lam Buri Phuang","name_th":"คลองลำบุหรี่พวง","waterway":"river","length_km":5.1,"risk":null,"risk_type":null,"note":null,"note_th":null,"curated":false}},{"type":"Feature","geometry":{"type":"MultiLineString","coordinates":[[[100.4732133,13.5383077],[100.4522512,13.5390445],[100.4458979,13.5396181],[100.4449846,13.5341004],[100.4455326,13.5318896],[100.4446424,13.5294377],[100.4417868,13.5285383],[100.4411036,13.5271389],[100.437339,13.5255516]]]},"properties":{"key":"คลองขุนจ่าเมือง","name":"คลองขุนจ่าเมือง","name_th":"คลองขุนจ่าเมือง","waterway":"canal","length_km":5.1,"risk":null,"risk_type":null,"note":null,"note_th":null,"curated":false}},{"type":"Feature","geometry":{"type":"MultiLineString","coordinates":[[[100.3450737,13.5678955],[100.3450139,13.567294],[100.3460231,13.567161],[100.3459346,13.5657296],[100.3462242,13.565474],[100.3467168,13.5654807],[100.3465649,13.5660711],[100.3468302,13.5663762],[100.348889,13.5666423],[100.3489735,13.566393],[100.3481672,13.565224],[100.3488202,13.5644228],[100.3496214,13.5643596],[100.3501041,13.5639229],[100.3509291,13.5637513],[100.3508498,13.5643864],[100.3513843,13.5644163],[100.3518117,13.5648345],[100.3517347,13.5638127],[100.3526547,13.5637682],[100.3531133,13.564111],[100.3533531,13.5634881],[100.3526326,13.5629755],[100.3529384,13.5615817],[100.3536299,13.5616184],[100.3541176,13.5623349],[100.3545386,13.5622718],[100.3549083,13.5626791],[100.3554133,13.5619019],[100.3552395,13.561615],[100.3545026,13.5614832],[100.354924,13.560267],[100.3547206,13.5599755],[100.3553197,13.5599158],[100.3555463,13.5603218],[100.355388,13.5606816],[100.3558736,13.5605859],[100.3562331,13.5608792],[100.3578347,13.5596093],[100.3566686,13.5587496],[100.3594252,13.5578768],[100.3613856,13.5588947]],[[100.3453761,13.5738078],[100.3462473,13.5726729],[100.3460766,13.5722238],[100.3448865,13.5715711],[100.3450236,13.5702858],[100.3443058,13.5695813],[100.3445401,13.5684826],[100.3450737,13.5678955]]]},"properties":{"key":"คลองโคกขาม (สายเก่า)","name":"คลองโคกขาม (สายเก่า)","name_th":"คลองโคกขาม (สายเก่า)","waterway":"canal","length_km":5.1,"risk":null,"risk_type":null,"note":null,"note_th":null,"curated":false}},{"type":"Feature","geometry":{"type":"MultiLineString","coordinates":[[[100.2787828,13.6424657],[100.2779637,13.6413157],[100.2768728,13.6374325],[100.2728335,13.6284269],[100.2721657,13.6245041],[100.2701021,13.5982584]]]},"properties":{"key":"Khlong Naeo Likhit","name":"Khlong Naeo Likhit","name_th":"คลองแนวลิขิต","waterway":"canal","length_km":5.1,"risk":null,"risk_type":null,"note":null,"note_th":null,"curated":false}},{"type":"Feature","geometry":{"type":"MultiLineString","coordinates":[[[100.2565512,13.6884661],[100.256936,13.6892241],[100.2586401,13.6904872],[100.2599176,13.6919671],[100.2612956,13.6954563],[100.2605514,13.6988803],[100.2593798,13.7006482],[100.2579618,13.7018981],[100.2572516,13.7032275],[100.2575446,13.7046707],[100.2584868,13.7064136],[100.2589813,13.7070714],[100.2606426,13.7081722],[100.2612091,13.7081629],[100.2623711,13.7087692],[100.2630912,13.708592],[100.2639315,13.7089278],[100.2651846,13.7087879],[100.2675468,13.7079156],[100.2701395,13.7060312],[100.2717432,13.7042819],[100.2768805,13.6972367]]]},"properties":{"key":"Khlong Omyai","name":"Khlong Omyai","name_th":"คลองอ้อมใหญ่","waterway":"canal","length_km":5.1,"risk":null,"risk_type":null,"note":null,"note_th":null,"curated":false}},{"type":"Feature","geometry":{"type":"MultiLineString","coordinates":[[[100.232427,13.5754463],[100.2300027,13.5732566],[100.2270158,13.5693356],[100.226276,13.5678024],[100.2250757,13.5665406],[100.2244718,13.5663183],[100.2221849,13.566245],[100.219397,13.5668332],[100.2182581,13.5673522],[100.2159973,13.5696248],[100.2153684,13.5698712]],[[100.2153684,13.5698712],[100.2140916,13.5723492],[100.2139312,13.5734928],[100.2151621,13.5786987],[100.2157353,13.5798464],[100.216618,13.5808069],[100.2183282,13.5815244],[100.2204031,13.5815067],[100.2219918,13.5811279],[100.2255219,13.5795502],[100.2282442,13.5804443]]]},"properties":{"key":"คลองอ้อมโรงหีบ","name":"คลองอ้อมโรงหีบ","name_th":"คลองอ้อมโรงหีบ","waterway":"canal","length_km":5.1,"risk":null,"risk_type":null,"note":null,"note_th":null,"curated":false}},{"type":"Feature","geometry":{"type":"MultiLineString","coordinates":[[[100.6782326,13.8320189],[100.6804061,13.8303188],[100.6823185,13.8278394],[100.6855237,13.8247739],[100.6902337,13.8229898],[100.6932136,13.8214609],[100.6944716,13.8206113],[100.6952518,13.8193391],[100.6967745,13.8189439]],[[100.6638185,13.8455262],[100.6657327,13.841919],[100.6687601,13.8379547],[100.6706873,13.8394639],[100.674127,13.8367153],[100.6744784,13.8356787],[100.6782326,13.8320189]]]},"properties":{"key":"Khlong Lam Kret","name":"Khlong Lam Kret","name_th":"คลองลำเกร็ด","waterway":"canal","length_km":5,"risk":null,"risk_type":null,"note":null,"note_th":null,"curated":false}},{"type":"Feature","geometry":{"type":"MultiLineString","coordinates":[[[100.7508319,13.5393537],[100.7802113,13.5365828]],[[100.7508319,13.5393537],[100.7338297,13.5413356]]]},"properties":{"key":"Khlong Hok #2","name":"Khlong Hok","name_th":"คลองหก","waterway":"canal","length_km":5,"risk":null,"risk_type":null,"note":null,"note_th":null,"curated":false}},{"type":"Feature","geometry":{"type":"MultiLineString","coordinates":[[[100.9192782,13.8377933],[100.9208124,13.8373141],[100.9238648,13.8375329],[100.9279578,13.8366526],[100.9301626,13.833819],[100.9320313,13.8302877],[100.9349549,13.8279905],[100.9370076,13.8281312],[100.9375601,13.827579],[100.9378141,13.8263758],[100.9382647,13.8257767],[100.9389353,13.825584],[100.9435004,13.8265997],[100.9447055,13.8264122],[100.9458213,13.825683],[100.9469908,13.8229586],[100.9488737,13.8211511],[100.9533656,13.8206093],[100.9555475,13.8195826]]]},"properties":{"key":"คลองขุดใหม่","name":"คลองขุดใหม่","name_th":"คลองขุดใหม่","waterway":"canal","length_km":5,"risk":null,"risk_type":null,"note":null,"note_th":null,"curated":false}},{"type":"Feature","geometry":{"type":"MultiLineString","coordinates":[[[100.3916669,13.8668972],[100.396858,13.8677497],[100.4005861,13.8674912],[100.4034366,13.8658427],[100.4073025,13.8644739],[100.4092029,13.8627188],[100.4135307,13.8605281],[100.4136343,13.8594899],[100.4142613,13.858718],[100.4143001,13.8579702],[100.4150542,13.857757],[100.4158805,13.8566545],[100.4158545,13.8557204],[100.4164344,13.8548689],[100.4161157,13.8544642],[100.4163241,13.8533414],[100.4167082,13.8528812],[100.4164124,13.8515072]],[[100.3809028,13.8674437],[100.3830246,13.8674524],[100.3853824,13.8666144],[100.3916669,13.8668972]]]},"properties":{"key":"Khlong Bang Krabue","name":"Khlong Bang Krabue","name_th":"คลองบางกระบือ","waterway":"river","length_km":5,"risk":null,"risk_type":null,"note":null,"note_th":null,"curated":false}},{"type":"Feature","geometry":{"type":"MultiLineString","coordinates":[[[100.4697165,13.5926804],[100.4703812,13.589355],[100.4714513,13.5870814],[100.4708791,13.5856173],[100.4701914,13.5849141],[100.4696676,13.5848177],[100.4691508,13.5839646],[100.4690447,13.5831114],[100.4693561,13.5809372],[100.4702834,13.5801597],[100.4702197,13.5764304],[100.471423,13.575185],[100.4711116,13.5743525],[100.4702126,13.5736575],[100.4705594,13.5728869],[100.4692995,13.5692745],[100.4702621,13.5676024],[100.4702197,13.5660267],[100.4708098,13.5642264]],[[100.4657917,13.6040012],[100.4657324,13.6016889],[100.4661076,13.6002874],[100.4670518,13.5988525],[100.4670518,13.5982852],[100.4666913,13.5979181],[100.4668629,13.5969337],[100.4687619,13.5947542],[100.4697165,13.5926804]]]},"properties":{"key":"คลองบางกระนก","name":"คลองบางกระนก","name_th":"คลองบางกระนก","waterway":"river","length_km":5,"risk":null,"risk_type":null,"note":null,"note_th":null,"curated":false}},{"type":"Feature","geometry":{"type":"MultiLineString","coordinates":[[[100.9027063,13.6812114],[100.9015652,13.6796547],[100.9006962,13.6774238],[100.9007927,13.676496],[100.9019085,13.6741505],[100.9016939,13.6728787],[100.9010931,13.6717319],[100.8998164,13.6708458],[100.8973273,13.6699597],[100.8961793,13.6676141],[100.8940121,13.6658105],[100.8914908,13.6647472],[100.8898064,13.6624745],[100.8900102,13.6611088],[100.8912011,13.6594407],[100.8913299,13.6538683]],[[100.8913299,13.6538683],[100.8931704,13.6477557],[100.8930738,13.6455975],[100.892363,13.644203]]]},"properties":{"key":"Khlong Preng","name":"Khlong Preng","name_th":"คลองเปร็ง","waterway":"river","length_km":5,"risk":null,"risk_type":null,"note":null,"note_th":null,"curated":false}},{"type":"Feature","geometry":{"type":"MultiLineString","coordinates":[[[100.6133716,13.7836719],[100.6128319,13.7793183],[100.6137825,13.7774975],[100.6155367,13.7723036],[100.6138345,13.7688503],[100.6153866,13.761147]],[[100.6102892,13.8000706],[100.6104348,13.7964838],[100.6118647,13.7965501],[100.611992,13.7947801],[100.6115611,13.7940214],[100.6123138,13.7934755],[100.6120002,13.7928224],[100.6122231,13.792626],[100.6116559,13.7877812],[100.6137716,13.7869387],[100.6134072,13.7839654]],[[100.6134072,13.7839654],[100.6133716,13.7836719]]]},"properties":{"key":"Khlong Chao Khun Sing","name":"Khlong Chao Khun Sing","name_th":"คลองเจ้าคุณสิงห์","waterway":"canal","length_km":4.9,"risk":null,"risk_type":null,"note":null,"note_th":null,"curated":false}},{"type":"Feature","geometry":{"type":"MultiLineString","coordinates":[[[100.8265676,13.7435575],[100.8292051,13.7428828],[100.8301819,13.7423465],[100.8323479,13.7419615],[100.8325461,13.7417415],[100.8324187,13.7406482],[100.8395537,13.7387574]],[[100.7986373,13.7535777],[100.8242219,13.7440829],[100.8265676,13.7435575]]]},"properties":{"key":"Khlong Chek","name":"Khlong Chek","name_th":"คลองเจ๊ก","waterway":"canal","length_km":4.9,"risk":null,"risk_type":null,"note":null,"note_th":null,"curated":false}},{"type":"Feature","geometry":{"type":"MultiLineString","coordinates":[[[100.8076579,13.8079667],[100.8044008,13.804247],[100.8018828,13.8019516],[100.7998433,13.800674],[100.7979177,13.7988103],[100.7949702,13.793958]],[[100.82359,13.826941],[100.8225798,13.8232795],[100.8206698,13.8201046],[100.8187994,13.8176388],[100.8156086,13.8162023],[100.8143886,13.8153558],[100.8096631,13.8097576]],[[100.8096631,13.8097576],[100.8076579,13.8079667]]]},"properties":{"key":"Khlong Lam Nok Khwaek","name":"Khlong Lam Nok Khwaek","name_th":"คลองลำนกแขวก","waterway":"river","length_km":4.9,"risk":null,"risk_type":null,"note":null,"note_th":null,"curated":false}},{"type":"Feature","geometry":{"type":"MultiLineString","coordinates":[[[100.2528398,13.862105],[100.2519516,13.8667006],[100.2519041,13.868912],[100.2479649,13.8693198],[100.2458209,13.8690852],[100.2419569,13.8692467],[100.2405421,13.8689928],[100.2375302,13.8691544],[100.2346094,13.868812],[100.2325804,13.8691044],[100.2300638,13.8687735],[100.2262831,13.8671922],[100.2208742,13.8643329],[100.2165642,13.8628344],[100.2151646,13.861871]]]},"properties":{"key":"Khlong Mai #2","name":"Khlong Mai","name_th":"คลองใหม่","waterway":"canal","length_km":4.9,"risk":null,"risk_type":null,"note":null,"note_th":null,"curated":false}},{"type":"Feature","geometry":{"type":"MultiLineString","coordinates":[[[100.8539913,13.8210881],[100.8561712,13.8210989],[100.8587354,13.819109],[100.8606988,13.8188147]],[[100.8843147,13.8028635],[100.8848253,13.8024626]],[[100.8848253,13.8024626],[100.8855629,13.8015744],[100.8861154,13.8002668],[100.8877918,13.799092],[100.8872446,13.7976542]],[[100.8606988,13.8188147],[100.8623296,13.8178744],[100.8636171,13.8161919],[100.8649903,13.8160148],[100.8671147,13.8140978],[100.8686784,13.8137969],[100.8698505,13.813009],[100.8715537,13.8100527],[100.8739489,13.8072579],[100.8798712,13.8051064],[100.8837444,13.804088],[100.8843147,13.8028635]]]},"properties":{"key":"Khlong Lam Khlo","name":"Khlong Lam Khlo","name_th":"คลองลำโขล่","waterway":"river","length_km":4.9,"risk":null,"risk_type":null,"note":null,"note_th":null,"curated":false}},{"type":"Feature","geometry":{"type":"MultiLineString","coordinates":[[[100.2231809,13.8374212],[100.2244897,13.8382518],[100.2270539,13.8380382],[100.2322761,13.8391523],[100.2484096,13.839955],[100.256166,13.8400149],[100.2561665,13.8289125]]]},"properties":{"key":"Khlong Samrong #2","name":"Khlong Samrong","name_th":"คลองสำโรง","waterway":"canal","length_km":4.9,"risk":null,"risk_type":null,"note":null,"note_th":null,"curated":false}},{"type":"Feature","geometry":{"type":"MultiLineString","coordinates":[[[100.6864062,13.5337636],[100.6862372,13.53174],[100.6845447,13.5265114],[100.6843999,13.5250276],[100.6819805,13.5187218],[100.6821001,13.5169287]],[[100.6915969,13.5542031],[100.6893432,13.5536441],[100.6886351,13.5523351],[100.6871331,13.5523977],[100.6865671,13.5521135],[100.6860447,13.5498327],[100.6854578,13.5488095],[100.6853779,13.547624]],[[100.6850088,13.5449505],[100.6862774,13.5431513],[100.6867656,13.5418135],[100.6860334,13.5408748],[100.6859422,13.5392111],[100.6860816,13.5386739],[100.687294,13.5374379],[100.6865618,13.5338497]],[[100.6849884,13.5450741],[100.6850088,13.5449505]],[[100.6853731,13.5474245],[100.6849884,13.5450741]],[[100.6853779,13.547624],[100.6853731,13.5474245]],[[100.6865618,13.5338497],[100.6864062,13.5337636]]]},"properties":{"key":"Khlong Tamru","name":"Khlong Tamru","name_th":"คลองตำหรุ","waterway":"river","length_km":4.9,"risk":null,"risk_type":null,"note":null,"note_th":null,"curated":false}},{"type":"Feature","geometry":{"type":"MultiLineString","coordinates":[[[100.6183306,14.1841991],[100.6181238,14.1884815],[100.6178302,14.1892284],[100.6170719,14.1897932],[100.6141228,14.1908764],[100.6135109,14.1916237],[100.613648,14.1981198],[100.6131861,14.199889],[100.6124389,14.2007588],[100.6092256,14.2032108]],[[100.5965432,14.2141369],[100.5963759,14.214267]],[[100.5963759,14.214267],[100.5962672,14.214332]],[[100.5973834,14.213259],[100.5966241,14.21407]],[[100.5966241,14.21407],[100.5965432,14.2141369]],[[100.6011394,14.2087904],[100.5993926,14.2102807],[100.5974496,14.2131609]],[[100.5974496,14.2131609],[100.5973834,14.213259]],[[100.6026377,14.2077649],[100.601212,14.2087407]],[[100.601212,14.2087407],[100.6011394,14.2087904]],[[100.6031818,14.2073924],[100.6028135,14.2076445]],[[100.6028135,14.2076445],[100.6026377,14.2077649]],[[100.6040951,14.2067673],[100.603317,14.2072999]],[[100.603317,14.2072999],[100.6031818,14.2073924]],[[100.6092256,14.2032108],[100.6085224,14.2037131]],[[100.6085224,14.2037131],[100.6045578,14.2064469]],[[100.5962672,14.214332],[100.5956238,14.2147119]],[[100.5956238,14.2147119],[100.5954834,14.2147842]],[[100.5954834,14.2147842],[100.5931718,14.215991]],[[100.6183416,14.1839821],[100.6183383,14.1840621]],[[100.6183383,14.1840621],[100.6183306,14.1841991]],[[100.6045578,14.2064469],[100.6040951,14.2067673]]]},"properties":{"key":"6R Irrigation Canal","name":"6R Irrigation Canal","name_th":"คลองส่งน้ำ 6 ขวา","waterway":"canal","length_km":4.9,"risk":null,"risk_type":null,"note":null,"note_th":null,"curated":false}},{"type":"Feature","geometry":{"type":"MultiLineString","coordinates":[[[100.9434352,14.1259363],[100.9442919,14.1265441],[100.9604838,14.1337586],[100.9835855,14.1462131]]]},"properties":{"key":"Khlong Yi Sip Kao","name":"Khlong Yi Sip Kao","name_th":"คลองยี่สิบเก้า","waterway":"canal","length_km":4.9,"risk":null,"risk_type":null,"note":null,"note_th":null,"curated":false}},{"type":"Feature","geometry":{"type":"MultiLineString","coordinates":[[[100.3267768,13.909185],[100.3117917,13.9061636],[100.3075792,13.9061013],[100.3057762,13.9048539],[100.2997206,13.9032518],[100.2977088,13.9017784],[100.2936248,13.9002192],[100.2843543,13.8958965]],[[100.3269971,13.9092409],[100.3268772,13.9092105]],[[100.3268772,13.9092105],[100.3267768,13.909185]]]},"properties":{"key":"Along Ta Shom","name":"Along Ta Shom","name_th":"คลองตาชม","waterway":"canal","length_km":4.9,"risk":null,"risk_type":null,"note":null,"note_th":null,"curated":false}},{"type":"Feature","geometry":{"type":"MultiLineString","coordinates":[[[100.5461399,13.6957932],[100.5472334,13.6953197]],[[100.5472334,13.6953197],[100.5518762,13.6951003]],[[100.5270532,13.7283254],[100.5271722,13.7281037]],[[100.5440224,13.6975595],[100.5446294,13.6969877]],[[100.5446294,13.6969877],[100.5461399,13.6957932]],[[100.5375974,13.7072537],[100.5391334,13.704378]],[[100.541381,13.7008406],[100.5417159,13.7003463]],[[100.5417159,13.7003463],[100.5440224,13.6975595]],[[100.5311181,13.7201869],[100.5332101,13.716023]],[[100.5391334,13.704378],[100.541381,13.7008406]],[[100.5353768,13.7117018],[100.5375974,13.7072537]],[[100.5332101,13.716023],[100.5353768,13.7117018]],[[100.5281378,13.7261625],[100.5301412,13.7221445]],[[100.5302703,13.7218861],[100.5307967,13.7208363]],[[100.5310605,13.7203101],[100.5311181,13.7201869]],[[100.5301412,13.7221445],[100.5302703,13.7218861]],[[100.5307967,13.7208363],[100.5310605,13.7203101]],[[100.5271722,13.7281037],[100.5274189,13.7276109]],[[100.5274189,13.7276109],[100.5276225,13.7271989]],[[100.5276225,13.7271989],[100.5279966,13.7264439]],[[100.5279966,13.7264439],[100.5281378,13.7261625]]]},"properties":{"key":"Khlong Chong Nonsi","name":"Khlong Chong Nonsi","name_th":"คลองช่องนนทรี","waterway":"canal","length_km":4.8,"risk":3,"risk_type":"flash","note":"Sathorn / Silom business-district drainage; Narathiwas and Chan roads flood in heavy rain despite pumping upgrades.","note_th":"ทางระบายน้ำย่านธุรกิจสาทร / สีลม ถนนนราธิวาสและถนนจันทน์ท่วมเวลาฝนหนักแม้ปรับปรุงปั๊มแล้ว","curated":true}},{"type":"Feature","geometry":{"type":"MultiLineString","coordinates":[[[100.5792551,13.7616792],[100.580443,13.7596414],[100.5812668,13.7591001]],[[100.5667537,13.7947571],[100.5676654,13.7941687],[100.5695943,13.7905488],[100.5705977,13.7853147],[100.570418,13.7842232],[100.5706609,13.7816738],[100.5709234,13.7804783],[100.5729721,13.7762325],[100.5728931,13.7740424],[100.5758664,13.7727045],[100.5752915,13.7702957],[100.576572,13.7685957],[100.5765359,13.766107],[100.5778601,13.7638917]],[[100.5781763,13.7633237],[100.5789023,13.7621248]],[[100.5789842,13.7619813],[100.5792551,13.7616792]],[[100.5789023,13.7621248],[100.5789842,13.7619813]],[[100.5778601,13.7638917],[100.5781583,13.7633507]],[[100.5781583,13.7633507],[100.5781763,13.7633237]],[[100.5781763,13.7633237],[100.5787711,13.7621356]],[[100.5790917,13.7617175],[100.579423,13.7614629]],[[100.5788472,13.7619803],[100.5790917,13.7617175]],[[100.5787711,13.7621356],[100.5788472,13.7619803]]]},"properties":{"key":"Khlong Huai Khwang","name":"Khlong Huai Khwang","name_th":"คลองห้วยขวาง","waterway":"canal","length_km":4.8,"risk":2,"risk_type":"flash","note":"Dense inner-district drainage; streets around Ratchadaphisek flood in monsoon peaks.","note_th":"ทางระบายน้ำย่านชุมชนหนาแน่นด้านใน ถนนแถวรัชดาภิเษกท่วมช่วงมรสุมพีค","curated":true}},{"type":"Feature","geometry":{"type":"MultiLineString","coordinates":[[[100.3528384,13.6220029],[100.3574091,13.6106166],[100.3606197,13.6014506],[100.3627789,13.5972325],[100.3635751,13.5809636]]]},"properties":{"key":"Khlong Bangnumjeud","name":"Khlong Bangnumjeud","name_th":"คลองบางน้ำจืด","waterway":"canal","length_km":4.8,"risk":null,"risk_type":null,"note":null,"note_th":null,"curated":false}},{"type":"Feature","geometry":{"type":"MultiLineString","coordinates":[[[100.2742482,13.7743426],[100.2742571,13.7755276],[100.2746871,13.776291],[100.2740124,13.7764863],[100.2734084,13.7762597],[100.2733386,13.7766619],[100.2739099,13.7775589],[100.2731441,13.7774454],[100.2725692,13.7780922],[100.2730643,13.7783441],[100.2737027,13.7782034],[100.2734559,13.7788859],[100.2737402,13.7796049],[100.2740541,13.7788638],[100.2748399,13.7789849],[100.2750384,13.780277],[100.275768,13.7803343],[100.2763634,13.7809283],[100.2766745,13.7821266],[100.2776026,13.7824131],[100.2796089,13.7841168],[100.2814811,13.7864873],[100.2821017,13.7906637],[100.2829815,13.7937843],[100.2830137,13.79554],[100.2862163,13.8067415]]]},"properties":{"key":"คลองบางเตย","name":"คลองบางเตย","name_th":"คลองบางเตย","waterway":"canal","length_km":4.8,"risk":null,"risk_type":null,"note":null,"note_th":null,"curated":false}},{"type":"Feature","geometry":{"type":"MultiLineString","coordinates":[[[100.3250776,13.7680068],[100.322666,13.7671294],[100.3045855,13.7676108],[100.3019945,13.7669179],[100.2960829,13.7646305],[100.2936909,13.7640399],[100.291963,13.7650317],[100.2915505,13.7644724],[100.2895603,13.7637377],[100.2890507,13.7640764],[100.2872423,13.7640522],[100.2852521,13.7648754],[100.2836114,13.7636352]]]},"properties":{"key":"คลองบางกระทึก","name":"คลองบางกระทึก","name_th":"คลองบางกระทึก","waterway":"canal","length_km":4.8,"risk":null,"risk_type":null,"note":null,"note_th":null,"curated":false}},{"type":"Feature","geometry":{"type":"MultiLineString","coordinates":[[[100.874684,13.529521],[100.8741474,13.5277632],[100.8725025,13.5252153],[100.872049,13.5238062],[100.8726447,13.5222502],[100.874094,13.5205991],[100.8734271,13.5181699],[100.8720935,13.5154122],[100.87156,13.5129052],[100.8726159,13.5069015],[100.8727668,13.5014853],[100.8721632,13.498282],[100.8723644,13.4937703],[100.871571,13.4906174],[100.8700121,13.4890741]]]},"properties":{"key":"Khlong Kon Bueng","name":"Khlong Kon Bueng","name_th":"คลองก้นบึ้ง","waterway":"river","length_km":4.8,"risk":null,"risk_type":null,"note":null,"note_th":null,"curated":false}},{"type":"Feature","geometry":{"type":"MultiLineString","coordinates":[[[100.6359074,13.6252225],[100.635121,13.6228545],[100.6349665,13.6211278],[100.6341597,13.6191675],[100.6334473,13.6162646],[100.632855,13.6153136],[100.6275936,13.6109758],[100.6229159,13.6064043],[100.619208,13.602083],[100.6173454,13.6012488],[100.6164614,13.6012738],[100.6149593,13.6007066]],[[100.6149593,13.6007066],[100.614041,13.5981871],[100.6122728,13.5960598],[100.6109682,13.5954341],[100.6105992,13.5947917],[100.6103682,13.5938981],[100.6107708,13.5928677]]]},"properties":{"key":"คลองบางปิ้ง","name":"คลองบางปิ้ง","name_th":"คลองบางปิ้ง","waterway":"canal","length_km":4.8,"risk":null,"risk_type":null,"note":null,"note_th":null,"curated":false}},{"type":"Feature","geometry":{"type":"MultiLineString","coordinates":[[[100.4042727,14.027683],[100.4040876,14.0288878],[100.4013256,14.0297029]],[[100.4422674,14.0167005],[100.4114819,14.0243252],[100.4042727,14.027683]]]},"properties":{"key":"Khlong Lat Lum Kaeo","name":"Khlong Lat Lum Kaeo","name_th":"คลองลาดหลุมแก้ว","waterway":"canal","length_km":4.8,"risk":null,"risk_type":null,"note":null,"note_th":null,"curated":false}},{"type":"Feature","geometry":{"type":"MultiLineString","coordinates":[[[100.7065198,13.7566923],[100.7037735,13.7524827],[100.6999569,13.7415953],[100.6950925,13.7329675],[100.6937267,13.7311527],[100.6922447,13.7297503]],[[100.6922447,13.7297503],[100.6914088,13.7281133],[100.6906618,13.7239841]],[[100.709484,13.7616857],[100.7069631,13.7579237],[100.7065198,13.7566923]]]},"properties":{"key":"Khlong Thap Chang Bon","name":"Khlong Thap Chang Bon","name_th":"คลองทับช้างบน","waterway":"river","length_km":4.7,"risk":null,"risk_type":null,"note":null,"note_th":null,"curated":false}},{"type":"Feature","geometry":{"type":"MultiLineString","coordinates":[[[100.5204586,13.857162],[100.5134546,13.8580989],[100.4975142,13.8592655],[100.490495,13.8599426],[100.4895374,13.8602655],[100.4834676,13.8605777]],[[100.4834676,13.8605777],[100.4804394,13.8606561],[100.4780235,13.8596745]]]},"properties":{"key":"Khlong Bang Sue #2","name":"Khlong Bang Sue","name_th":"คลองบางซื่อ","waterway":"canal","length_km":4.7,"risk":3,"risk_type":"riverine","note":"Northern drainage line from the Chao Phraya (Khek Khai) past the raw-water canal to join Khlong Lat Phrao. The river end is the Bang Sue pumping station + drainage tunnel (Ø5 m, ~6.4 km, designed 60 m³/s): in monsoon peaks gates open and pumps lift water into the river, while surplus continues south to Lat Phrao.","note_th":"เส้นระบายน้ำฝั่งเหนือ จากเจ้าพระยา (เกียกกาย) ตัดคลองประปาจนบรรจบคลองลาดพร้าว ปลายแม่น้ำมีสถานีสูบน้ำบางซื่อ + อุโมงค์ระบายใต้คลอง (Ø5 ม. ยาว ~6.4 กม. ออกแบบ 60 ลบ.ม./วินาที) — ช่วงฝนหนักเปิดประตู/เดินปั๊มระบายลงเจ้าพระยา ส่วนที่เหลือไหลต่อลงลาดพร้าว","curated":true}},{"type":"Feature","geometry":{"type":"MultiLineString","coordinates":[[[100.7958794,13.8906325],[100.7949305,13.8888673],[100.7945711,13.8870236],[100.793949,13.8862255],[100.7927539,13.8857357],[100.7923746,13.8840788],[100.7909163,13.8820035],[100.7885171,13.8803686],[100.7872884,13.8799501]],[[100.7982264,13.8923778],[100.7976042,13.8911615],[100.7958794,13.8906325]],[[100.7872884,13.8799501],[100.7838732,13.8785256],[100.7808522,13.8759918],[100.7784924,13.8749755],[100.7770255,13.8747059],[100.7752645,13.8747832],[100.7741167,13.8739096],[100.7701024,13.8728641],[100.7654058,13.8689823]]]},"properties":{"key":"Khlong Baen Chado","name":"Khlong Baen Chado","name_th":"คลองแบนชะโด","waterway":"river","length_km":4.7,"risk":null,"risk_type":null,"note":null,"note_th":null,"curated":false}},{"type":"Feature","geometry":{"type":"MultiLineString","coordinates":[[[100.9071546,13.5988409],[100.9064787,13.5953058],[100.9071653,13.5920521]],[[100.9071653,13.5920521],[100.9066182,13.5865981],[100.9070258,13.5833026],[100.9069142,13.5805703]],[[100.9069142,13.5805703],[100.9064358,13.5791832],[100.9047406,13.5774468],[100.9032496,13.5744327],[100.9020426,13.5729987],[100.8996984,13.5713248],[100.8980354,13.5696773],[100.8930196,13.5671221],[100.8900816,13.5646306]]]},"properties":{"key":"Khlong Bang Phli Noi","name":"Khlong Bang Phli Noi","name_th":"คลองบางพลีน้อย","waterway":"river","length_km":4.7,"risk":null,"risk_type":null,"note":null,"note_th":null,"curated":false}},{"type":"Feature","geometry":{"type":"MultiLineString","coordinates":[[[100.3545175,14.0555627],[100.3587533,14.0532871],[100.3645721,14.0507143],[100.3741586,14.0473896],[100.3752563,14.0466729],[100.3767729,14.042619],[100.3777473,14.0356872]],[[100.3777473,14.0356872],[100.3789103,14.0267498]]]},"properties":{"key":"Khlong Lat Chang","name":"Khlong Lat Chang","name_th":"คลองลาดช้าง","waterway":"canal","length_km":4.7,"risk":null,"risk_type":null,"note":null,"note_th":null,"curated":false}},{"type":"Feature","geometry":{"type":"MultiLineString","coordinates":[[[100.3687631,13.8206142],[100.3816302,13.8276224]],[[100.3816302,13.8276224],[100.396269,13.8363612]],[[100.3589219,13.8151294],[100.3687631,13.8206142]]]},"properties":{"key":"Khlong Bang Sano","name":"Khlong Bang Sano","name_th":"คลองบางโสน","waterway":"canal","length_km":4.7,"risk":null,"risk_type":null,"note":null,"note_th":null,"curated":false}},{"type":"Feature","geometry":{"type":"MultiLineString","coordinates":[[[100.2522963,13.6513126],[100.2512979,13.6473341],[100.2513664,13.6469271],[100.2525544,13.6463499],[100.2530415,13.6449244],[100.2534073,13.6431086],[100.2532245,13.6416803],[100.2526838,13.6401781],[100.2528361,13.6398228],[100.251176,13.6380689],[100.2498236,13.6372356],[100.249348,13.6363716],[100.2485514,13.6373247],[100.2478358,13.636745],[100.2466649,13.6366388],[100.2463559,13.6363578],[100.2457211,13.6365868],[100.2451225,13.6362008],[100.244727,13.6365003],[100.2445053,13.6359611],[100.2440068,13.636035],[100.2435598,13.6355091],[100.2426512,13.6353355],[100.2423224,13.63465],[100.2416479,13.6343596],[100.2377776,13.6347021],[100.2375301,13.6351561],[100.2370237,13.6348498],[100.2360738,13.6355906],[100.2352202,13.6355267],[100.2344725,13.636585],[100.233557,13.6367001]],[[100.2520471,13.6556399],[100.2516851,13.654021],[100.2518021,13.653256]],[[100.2518021,13.653256],[100.2522474,13.6512972]],[[100.2521333,13.656048],[100.2520471,13.6556399]]]},"properties":{"key":"คลองท่าเสา","name":"คลองท่าเสา","name_th":"คลองท่าเสา","waterway":"river","length_km":4.7,"risk":null,"risk_type":null,"note":null,"note_th":null,"curated":false}},{"type":"Feature","geometry":{"type":"MultiLineString","coordinates":[[[100.3266603,14.263806],[100.3253165,14.2623217],[100.3206146,14.2590696],[100.3178787,14.2551442],[100.3038454,14.2429725],[100.3017855,14.2401595],[100.2983973,14.233077]]]},"properties":{"key":"Khlong Nong Lam Chiak","name":"Khlong Nong Lam Chiak","name_th":"คลองหนองลำเจียก","waterway":"canal","length_km":4.7,"risk":null,"risk_type":null,"note":null,"note_th":null,"curated":false}},{"type":"Feature","geometry":{"type":"MultiLineString","coordinates":[[[100.3415922,14.101018],[100.3462465,14.099214]],[[100.3462465,14.099214],[100.3499901,14.0979842],[100.3502436,14.0976161],[100.352152,14.0972636],[100.3526965,14.0979946],[100.3541636,14.0975576],[100.3605258,14.0966757],[100.360896,14.0971336],[100.3615504,14.0970789],[100.3644955,14.0963401],[100.3645787,14.0958784],[100.3698492,14.0940144],[100.3714693,14.0939364],[100.3732663,14.0931299],[100.3816399,14.0905913]]]},"properties":{"key":"Khlong Tap Phak Chi","name":"Khlong Tap Phak Chi","name_th":"คลองตับผักชี","waterway":"canal","length_km":4.7,"risk":null,"risk_type":null,"note":null,"note_th":null,"curated":false}},{"type":"Feature","geometry":{"type":"MultiLineString","coordinates":[[[100.2989798,13.5991257],[100.2991426,13.6023213],[100.3014976,13.6117427],[100.3028601,13.6209135],[100.3029889,13.6252407],[100.3037721,13.6253659],[100.3041261,13.6307982],[100.3050703,13.6309598],[100.3050488,13.6321485],[100.3046036,13.6322632],[100.3045553,13.6333736],[100.3053224,13.6340357],[100.3054672,13.6345257],[100.3056765,13.6387484]],[[100.2989747,13.5990176],[100.2989798,13.5991257]],[[100.2989712,13.5989416],[100.2989747,13.5990176]]]},"properties":{"key":"คลองราษฏร์สามัคคี","name":"คลองราษฏร์สามัคคี","name_th":"คลองราษฏร์สามัคคี","waterway":"canal","length_km":4.7,"risk":null,"risk_type":null,"note":null,"note_th":null,"curated":false}},{"type":"Feature","geometry":{"type":"MultiLineString","coordinates":[[[100.6459918,13.8095438],[100.6472599,13.8078552],[100.6490723,13.806423],[100.6495392,13.8054644],[100.6496443,13.804282],[100.6508339,13.8019095],[100.6525338,13.7992427],[100.6544749,13.7969736],[100.6551564,13.7953217],[100.6555176,13.7934798],[100.6568029,13.7926156],[100.657249,13.791958],[100.6594435,13.7907319],[100.6609883,13.7880423],[100.6618631,13.7845569]],[[100.6618631,13.7845569],[100.6633374,13.784469],[100.664215,13.7841012],[100.6683624,13.777331]]]},"properties":{"key":"Khlong Bang Toei #2","name":"Khlong Bang Toei","name_th":"คลองบางเตย","waterway":"canal","length_km":4.6,"risk":null,"risk_type":null,"note":null,"note_th":null,"curated":false}},{"type":"Feature","geometry":{"type":"MultiLineString","coordinates":[[[100.7060857,13.7981295],[100.7153384,13.7816709]],[[100.7153384,13.7816709],[100.7155466,13.7799035],[100.7163294,13.7780366]],[[100.7163294,13.7780366],[100.7165773,13.7764834],[100.7162602,13.7724581],[100.7159414,13.7715607],[100.7123733,13.7651177],[100.709484,13.7616857]]]},"properties":{"key":"Khlong Lat Bua Khao","name":"Khlong Lat Bua Khao","name_th":"คลองลาดบัวขาว","waterway":"canal","length_km":4.6,"risk":null,"risk_type":null,"note":null,"note_th":null,"curated":false}},{"type":"Feature","geometry":{"type":"MultiLineString","coordinates":[[[100.1779209,13.7473522],[100.1786212,13.7444841],[100.181852,13.7412102],[100.1893676,13.736773],[100.1963271,13.7300225],[100.2039721,13.7242647],[100.206148,13.7251889],[100.2066884,13.7247909],[100.2076302,13.72489],[100.2078337,13.7245332],[100.2074701,13.7239282],[100.2082573,13.7232523]]]},"properties":{"key":"Khlong Mai #3","name":"Khlong Mai","name_th":"คลองใหม่","waterway":"canal","length_km":4.6,"risk":null,"risk_type":null,"note":null,"note_th":null,"curated":false}},{"type":"Feature","geometry":{"type":"MultiLineString","coordinates":[[[100.9153998,13.6583413],[100.9150994,13.6567462],[100.9144342,13.6554013],[100.9124601,13.65537],[100.9106906,13.6549912],[100.9080191,13.6525724]],[[100.8977248,13.6408224],[100.8973171,13.6391229],[100.894828,13.634014],[100.894726,13.6294262]],[[100.9053208,13.652489],[100.9022201,13.6520355],[100.9001761,13.650589]],[[100.9001761,13.650589],[100.8994145,13.6482092],[100.899774,13.646025],[100.8996613,13.6442734],[100.8991302,13.6425948],[100.8977248,13.6408224]],[[100.9080191,13.6525724],[100.9053208,13.652489]]]},"properties":{"key":"Khlong Sai Yok","name":"Khlong Sai Yok","name_th":"คลองไทรโยค","waterway":"river","length_km":4.6,"risk":null,"risk_type":null,"note":null,"note_th":null,"curated":false}},{"type":"Feature","geometry":{"type":"MultiLineString","coordinates":[[[100.6993382,13.5756159],[100.693725,13.5759582],[100.6926144,13.5757256],[100.6909576,13.5759784],[100.6899615,13.5763779],[100.6889664,13.5772461],[100.6861147,13.5762793],[100.6838727,13.5769644],[100.6821873,13.5770403],[100.6804056,13.5763577],[100.6788165,13.5749696],[100.6771786,13.5745775]],[[100.6771786,13.5745775],[100.6764919,13.5743989]],[[100.6614598,13.5758693],[100.6622069,13.5765852],[100.6635516,13.5771692],[100.6640321,13.5770428],[100.6639886,13.5764644],[100.6649665,13.5758141],[100.6661708,13.5764512],[100.6673724,13.5764209],[100.6691488,13.5754096],[100.6706548,13.5752756],[100.6713778,13.5749064],[100.673123,13.5751694],[100.6738695,13.5743628],[100.6764919,13.5743989]]]},"properties":{"key":"Khlong Lao Mu","name":"Khlong Lao Mu","name_th":"คลองเล้าหมู","waterway":"river","length_km":4.6,"risk":null,"risk_type":null,"note":null,"note_th":null,"curated":false}},{"type":"Feature","geometry":{"type":"MultiLineString","coordinates":[[[100.8900816,13.5646306],[100.8892806,13.5631067],[100.8898278,13.559133],[100.8896079,13.5580379],[100.8887656,13.557532],[100.8871295,13.5574955],[100.8863034,13.5570523],[100.8840181,13.5516182],[100.8794476,13.5480772],[100.8782889,13.5419753],[100.8769789,13.5386196]],[[100.8769789,13.5386196],[100.8754914,13.5344079],[100.874684,13.529521]]]},"properties":{"key":"Khlong Pik Ka","name":"Khlong Pik Ka","name_th":"คลองปีกกา","waterway":"river","length_km":4.6,"risk":null,"risk_type":null,"note":null,"note_th":null,"curated":false}},{"type":"Feature","geometry":{"type":"MultiLineString","coordinates":[[[100.8189724,13.5074095],[100.8171624,13.5083217],[100.8157999,13.5084573],[100.8147055,13.5076749],[100.8144266,13.5068195],[100.8137668,13.5064022],[100.8124954,13.50647],[100.8107627,13.5074506],[100.8098722,13.5064439],[100.8087403,13.5068508],[100.8072114,13.505771],[100.8045614,13.507242],[100.8032471,13.5060788],[100.8025498,13.5066108],[100.8024425,13.5072472],[100.8017076,13.5077114],[100.8009458,13.5070333],[100.7979793,13.5069134],[100.7968206,13.5074976],[100.7952595,13.5068612],[100.7931084,13.5076645],[100.7914991,13.5079201],[100.7888383,13.5077531],[100.7851747,13.508768]],[[100.783007,13.5107909],[100.7851747,13.508768]]]},"properties":{"key":"Khlong Dan 2","name":"Khlong Dan 2","name_th":"คลองด่าน 2","waterway":"river","length_km":4.6,"risk":null,"risk_type":null,"note":null,"note_th":null,"curated":false}},{"type":"Feature","geometry":{"type":"MultiLineString","coordinates":[[[100.9174662,13.7708986],[100.9161065,13.7710625],[100.9154501,13.7701244],[100.9143717,13.7694414],[100.9136309,13.7683211],[100.9131621,13.7665087],[100.9124025,13.7650424],[100.9062699,13.7629111],[100.9040382,13.7613992],[100.9031098,13.7592133],[100.9008687,13.7562259],[100.9000998,13.7547412],[100.8958405,13.7512562],[100.8888059,13.7496837],[100.8867584,13.7486048],[100.8858804,13.7487893]]]},"properties":{"key":"Khlong Bueng Tor Krathum","name":"Khlong Bueng Tor Krathum","name_th":"คลองบึงตอกระทุ่ม","waterway":"canal","length_km":4.6,"risk":null,"risk_type":null,"note":null,"note_th":null,"curated":false}},{"type":"Feature","geometry":{"type":"MultiLineString","coordinates":[[[100.2035013,13.55727],[100.2011869,13.5579361],[100.2009597,13.5575952],[100.2001799,13.5578161],[100.1982347,13.5590957],[100.1967393,13.5595779],[100.1967628,13.5603929],[100.1950976,13.560496],[100.1950171,13.5608832],[100.1925673,13.5612958],[100.1844177,13.5639014],[100.1632919,13.565038]]]},"properties":{"key":"คลองเต่าดำ","name":"คลองเต่าดำ","name_th":"คลองเต่าดำ","waterway":"canal","length_km":4.6,"risk":null,"risk_type":null,"note":null,"note_th":null,"curated":false}},{"type":"Feature","geometry":{"type":"MultiLineString","coordinates":[[[100.7294126,13.8488165],[100.7615908,13.8647181],[100.7647088,13.868897]]]},"properties":{"key":"Khlong Nueng Tawan Ok","name":"Khlong Nueng Tawan Ok","name_th":"คลองหนึ่งตะวันออก","waterway":"canal","length_km":4.5,"risk":null,"risk_type":null,"note":null,"note_th":null,"curated":false}},{"type":"Feature","geometry":{"type":"MultiLineString","coordinates":[[[100.297289,14.1779443],[100.2979563,14.18],[100.2962013,14.1801745],[100.2937605,14.1829102],[100.2936103,14.1834875],[100.293771,14.1859577],[100.2955627,14.1932596],[100.2972257,14.1970248],[100.297156,14.1988242],[100.2976334,14.1993755],[100.2984908,14.204045]],[[100.2920845,14.1685697],[100.2925016,14.1696349],[100.2945305,14.1724842],[100.2956863,14.1753063],[100.297289,14.1779443]],[[100.2986057,14.2040552],[100.2987008,14.2040637]],[[100.2984908,14.204045],[100.2986057,14.2040552]]]},"properties":{"key":"Khlong Ta Chang","name":"Khlong Ta Chang","name_th":"คลองตาช้าง","waterway":"canal","length_km":4.5,"risk":null,"risk_type":null,"note":null,"note_th":null,"curated":false}},{"type":"Feature","geometry":{"type":"MultiLineString","coordinates":[[[100.9516557,14.2720003],[100.9520756,14.2703535],[100.9508582,14.2691704],[100.9503724,14.2682874],[100.9499586,14.2664479],[100.9503793,14.2642214],[100.9508935,14.2633369],[100.9506669,14.2627227],[100.9513534,14.2624103],[100.9514141,14.2621089],[100.9510024,14.261389],[100.9508867,14.2599821],[100.9497263,14.2580481],[100.9483361,14.2575909],[100.9494803,14.2548914],[100.9484107,14.2541964],[100.9480278,14.2532767],[100.9472864,14.252529],[100.9470461,14.2518088],[100.9472688,14.2507028],[100.9471018,14.2501977],[100.9465864,14.2498088],[100.9455582,14.2496252],[100.9460792,14.2486192],[100.9457751,14.2461939],[100.9466379,14.2443881],[100.946864,14.2394897],[100.9466119,14.2372244]]]},"properties":{"key":"Khlong Maenam Nai #2","name":"Khlong Maenam Nai","name_th":"คลองแม่น้ำใน","waterway":"river","length_km":4.5,"risk":null,"risk_type":null,"note":null,"note_th":null,"curated":false}},{"type":"Feature","geometry":{"type":"MultiLineString","coordinates":[[[100.7747607,13.5963401],[100.7730923,13.5940573],[100.7718067,13.5903468],[100.7701594,13.5885357],[100.7705787,13.5857473],[100.7698508,13.5843692],[100.7697238,13.5826682],[100.7689133,13.5820614],[100.7679103,13.5803644],[100.7642967,13.5651214]],[[100.7642967,13.5651214],[100.7628571,13.5589652],[100.7623111,13.5589755]]]},"properties":{"key":"Khlong Si Sok","name":"Khlong Si Sok","name_th":"คลองสี่ศอก","waterway":"canal","length_km":4.5,"risk":null,"risk_type":null,"note":null,"note_th":null,"curated":false}},{"type":"Feature","geometry":{"type":"MultiLineString","coordinates":[[[100.3207539,13.8864284],[100.3145099,13.8854432],[100.3124607,13.8856411],[100.3104356,13.8854302],[100.3093386,13.8856775],[100.3030032,13.8851203],[100.2971023,13.8852193],[100.2905431,13.8829657]],[[100.3235912,13.8873935],[100.3207539,13.8864284]],[[100.3312682,13.8888333],[100.3278565,13.8877372],[100.3256786,13.8877632],[100.3235912,13.8873935]]]},"properties":{"key":"Klong Sib Sok","name":"Klong Sib Sok","name_th":"คลองสิบศอก","waterway":"canal","length_km":4.5,"risk":null,"risk_type":null,"note":null,"note_th":null,"curated":false}},{"type":"Feature","geometry":{"type":"MultiLineString","coordinates":[[[100.2160009,13.6963894],[100.2167112,13.694379],[100.2157061,13.6939596],[100.2152283,13.6924431],[100.2156201,13.692124],[100.2152131,13.6909618],[100.2157505,13.689924],[100.2156754,13.6892829],[100.2152917,13.6890958],[100.2155672,13.6887237],[100.2153827,13.6882654],[100.2217915,13.6800544],[100.2231351,13.6755733],[100.2262459,13.6684846],[100.2260486,13.667977],[100.2267219,13.6663416],[100.2262053,13.6655464],[100.2264143,13.6651008],[100.2258024,13.6648678],[100.2260755,13.6643423],[100.22533,13.6633178],[100.2257893,13.6623371]]]},"properties":{"key":"คลองบางม่วง","name":"คลองบางม่วง","name_th":"คลองบางม่วง","waterway":"canal","length_km":4.5,"risk":null,"risk_type":null,"note":null,"note_th":null,"curated":false}},{"type":"Feature","geometry":{"type":"MultiLineString","coordinates":[[[100.2038176,13.6023585],[100.201994,13.6027353],[100.1969638,13.602286],[100.1839164,13.6039831],[100.1835313,13.6037106],[100.1812822,13.6042317],[100.1765864,13.6024149],[100.1731959,13.601524],[100.1691794,13.6008908],[100.1631446,13.6010913]]]},"properties":{"key":"คลองหลวง","name":"คลองหลวง","name_th":"คลองหลวง","waterway":"canal","length_km":4.5,"risk":null,"risk_type":null,"note":null,"note_th":null,"curated":false}},{"type":"Feature","geometry":{"type":"MultiLineString","coordinates":[[[100.6878673,13.8784618],[100.7009462,13.878522],[100.7290522,13.8798865]]]},"properties":{"key":"Khlong Sam Tawan Tok","name":"Khlong Sam Tawan Tok","name_th":"คลองสามตะวันตก","waterway":"canal","length_km":4.4,"risk":null,"risk_type":null,"note":null,"note_th":null,"curated":false}},{"type":"Feature","geometry":{"type":"MultiLineString","coordinates":[[[100.9293183,13.5996986],[100.9326734,13.5968332],[100.9318902,13.5931103],[100.9344222,13.5897107],[100.9388028,13.5853959],[100.9410666,13.5820274],[100.9428154,13.5803275],[100.9433948,13.5779184],[100.9447466,13.5782],[100.945859,13.5772696],[100.947393,13.5765813],[100.9500945,13.5770829],[100.9520386,13.5760389],[100.9533475,13.5744276],[100.9542326,13.5739688]]]},"properties":{"key":"คลองเสือน้อย","name":"คลองเสือน้อย","name_th":"คลองเสือน้อย","waterway":"river","length_km":4.4,"risk":null,"risk_type":null,"note":null,"note_th":null,"curated":false}},{"type":"Feature","geometry":{"type":"MultiLineString","coordinates":[[[100.5893318,14.0617902],[100.5906486,14.0612283],[100.5916517,14.0613792],[100.5918582,14.0617964],[100.5914476,14.063188],[100.5915487,14.0634133],[100.5923223,14.0634032],[100.593235,14.0629852],[100.5939512,14.0615342],[100.5957034,14.0611618],[100.5961758,14.0614912],[100.5967145,14.0633049],[100.5972469,14.0634401],[100.5975448,14.0633602],[100.5981026,14.0619338],[100.5990279,14.0617924],[100.5993068,14.0638397],[100.6001865,14.0637914],[100.6012387,14.0627272],[100.6053565,14.0648669],[100.6104901,14.0648073],[100.6164776,14.0633727],[100.620279,14.0632496]]]},"properties":{"key":"Khlong Madan","name":"Khlong Madan","name_th":"คลองมะดัน","waterway":"river","length_km":4.4,"risk":null,"risk_type":null,"note":null,"note_th":null,"curated":false}},{"type":"Feature","geometry":{"type":"MultiLineString","coordinates":[[[100.7068262,13.5650954],[100.7072286,13.5689484],[100.7055746,13.5785457],[100.705872,13.579983],[100.7073031,13.5834541],[100.7089968,13.5900036],[100.7091453,13.5922046],[100.7099723,13.5938703],[100.7101702,13.5967448],[100.7095784,13.600449],[100.7103086,13.6033177]]]},"properties":{"key":"Khlong Bua Khli","name":"Khlong Bua Khli","name_th":"คลองบัวคลี่","waterway":"canal","length_km":4.4,"risk":null,"risk_type":null,"note":null,"note_th":null,"curated":false}},{"type":"Feature","geometry":{"type":"MultiLineString","coordinates":[[[100.2158062,13.6876153],[100.2150632,13.6843737],[100.2136737,13.6832212],[100.2140199,13.682705],[100.2102826,13.6804595],[100.1980269,13.6719643],[100.1967743,13.6699914],[100.1904302,13.6625053],[100.1906779,13.6620806],[100.1891047,13.6603479]]]},"properties":{"key":"คลองทวีผล","name":"คลองทวีผล","name_th":"คลองทวีผล","waterway":"canal","length_km":4.4,"risk":null,"risk_type":null,"note":null,"note_th":null,"curated":false}},{"type":"Feature","geometry":{"type":"MultiLineString","coordinates":[[[100.6529379,13.7000366],[100.6534015,13.6938555],[100.6528524,13.6894565],[100.6539657,13.6859238],[100.6552777,13.6831151],[100.6560702,13.6820644],[100.6581506,13.6806067],[100.6586179,13.6806927],[100.6598249,13.6801581],[100.6628627,13.6780364],[100.6669689,13.6763438],[100.6668868,13.6751632],[100.6696131,13.6740581]],[[100.6509354,13.7028301],[100.6521536,13.7019058],[100.6529379,13.7000366]]]},"properties":{"key":"Khlong Nong Bon","name":"Khlong Nong Bon","name_th":"คลองหนองบอน","waterway":"river","length_km":4.3,"risk":null,"risk_type":null,"note":null,"note_th":null,"curated":false}},{"type":"Feature","geometry":{"type":"MultiLineString","coordinates":[[[100.8089128,13.8892211],[100.8082371,13.8873555],[100.8085068,13.8839054],[100.8076198,13.8793731],[100.8065006,13.8654584],[100.8061035,13.8645347],[100.8035264,13.8622218],[100.8029121,13.8611817],[100.8039984,13.8594216],[100.8058498,13.8528858]]]},"properties":{"key":"Khlong Lam Hin","name":"Khlong Lam Hin","name_th":"คลองลำหิน","waterway":"canal","length_km":4.3,"risk":null,"risk_type":null,"note":null,"note_th":null,"curated":false}},{"type":"Feature","geometry":{"type":"MultiLineString","coordinates":[[[100.7919511,13.6777072],[100.7883062,13.6761001],[100.7872494,13.6758916],[100.7846208,13.6761418],[100.7803186,13.6755841],[100.7749971,13.6744739],[100.7719823,13.673421],[100.768313,13.6740412],[100.7671972,13.6744843],[100.763158,13.6747472]],[[100.8019766,13.6754234],[100.7958325,13.6771947],[100.7919511,13.6777072]]]},"properties":{"key":"Khlong Bang Na #3","name":"Khlong Bang Na","name_th":"คลองบางนา","waterway":"canal","length_km":4.3,"risk":null,"risk_type":null,"note":null,"note_th":null,"curated":false}},{"type":"Feature","geometry":{"type":"MultiLineString","coordinates":[[[100.370776,13.8026197],[100.370568,13.80234],[100.3646231,13.8013512],[100.3644139,13.8009293],[100.3464163,13.7973138],[100.3329033,13.7934839]]]},"properties":{"key":"Khlong Bang Khu Wiang","name":"Khlong Bang Khu Wiang","name_th":"คลองบางคูเวียง","waterway":"canal","length_km":4.3,"risk":null,"risk_type":null,"note":null,"note_th":null,"curated":false}},{"type":"Feature","geometry":{"type":"MultiLineString","coordinates":[[[100.7222948,13.8374832],[100.7222875,13.8274714]],[[100.7222875,13.8274714],[100.7220554,13.8274708],[100.7220179,13.8189319],[100.7227307,13.8173969]],[[100.7228936,13.8170722],[100.7245365,13.8127277]],[[100.7227307,13.8173969],[100.7228936,13.8170722]],[[100.7246756,13.8123469],[100.725858,13.8090827]],[[100.7245365,13.8127277],[100.7246756,13.8123469]],[[100.7220041,13.8468613],[100.7222948,13.8374832]]]},"properties":{"key":"Khlong Chek #2","name":"Khlong Chek","name_th":"คลองเจ๊ก","waterway":"canal","length_km":4.3,"risk":null,"risk_type":null,"note":null,"note_th":null,"curated":false}},{"type":"Feature","geometry":{"type":"MultiLineString","coordinates":[[[100.7747592,13.8140983],[100.7748035,13.8122934],[100.775752,13.8102932],[100.7753856,13.8087594],[100.7754141,13.8052648],[100.7742173,13.8037863],[100.7730124,13.8007344],[100.7747016,13.7882919],[100.7756688,13.7847695],[100.7767105,13.7831764]],[[100.7767105,13.7831764],[100.7778679,13.7824045],[100.7826732,13.7817376]]]},"properties":{"key":"Khlong Phang Phuai","name":"Khlong Phang Phuai","name_th":"คลองพังพวย","waterway":"river","length_km":4.3,"risk":null,"risk_type":null,"note":null,"note_th":null,"curated":false}},{"type":"Feature","geometry":{"type":"MultiLineString","coordinates":[[[100.8608099,13.7702403],[100.863534,13.7676383],[100.8644991,13.7653677],[100.8657295,13.7601579],[100.866537,13.7582009],[100.866237,13.7547873],[100.8667254,13.7523858],[100.8693823,13.7478405],[100.8725819,13.7440207]],[[100.8607249,13.7703616],[100.8608099,13.7702403]],[[100.8725819,13.7440207],[100.8739156,13.7428469],[100.8748269,13.7426677],[100.8757938,13.7419378],[100.8803507,13.740043]]]},"properties":{"key":"Khlong Lam Ta In","name":"Khlong Lam Ta In","name_th":"คลองลำตาอิน","waterway":"river","length_km":4.3,"risk":null,"risk_type":null,"note":null,"note_th":null,"curated":false}},{"type":"Feature","geometry":{"type":"MultiLineString","coordinates":[[[100.4326544,13.5639722],[100.4323814,13.5627998],[100.4312936,13.5625043],[100.4308347,13.5618518],[100.4309367,13.5592344],[100.4317733,13.55901],[100.4321964,13.5577387],[100.4327926,13.5576078],[100.4335522,13.5561309],[100.4360331,13.555168],[100.4363985,13.5554672],[100.4404949,13.554925],[100.4445267,13.5560353]],[[100.4326544,13.5639722],[100.4333324,13.5641277],[100.433582,13.5647197],[100.4355683,13.5656071],[100.4358691,13.5660762],[100.4366656,13.5663],[100.4378408,13.568811],[100.4385831,13.5683883],[100.4404553,13.5683551],[100.440214,13.5696264],[100.4406987,13.569935],[100.4422487,13.5695405],[100.4456019,13.5693835]]]},"properties":{"key":"Klong Luk Wua","name":"Klong Luk Wua","name_th":"คลองลูกวัว","waterway":"river","length_km":4.3,"risk":null,"risk_type":null,"note":null,"note_th":null,"curated":false}},{"type":"Feature","geometry":{"type":"MultiLineString","coordinates":[[[100.6493175,13.9013883],[100.6504361,13.901288],[100.6535096,13.902499],[100.6578647,13.9037393],[100.6595773,13.9051889],[100.6605856,13.9087095],[100.6605877,13.91054],[100.6589641,13.9144624],[100.6590073,13.9151874],[100.6601446,13.9154333],[100.6600982,13.9157894]],[[100.6369857,13.9056404],[100.6391525,13.9049228],[100.6417028,13.9049409],[100.6422018,13.9046767],[100.6429091,13.9031375],[100.6433098,13.9012806],[100.6440508,13.9005246],[100.6467085,13.9016659],[100.6493175,13.9013883]]]},"properties":{"key":"Khlong O Ngoen","name":"Khlong O Ngoen","name_th":"คลองออเงิน","waterway":"canal","length_km":4.3,"risk":null,"risk_type":null,"note":null,"note_th":null,"curated":false}},{"type":"Feature","geometry":{"type":"MultiLineString","coordinates":[[[100.2937815,13.7781459],[100.2934025,13.7773235],[100.2925477,13.7765047],[100.2907954,13.7761043],[100.2860139,13.7729305],[100.2826641,13.7716712]],[[100.3114055,13.7916403],[100.3114841,13.7881854],[100.312064,13.7865602],[100.3097769,13.7855364],[100.3090006,13.7855105],[100.309058,13.7851591],[100.3078631,13.7844187],[100.3044318,13.783044],[100.2996145,13.7817624],[100.2937815,13.7781459]]]},"properties":{"key":"Khlong Wattana","name":"Khlong Wattana","name_th":"คลองวัฒนา","waterway":"river","length_km":4.3,"risk":null,"risk_type":null,"note":null,"note_th":null,"curated":false}},{"type":"Feature","geometry":{"type":"MultiLineString","coordinates":[[[100.3136113,13.8854797],[100.3130888,13.8890275],[100.3110016,13.8972606],[100.3110011,13.9020707],[100.3104754,13.9063927],[100.3104177,13.9184297]],[[100.3104177,13.9184297],[100.3078876,13.9230745]]]},"properties":{"key":"Klong Kamnan Chuen","name":"Klong Kamnan Chuen","name_th":"คลองกำนันชื้น","waterway":"canal","length_km":4.3,"risk":null,"risk_type":null,"note":null,"note_th":null,"curated":false}},{"type":"Feature","geometry":{"type":"MultiLineString","coordinates":[[[100.7202406,13.7239864],[100.7206927,13.7205261],[100.7200328,13.717811],[100.7208727,13.7112962],[100.7208104,13.7088058],[100.7190938,13.7030104],[100.7178278,13.6937646],[100.7179675,13.6920913],[100.7196573,13.6893238],[100.7204781,13.6871034],[100.721069,13.6864756]]]},"properties":{"key":"Khlong Bua Ko","name":"Khlong Bua Ko","name_th":"คลองบัวเกาะ","waterway":"river","length_km":4.3,"risk":null,"risk_type":null,"note":null,"note_th":null,"curated":false}},{"type":"Feature","geometry":{"type":"MultiLineString","coordinates":[[[100.8137611,13.6148299],[100.8142654,13.6143659],[100.813568,13.612979],[100.8142654,13.6105494],[100.8141581,13.6092564],[100.8128384,13.6073898],[100.8126453,13.6047933],[100.8118836,13.6042928],[100.8122913,13.6027703],[100.8114503,13.6019185],[100.8115582,13.6012663],[100.8121725,13.6006983],[100.8116957,13.5999979],[100.8116867,13.5986807],[100.8107531,13.5976352],[100.811581,13.5953182],[100.8106856,13.5945378],[100.8093078,13.592129],[100.8088795,13.5898081],[100.8084718,13.5892137],[100.8094267,13.5869924],[100.8087507,13.5864293],[100.8078281,13.5862311],[100.8082143,13.5840515],[100.8070203,13.5820855]]]},"properties":{"key":"Khlong Bang Krathiam","name":"Khlong Bang Krathiam","name_th":"คลองบางกระเทียม","waterway":"canal","length_km":4.3,"risk":null,"risk_type":null,"note":null,"note_th":null,"curated":false}},{"type":"Feature","geometry":{"type":"MultiLineString","coordinates":[[[100.7849414,13.6181431],[100.7859606,13.6171004],[100.7863469,13.6158804],[100.7862932,13.6149628],[100.7844859,13.6120057],[100.7842918,13.6109512],[100.7844668,13.6103841],[100.7840321,13.609639],[100.7841771,13.6090712],[100.7830746,13.6075384]],[[100.794171,13.6244643],[100.7926769,13.6226163],[100.7910139,13.6226997],[100.79022,13.6219073],[100.787527,13.6206977],[100.7854885,13.6191128],[100.7849414,13.6181431]],[[100.7830746,13.6075384],[100.7831926,13.6062975],[100.7824733,13.6053891],[100.7827152,13.6046496],[100.7823772,13.6040972],[100.7823128,13.6020533],[100.7813365,13.6015528],[100.779813,13.6000407],[100.7796091,13.5995193],[100.779416,13.5982054],[100.7796199,13.5958695],[100.7793852,13.594959]]]},"properties":{"key":"Khlong Sara Hong","name":"Khlong Sara Hong","name_th":"คลองสาระหงษ์","waterway":"river","length_km":4.3,"risk":null,"risk_type":null,"note":null,"note_th":null,"curated":false}},{"type":"Feature","geometry":{"type":"MultiLineString","coordinates":[[[100.57751,14.2399652],[100.5646622,14.2435028],[100.549516,14.2405449],[100.5380539,14.2403026]]]},"properties":{"key":"P11 Irrigation Canal","name":"P11 Irrigation Canal","name_th":"คลองส่งน้ำโรงสูบน้ำที่ 11","waterway":"canal","length_km":4.3,"risk":null,"risk_type":null,"note":null,"note_th":null,"curated":false}},{"type":"Feature","geometry":{"type":"MultiLineString","coordinates":[[[100.6743075,13.7875103],[100.672853,13.7865548],[100.6715333,13.7852419],[100.6690764,13.7843146],[100.664952,13.7849675]],[[100.6745097,13.7876841],[100.6743075,13.7875103]],[[100.6876691,13.7904348],[100.6864142,13.7891129],[100.684998,13.7881542],[100.6823802,13.7877479],[100.6806958,13.7865652],[100.680154,13.7867372],[100.6781971,13.7887325]],[[100.696907,13.7979199],[100.6939137,13.7943226],[100.6905126,13.7929472],[100.6898464,13.7920714],[100.6880343,13.7910457],[100.6876691,13.7904348]],[[100.6779413,13.788953],[100.6776059,13.7894358],[100.6756532,13.7890712],[100.6745097,13.7876841]],[[100.6781971,13.7887325],[100.6779413,13.788953]]]},"properties":{"key":"Lam Bueng Kum","name":"Lam Bueng Kum","name_th":"ลำบึงกุ่ม","waterway":"river","length_km":4.3,"risk":null,"risk_type":null,"note":null,"note_th":null,"curated":false}},{"type":"Feature","geometry":{"type":"MultiLineString","coordinates":[[[100.87351,13.5803743],[100.8737701,13.5814433],[100.8757603,13.5845876],[100.8763289,13.5849526],[100.8767366,13.5857035],[100.8792471,13.5875076],[100.8798533,13.5902086],[100.8806151,13.5914444],[100.8813607,13.5919449],[100.8871793,13.6009917]],[[100.8797496,13.5740661],[100.8767581,13.5760463],[100.8745586,13.5755353],[100.8735072,13.5757595],[100.8733892,13.5762236],[100.8740758,13.5777463],[100.8749342,13.5783199],[100.8750307,13.5786849],[100.8746284,13.579102],[100.8738076,13.5792741],[100.8733949,13.5799225]],[[100.8733949,13.5799225],[100.87351,13.5803743]]]},"properties":{"key":"คลองบางกระยาง","name":"คลองบางกระยาง","name_th":"คลองบางกระยาง","waterway":"canal","length_km":4.3,"risk":null,"risk_type":null,"note":null,"note_th":null,"curated":false}},{"type":"Feature","geometry":{"type":"MultiLineString","coordinates":[[[100.2502429,13.6345179],[100.2485757,13.63369],[100.2498536,13.6295287],[100.2509839,13.6223823],[100.2483533,13.621911],[100.2485327,13.6200646],[100.2483467,13.6196126],[100.2445138,13.6194642],[100.2417836,13.6198644],[100.2389271,13.6211492],[100.2370007,13.6206262],[100.2315469,13.6199613],[100.2279154,13.6190355]]]},"properties":{"key":"คลองไหหลำ","name":"คลองไหหลำ","name_th":"คลองไหหลำ","waterway":"canal","length_km":4.3,"risk":null,"risk_type":null,"note":null,"note_th":null,"curated":false}},{"type":"Feature","geometry":{"type":"MultiLineString","coordinates":[[[100.6355495,13.8416134],[100.6356471,13.8412248],[100.6364081,13.8409044],[100.6368459,13.8392098],[100.6391822,13.8360627],[100.6441974,13.8310489]],[[100.6441974,13.8310489],[100.6460741,13.8288838],[100.6465073,13.8266981],[100.6476511,13.8240914],[100.6487182,13.8205371],[100.6482534,13.816414],[100.6490175,13.813173],[100.6459918,13.8095438]]]},"properties":{"key":"Khlong Bang Khuat","name":"Khlong Bang Khuat","name_th":"คลองบางขวด","waterway":"river","length_km":4.2,"risk":null,"risk_type":null,"note":null,"note_th":null,"curated":false}},{"type":"Feature","geometry":{"type":"MultiLineString","coordinates":[[[100.3884905,13.6302925],[100.388638,13.6262313],[100.3879504,13.6221612],[100.3884313,13.6211323],[100.3885683,13.6188829],[100.389727,13.6153011],[100.3908911,13.6129367],[100.3913658,13.6109529],[100.3937664,13.6071494],[100.3939837,13.6060832],[100.3935465,13.6052177],[100.397956,13.5992322],[100.3996593,13.5975885],[100.3998097,13.5966008]]]},"properties":{"key":"คลองระหาญ","name":"คลองระหาญ","name_th":"คลองระหาญ","waterway":"canal","length_km":4.2,"risk":null,"risk_type":null,"note":null,"note_th":null,"curated":false}},{"type":"Feature","geometry":{"type":"MultiLineString","coordinates":[[[100.4789535,14.1241917],[100.4786772,14.1219694],[100.4777491,14.1213074],[100.4911465,14.0891721]]]},"properties":{"key":"Khlong Chek #3","name":"Khlong Chek","name_th":"คลองเจ๊ก","waterway":"canal","length_km":4.2,"risk":null,"risk_type":null,"note":null,"note_th":null,"curated":false}},{"type":"Feature","geometry":{"type":"MultiLineString","coordinates":[[[100.4814116,13.6157591],[100.4835814,13.616148],[100.4877335,13.6157414],[100.4885703,13.6153764],[100.4921627,13.6154895],[100.4929477,13.6153869],[100.4940577,13.6146256],[100.4955094,13.6141973],[100.503183,13.6160333],[100.5047172,13.616659],[100.5059939,13.6165756],[100.5064445,13.6170969],[100.5071312,13.6170448],[100.5094918,13.6202326],[100.5094194,13.6215318],[100.5082755,13.6232584],[100.5089622,13.6242594],[100.5092489,13.6255382],[100.5081864,13.6271306]]]},"properties":{"key":"Khlong Rang Kamin","name":"Khlong Rang Kamin","name_th":"คลองรางขมิ้น","waterway":"river","length_km":4.2,"risk":null,"risk_type":null,"note":null,"note_th":null,"curated":false}},{"type":"Feature","geometry":{"type":"MultiLineString","coordinates":[[[100.5242225,13.9434858],[100.5245292,13.9420217],[100.5258113,13.9392831],[100.5277019,13.9360687],[100.5274204,13.9359736],[100.5271667,13.9352576],[100.526811,13.9353767],[100.5263089,13.9350799],[100.5259776,13.9338839],[100.5256361,13.9336429],[100.525653,13.9330404]],[[100.5291625,13.9174732],[100.5319144,13.9103243]],[[100.5254593,13.9255362],[100.5263638,13.9245613],[100.5291625,13.9174732]],[[100.525653,13.9330404],[100.5255524,13.9301194],[100.5249817,13.9272231],[100.5250853,13.9262902]],[[100.5250853,13.9262902],[100.5252547,13.9257354]],[[100.5252547,13.9257354],[100.5254593,13.9255362]]]},"properties":{"key":"Khlong Bang Phang","name":"Khlong Bang Phang","name_th":"คลองบางพัง","waterway":"river","length_km":4.2,"risk":null,"risk_type":null,"note":null,"note_th":null,"curated":false}},{"type":"Feature","geometry":{"type":"MultiLineString","coordinates":[[[100.3483111,13.8403827],[100.348571,13.8397833],[100.3484781,13.8356509],[100.3489276,13.8294947],[100.3488134,13.8273656],[100.3480953,13.8246869]],[[100.3499602,13.8141138],[100.3502511,13.8032452]],[[100.3495302,13.8174762],[100.3499602,13.8141138]],[[100.3480953,13.8246869],[100.3486479,13.821721]],[[100.3486479,13.821721],[100.3495302,13.8174762]]]},"properties":{"key":"Khlong Chin Bai","name":"Khlong Chin Bai","name_th":"คลองจีนบ่าย","waterway":"canal","length_km":4.2,"risk":null,"risk_type":null,"note":null,"note_th":null,"curated":false}},{"type":"Feature","geometry":{"type":"MultiLineString","coordinates":[[[100.4751942,13.8098506],[100.4755714,13.8100032],[100.4766443,13.809649],[100.4776099,13.811191],[100.477406,13.8117536],[100.4779103,13.8126183],[100.4777601,13.8132226],[100.4780176,13.8138685],[100.4786399,13.8148062],[100.4785648,13.8153896],[100.4789403,13.8151917],[100.479466,13.8155563],[100.4798522,13.8163586],[100.4805603,13.816494],[100.4810109,13.817067],[100.4807856,13.8176088],[100.4811611,13.8181297],[100.4810753,13.8187131],[100.4817252,13.8208716]],[[100.4817252,13.8208716],[100.4824409,13.8241701]],[[100.4824409,13.8241701],[100.4827061,13.8269955],[100.4852059,13.8351734],[100.4869225,13.8394967],[100.4874697,13.8396009],[100.4881671,13.8390904],[100.4887142,13.8394863],[100.4895338,13.8394932]]]},"properties":{"key":"Bang Si Thong Canal","name":"Bang Si Thong Canal","name_th":"คลองบางสีทอง","waterway":"river","length_km":4.2,"risk":null,"risk_type":null,"note":null,"note_th":null,"curated":false}},{"type":"Feature","geometry":{"type":"MultiLineString","coordinates":[[[100.7819772,13.5403703],[100.7806311,13.5376976],[100.7798801,13.5354237],[100.7798694,13.5335305],[100.7795046,13.5321223],[100.7799094,13.5284219]],[[100.7796494,13.5171482],[100.7796763,13.515839],[100.7799016,13.5155782],[100.7817523,13.5162563],[100.7839142,13.5162667],[100.7846062,13.51381],[100.7848261,13.5135805],[100.7863764,13.5134814],[100.786861,13.5130705]],[[100.7799094,13.5284219],[100.7800153,13.5274607],[100.7794992,13.5260306],[100.7790325,13.5256863],[100.7772301,13.5253812]],[[100.7774471,13.5187847],[100.7796494,13.5171482]],[[100.7772301,13.5253812],[100.7765703,13.5241112],[100.7763691,13.5219206],[100.777021,13.5205619]],[[100.777021,13.5205619],[100.7774471,13.5187847]]]},"properties":{"key":"Khlong Kluea","name":"Khlong Kluea","name_th":"คลองเกลือ","waterway":"river","length_km":4.2,"risk":null,"risk_type":null,"note":null,"note_th":null,"curated":false}},{"type":"Feature","geometry":{"type":"MultiLineString","coordinates":[[[100.7951326,13.5634008],[100.7901996,13.5484994]],[[100.8022665,13.5846427],[100.8016217,13.5833998],[100.796268,13.5669531]],[[100.796268,13.5669531],[100.7951326,13.5634008]]]},"properties":{"key":"Khlong Hua Kluea","name":"Khlong Hua Kluea","name_th":"คลองหัวเกลือ","waterway":"canal","length_km":4.2,"risk":null,"risk_type":null,"note":null,"note_th":null,"curated":false}},{"type":"Feature","geometry":{"type":"MultiLineString","coordinates":[[[100.3154421,13.6709283],[100.3165811,13.6644792],[100.316898,13.6612247],[100.3165978,13.6577314],[100.3171353,13.6548906],[100.3169222,13.6539401],[100.3163046,13.6538788],[100.3159361,13.6524567],[100.3151487,13.6517729],[100.3143529,13.6482646],[100.3142356,13.642892],[100.3134063,13.6399452],[100.3140981,13.6349769]]]},"properties":{"key":"คลองหมื่นปรารมย์ #2","name":"คลองหมื่นปรารมย์","name_th":"คลองหมื่นปรารมย์","waterway":"canal","length_km":4.2,"risk":null,"risk_type":null,"note":null,"note_th":null,"curated":false}},{"type":"Feature","geometry":{"type":"MultiLineString","coordinates":[[[100.5812105,13.7876875],[100.5812125,13.786506],[100.580372,13.7834648],[100.582398,13.7827228]],[[100.5799926,13.7616322],[100.5795849,13.7612113]],[[100.5802478,13.7626318],[100.5801523,13.7621396]],[[100.5804003,13.7895562],[100.5804776,13.7881697],[100.5811824,13.7880272],[100.5812105,13.7876875]],[[100.5834493,13.7815836],[100.583343,13.7807568],[100.5830438,13.7805866],[100.5815094,13.7773309],[100.5794952,13.7698329],[100.5801326,13.767043],[100.5802741,13.764703]],[[100.582398,13.7827228],[100.5835565,13.7822937],[100.5834493,13.7815836]],[[100.5758024,13.7902705],[100.5803532,13.7900838],[100.5804003,13.7895562]],[[100.5802741,13.764703],[100.5803077,13.7631134]],[[100.5803077,13.7631134],[100.5802983,13.7630067]],[[100.5802983,13.7630067],[100.580272,13.7627257]],[[100.580272,13.7627257],[100.5802478,13.7626318]],[[100.5801286,13.7620304],[100.5799926,13.7616322]],[[100.5801523,13.7621396],[100.5801286,13.7620304]]]},"properties":{"key":"Khlong Chuat Bang Chak","name":"Khlong Chuat Bang Chak","name_th":"คลองชวดบางจาก","waterway":"canal","length_km":4.1,"risk":2,"risk_type":"flash","note":"Short cut-canal on the Rama III / Phra Khanong side; drains a dense inner catchment toward Khlong Phra Khanong — a chronic flash-flood spot in monsoon peaks.","note_th":"คลองลัดสั้น ๆ ฝั่งพระราม 3 / พระโขนง ระบายน้ำย่านชุมชนแน่นลงสู่คลองพระโขนง จุดท่วมฉับพลันเรื้อรังช่วงมรสุมพีค","curated":true}},{"type":"Feature","geometry":{"type":"MultiLineString","coordinates":[[[100.6529379,13.7000366],[100.6580282,13.7004465],[100.6631326,13.6999308],[100.6685764,13.7003146],[100.6742717,13.7004042],[100.6747792,13.7001663]],[[100.6747792,13.7001663],[100.6790851,13.7006009],[100.6840031,13.7007392],[100.6846485,13.7004442],[100.6858637,13.7047998],[100.6861541,13.7049514]],[[100.6861541,13.7049514],[100.6863021,13.7058028]]]},"properties":{"key":"Khlong Makham Thet","name":"Khlong Makham Thet","name_th":"คลองมะขามเทศ","waterway":"canal","length_km":4.1,"risk":null,"risk_type":null,"note":null,"note_th":null,"curated":false}},{"type":"Feature","geometry":{"type":"MultiLineString","coordinates":[[[100.4702884,13.6589899],[100.4727989,13.6458953],[100.4733997,13.6398481],[100.474752,13.6352752]],[[100.4700138,13.6601923],[100.4702884,13.6589899]],[[100.467201,13.6716646],[100.4700138,13.6601923]]]},"properties":{"key":"Khlong Bang Mot","name":"Khlong Bang Mot","name_th":"คลองบางมด","waterway":"canal","length_km":4.1,"risk":null,"risk_type":null,"note":null,"note_th":null,"curated":false}},{"type":"Feature","geometry":{"type":"MultiLineString","coordinates":[[[100.8789646,13.8696119],[100.8767545,13.8686119],[100.8742654,13.8647684],[100.8724308,13.8630184],[100.8716368,13.8614351],[100.8698237,13.8606643],[100.8666372,13.8579456],[100.8648884,13.8576019],[100.8649978,13.8569451]],[[100.8793494,13.8533947],[100.8794413,13.8546073],[100.8783028,13.8590659],[100.8778524,13.8624905],[100.878173,13.8660856],[100.8790968,13.868843],[100.8789646,13.8696119]]]},"properties":{"key":"Khlong Bueng Farang","name":"Khlong Bueng Farang","name_th":"คลองบึงฝรั่ง","waterway":"river","length_km":4.1,"risk":null,"risk_type":null,"note":null,"note_th":null,"curated":false}},{"type":"Feature","geometry":{"type":"MultiLineString","coordinates":[[[100.5892233,13.8213812],[100.5949081,13.8219354],[100.6002463,13.8231013],[100.6046866,13.8233337],[100.6056046,13.8229431],[100.6100702,13.8231186],[100.6140796,13.8225767],[100.6210422,13.8225974],[100.6216609,13.8228035],[100.6261768,13.8225152],[100.6269336,13.8220722]]]},"properties":{"key":"Klong Suea Noi","name":"Klong Suea Noi","name_th":"คลองเสือน้อย","waterway":"canal","length_km":4.1,"risk":null,"risk_type":null,"note":null,"note_th":null,"curated":false}},{"type":"Feature","geometry":{"type":"MultiLineString","coordinates":[[[100.6913869,13.889792],[100.7288528,13.8970721]]]},"properties":{"key":"Khlong Si Tawan Tok","name":"Khlong Si Tawan Tok","name_th":"คลองสี่ตะวันตก","waterway":"canal","length_km":4.1,"risk":null,"risk_type":null,"note":null,"note_th":null,"curated":false}},{"type":"Feature","geometry":{"type":"MultiLineString","coordinates":[[[100.8105022,13.8912303],[100.809214,13.8909219],[100.8089128,13.8892211]],[[100.8381522,13.9066582],[100.8370364,13.9053148],[100.8362719,13.9035339],[100.8338928,13.901352],[100.8298266,13.8960197]],[[100.8298266,13.8960197],[100.8285606,13.8955562],[100.8246177,13.8957437],[100.8237863,13.8955615],[100.8165014,13.8932441],[100.8149081,13.8924161],[100.8134276,13.8910101],[100.8128536,13.8907914],[100.8117485,13.8907341],[100.8105022,13.8912303]]]},"properties":{"key":"Khlong Sanam Klang Lam","name":"Khlong Sanam Klang Lam","name_th":"คลองสนามกลางลำ","waterway":"river","length_km":4.1,"risk":null,"risk_type":null,"note":null,"note_th":null,"curated":false}},{"type":"Feature","geometry":{"type":"MultiLineString","coordinates":[[[100.1941768,13.7079766],[100.193655,13.7111248],[100.1920317,13.7125363],[100.1904792,13.7128498],[100.1900018,13.7135429],[100.1900769,13.7147312],[100.1911981,13.715591],[100.1938535,13.7157318],[100.1993627,13.7139859],[100.201004,13.7130218],[100.2014278,13.7120941],[100.2014707,13.7102962],[100.201932,13.7098844],[100.2034501,13.710687],[100.2042564,13.7132419],[100.2043245,13.715294],[100.2031551,13.7168574],[100.2032238,13.7172782],[100.2037465,13.7178296],[100.2070768,13.718815]]]},"properties":{"key":"Khlong Bang Chang","name":"Khlong Bang Chang","name_th":"คลองบางช้าง","waterway":"canal","length_km":4.1,"risk":null,"risk_type":null,"note":null,"note_th":null,"curated":false}},{"type":"Feature","geometry":{"type":"MultiLineString","coordinates":[[[100.3959689,13.9426823],[100.4023593,13.9368781],[100.4076135,13.9347472],[100.4093495,13.9337725],[100.4091526,13.933161],[100.4104833,13.9320743]],[[100.4104833,13.9320743],[100.4124869,13.9309217],[100.4129497,13.929533],[100.4168205,13.9283312],[100.4185368,13.9271431],[100.4191637,13.9270634],[100.4222059,13.9254963],[100.4268848,13.9241887]]]},"properties":{"key":"Khlong Sam Wang","name":"Khlong Sam Wang","name_th":"คลองสามวัง","waterway":"canal","length_km":4.1,"risk":null,"risk_type":null,"note":null,"note_th":null,"curated":false}},{"type":"Feature","geometry":{"type":"MultiLineString","coordinates":[[[100.3930876,13.8071539],[100.3885547,13.8072164],[100.3871224,13.8069195],[100.3815171,13.8049167],[100.373765,13.8031999],[100.3737869,13.8025276]],[[100.395889,13.8082599],[100.3950242,13.807654],[100.3930876,13.8071539]],[[100.4080586,13.814928],[100.4025397,13.8114673],[100.395889,13.8082599]]]},"properties":{"key":"Khlong Plai Bang","name":"Khlong Plai Bang","name_th":"คลองปลายบาง","waterway":"canal","length_km":4.1,"risk":null,"risk_type":null,"note":null,"note_th":null,"curated":false}},{"type":"Feature","geometry":{"type":"MultiLineString","coordinates":[[[100.6290302,13.7886661],[100.6304052,13.7888835],[100.6332893,13.7875222],[100.6372641,13.7868267],[100.639117,13.7860827],[100.6418894,13.7867995],[100.6435722,13.7867625],[100.6480189,13.7846874]],[[100.6480189,13.7846874],[100.6485809,13.7843745],[100.6502101,13.7819119],[100.6528844,13.7772602],[100.6535357,13.776932],[100.6542385,13.774181],[100.6546569,13.7735141]],[[100.6259024,13.7880407],[100.6290302,13.7886661]]]},"properties":{"key":"Khlong Lam Phang Phuai","name":"Khlong Lam Phang Phuai","name_th":"คลองลำพังพวย","waterway":"canal","length_km":4,"risk":null,"risk_type":null,"note":null,"note_th":null,"curated":false}},{"type":"Feature","geometry":{"type":"MultiLineString","coordinates":[[[100.601064,13.7480958],[100.6104391,13.743715]],[[100.6219525,13.7464144],[100.635783,13.7500584]],[[100.6104391,13.743715],[100.6116747,13.7437915],[100.6219525,13.7464144]]]},"properties":{"key":"Khlong Kacha","name":"Khlong Kacha","name_th":"คลองกะจะ","waterway":"canal","length_km":4,"risk":null,"risk_type":null,"note":null,"note_th":null,"curated":false}},{"type":"Feature","geometry":{"type":"MultiLineString","coordinates":[[[100.5017338,13.6514727],[100.5082726,13.662832],[100.5109897,13.6666268],[100.5122298,13.6712875],[100.5121538,13.6718203]],[[100.5121538,13.6718203],[100.5123923,13.6718961],[100.5121698,13.6724147],[100.5123837,13.672929],[100.5127985,13.6729647],[100.5130555,13.6736207],[100.5140922,13.6738013],[100.514401,13.6741182],[100.5148477,13.6737373],[100.5169774,13.6741545],[100.5178965,13.674994],[100.5179241,13.6745653],[100.5197623,13.6745876],[100.5205391,13.6752152]],[[100.5010325,13.6505575],[100.5010628,13.6505989]],[[100.5010296,13.6505534],[100.5010325,13.6505575]],[[100.5010628,13.6505989],[100.5016529,13.6514092]],[[100.5016529,13.6514092],[100.5017338,13.6514727]]]},"properties":{"key":"Khlong Chaeng Ron","name":"Khlong Chaeng Ron","name_th":"คลองแจงร้อน","waterway":"canal","length_km":4,"risk":null,"risk_type":null,"note":null,"note_th":null,"curated":false}},{"type":"Feature","geometry":{"type":"MultiLineString","coordinates":[[[100.6216888,13.8736367],[100.6264737,13.8731861],[100.6299735,13.87394],[100.6300127,13.8745429],[100.6347087,13.8753447],[100.6347284,13.8755472],[100.6376182,13.876358],[100.6388967,13.8760504],[100.6395015,13.8716191],[100.6408885,13.8663659],[100.6411238,13.8627104],[100.6402663,13.8587298]]]},"properties":{"key":"Khlong Bua","name":"Khlong Bua","name_th":"คลองบัว","waterway":"canal","length_km":4,"risk":null,"risk_type":null,"note":null,"note_th":null,"curated":false}},{"type":"Feature","geometry":{"type":"MultiLineString","coordinates":[[[100.6527291,13.8828626],[100.6529909,13.8828609]],[[100.6529909,13.8828609],[100.6556815,13.8829277]],[[100.6231413,13.8829867],[100.6241805,13.8828926],[100.6247012,13.8833531],[100.6253903,13.883317],[100.6254138,13.8841173],[100.6268057,13.8841123],[100.6298466,13.8855196],[100.6325895,13.8857673],[100.6340092,13.8850991],[100.636975,13.8855097],[100.6402625,13.8866984],[100.6413498,13.8860656]],[[100.6525264,13.8828638],[100.6527291,13.8828626]],[[100.6413498,13.8860656],[100.6430161,13.8855534],[100.6431084,13.8831343],[100.644127,13.8827241],[100.6525264,13.8828638]]]},"properties":{"key":"Khlong Nong Chok","name":"Khlong Nong Chok","name_th":"คลองหนองจอก","waterway":"canal","length_km":4,"risk":null,"risk_type":null,"note":null,"note_th":null,"curated":false}},{"type":"Feature","geometry":{"type":"MultiLineString","coordinates":[[[100.8017956,13.8424331],[100.8008194,13.8414344],[100.7964765,13.8388479],[100.7950861,13.8372034],[100.7947256,13.8364756],[100.7949335,13.831941],[100.7925829,13.8272835],[100.7909575,13.8263451],[100.7883923,13.8256733],[100.7860618,13.8254965],[100.7838892,13.8258658],[100.7821615,13.8247932],[100.7819691,13.8240004]],[[100.8063953,13.8443623],[100.8037609,13.8438425],[100.8017956,13.8424331]]]},"properties":{"key":"Khlong Ban Ko","name":"Khlong Ban Ko","name_th":"คลองบ้านเกาะ","waterway":"river","length_km":4,"risk":null,"risk_type":null,"note":null,"note_th":null,"curated":false}},{"type":"Feature","geometry":{"type":"MultiLineString","coordinates":[[[100.3686807,13.8020227],[100.3693274,13.7995062],[100.3687495,13.7975282],[100.3687209,13.7959668],[100.3692265,13.789546],[100.370837,13.7853546],[100.3715306,13.781523],[100.37487,13.7711914],[100.3751266,13.7667897]]]},"properties":{"key":"คลองขุนศรีบุรีรักษ์","name":"คลองขุนศรีบุรีรักษ์","name_th":"คลองขุนศรีบุรีรักษ์","waterway":"canal","length_km":4,"risk":null,"risk_type":null,"note":null,"note_th":null,"curated":false}},{"type":"Feature","geometry":{"type":"MultiLineString","coordinates":[[[100.4188518,13.5689116],[100.418346,13.5706207],[100.4175201,13.5716222],[100.4160207,13.5744616],[100.4129684,13.5755384],[100.4109004,13.5753116],[100.410505,13.5745245],[100.4081201,13.5743379],[100.4079074,13.5734326],[100.4053205,13.5726644],[100.4042788,13.5729384],[100.4033158,13.572702],[100.4026057,13.573134],[100.3998963,13.5709132],[100.3974545,13.5693617],[100.3970146,13.5693669],[100.3953516,13.570887],[100.3905505,13.5711686],[100.3895312,13.5709808]]]},"properties":{"key":"คลองรางยายคง","name":"คลองรางยายคง","name_th":"คลองรางยายคง","waterway":"river","length_km":4,"risk":null,"risk_type":null,"note":null,"note_th":null,"curated":false}},{"type":"Feature","geometry":{"type":"MultiLineString","coordinates":[[[100.6904139,13.5460506],[100.7242227,13.5425333],[100.7274177,13.5424879]]]},"properties":{"key":"Khlong Hok #3","name":"Khlong Hok","name_th":"คลองหก","waterway":"canal","length_km":4,"risk":null,"risk_type":null,"note":null,"note_th":null,"curated":false}},{"type":"Feature","geometry":{"type":"MultiLineString","coordinates":[[[100.4303601,13.8321363],[100.4302687,13.8311419],[100.4310573,13.8306784],[100.431083,13.8288834],[100.4307032,13.8281885],[100.429743,13.8283083],[100.4289115,13.8271259],[100.4287441,13.826008],[100.4276401,13.8256205],[100.427962,13.8246256],[100.4275436,13.8237713],[100.4264707,13.8228962],[100.4262561,13.8220262],[100.4265458,13.8214272],[100.4260952,13.8196561],[100.4246575,13.817562]],[[100.4132388,13.8051232],[100.4167397,13.8076227],[100.4222275,13.814822],[100.4241908,13.8163795],[100.4246575,13.817562]]]},"properties":{"key":"Khlong Bang Rao Nok","name":"Khlong Bang Rao Nok","name_th":"คลองบางราวนก","waterway":"river","length_km":4,"risk":null,"risk_type":null,"note":null,"note_th":null,"curated":false}},{"type":"Feature","geometry":{"type":"MultiLineString","coordinates":[[[100.5325242,14.0665989],[100.5318117,14.0656449],[100.5306509,14.0650294],[100.5281135,14.0627034],[100.5268207,14.0619281],[100.5241331,14.0593054],[100.5224058,14.0582126],[100.51455,14.0516372]],[[100.51455,14.0516372],[100.5118545,14.0488498],[100.5073208,14.040659]]]},"properties":{"key":"Khlong Ko Mai","name":"Khlong Ko Mai","name_th":"คลองเกาะใหม่","waterway":"canal","length_km":4,"risk":null,"risk_type":null,"note":null,"note_th":null,"curated":false}},{"type":"Feature","geometry":{"type":"MultiLineString","coordinates":[[[100.8904887,13.756078],[100.9175813,13.7317479]]]},"properties":{"key":"คลองสอง","name":"คลองสอง","name_th":"คลองสอง","waterway":"canal","length_km":4,"risk":null,"risk_type":null,"note":null,"note_th":null,"curated":false}},{"type":"Feature","geometry":{"type":"MultiLineString","coordinates":[[[100.2250156,13.5665185],[100.2256429,13.5659032],[100.2252631,13.5654092],[100.2254824,13.5648527],[100.2253701,13.5630378],[100.2245995,13.5613668],[100.224619,13.554392],[100.2262164,13.54883],[100.2264732,13.548152],[100.2276898,13.5484717],[100.2296667,13.5450847],[100.2302236,13.5448877],[100.2302109,13.5443408],[100.2308586,13.5445645],[100.231669,13.5443133],[100.2320159,13.5433292],[100.2314496,13.5426549],[100.2319557,13.5423159],[100.2313859,13.5420149],[100.2313859,13.5417138],[100.2326034,13.5416175],[100.2323928,13.5410755],[100.2335183,13.5398472],[100.23392,13.5385654]]]},"properties":{"key":"คลองปีกนก","name":"คลองปีกนก","name_th":"คลองปีกนก","waterway":"canal","length_km":4,"risk":null,"risk_type":null,"note":null,"note_th":null,"curated":false}},{"type":"Feature","geometry":{"type":"MultiLineString","coordinates":[[[100.4665976,13.6736372],[100.4703422,13.6750293],[100.4689833,13.6784411],[100.4701956,13.67866],[100.4707643,13.6791082],[100.4702386,13.6811827],[100.4701205,13.6825587],[100.4703566,13.6827359]],[[100.4637103,13.698433],[100.4649696,13.698585],[100.4656348,13.6980706],[100.46651,13.6979543],[100.4682612,13.6919997],[100.4686222,13.6895199]],[[100.4691448,13.6867655],[100.469273,13.6877708],[100.4686222,13.6895199]],[[100.4703566,13.6827359],[100.4706033,13.6830591],[100.470024,13.6843621],[100.4697343,13.6860717],[100.4691448,13.6867655]],[[100.4665976,13.6736372],[100.467201,13.6716646]]]},"properties":{"key":"Khlong Bang Khun Thian","name":"Khlong Bang Khun Thian","name_th":"คลองบางขุนเทียน","waterway":"canal","length_km":3.9,"risk":null,"risk_type":null,"note":null,"note_th":null,"curated":false}},{"type":"Feature","geometry":{"type":"MultiLineString","coordinates":[[[100.6231825,13.80008],[100.6193607,13.7994756],[100.6159458,13.7993011],[100.6151117,13.7996717],[100.609269,13.8001784],[100.601526,13.8003013]],[[100.5963447,13.8012465],[100.5916591,13.8025815],[100.5883139,13.8027563]],[[100.601526,13.8003013],[100.6001378,13.8006293],[100.5980296,13.800443],[100.5963447,13.8012465]],[[100.6231825,13.80008],[100.6235218,13.8001687]],[[100.6235218,13.8001687],[100.6236298,13.8001989]]]},"properties":{"key":"Khlong Song Krathiam","name":"Khlong Song Krathiam","name_th":"คลองทรงกระเทียม","waterway":"canal","length_km":3.9,"risk":null,"risk_type":null,"note":null,"note_th":null,"curated":false}},{"type":"Feature","geometry":{"type":"MultiLineString","coordinates":[[[100.6230221,13.8824127],[100.6229623,13.8804824],[100.6220113,13.8790605],[100.6215399,13.8771493],[100.6213974,13.8759641],[100.6217365,13.873844],[100.6208277,13.8716777],[100.6210139,13.87133],[100.6242608,13.8709356],[100.6240917,13.8695415],[100.6280968,13.8692991],[100.6279312,13.8642115],[100.629366,13.8596632],[100.6286954,13.8590175],[100.6279652,13.8574596]],[[100.6277806,13.8571543],[100.6268894,13.8555969]],[[100.6279652,13.8574596],[100.6277806,13.8571543]]]},"properties":{"key":"Khlong Ka Chet","name":"Khlong Ka Chet","name_th":"คลองกะเฉด","waterway":"canal","length_km":3.9,"risk":null,"risk_type":null,"note":null,"note_th":null,"curated":false}},{"type":"Feature","geometry":{"type":"MultiLineString","coordinates":[[[100.7351225,13.8482549],[100.7395588,13.8402339],[100.7400377,13.8371119],[100.7438005,13.8351501],[100.7446096,13.8334278]],[[100.7446096,13.8334278],[100.7454523,13.8313107],[100.7459435,13.8287243]],[[100.7459435,13.8287243],[100.7465965,13.8247867],[100.7487213,13.8237196],[100.7492337,13.8219254]],[[100.7337989,13.8508817],[100.7351225,13.8482549]]]},"properties":{"key":"Khlong Bueng Phai","name":"Khlong Bueng Phai","name_th":"คลองบึงไผ่","waterway":"river","length_km":3.9,"risk":null,"risk_type":null,"note":null,"note_th":null,"curated":false}},{"type":"Feature","geometry":{"type":"MultiLineString","coordinates":[[[100.8534114,13.6668336],[100.8499002,13.6682713],[100.8468264,13.6700852],[100.8437473,13.6742031],[100.8392787,13.67597],[100.833925,13.6755322],[100.8319777,13.6743438],[100.8308941,13.6731866],[100.8235505,13.6673267]]]},"properties":{"key":"Khlong Bang Phli","name":"Khlong Bang Phli","name_th":"คลองบางพลี","waterway":"river","length_km":3.9,"risk":null,"risk_type":null,"note":null,"note_th":null,"curated":false}},{"type":"Feature","geometry":{"type":"MultiLineString","coordinates":[[[100.518043,13.6349196],[100.5164886,13.6318198],[100.5148943,13.6299806],[100.5149393,13.629096],[100.5142207,13.6286216],[100.5143479,13.6274633],[100.515017,13.6265315],[100.5149344,13.6243351],[100.5153424,13.623674],[100.5155018,13.6224425]],[[100.5164447,13.6185103],[100.5160596,13.6177894],[100.5167409,13.6162264],[100.5166164,13.6146945],[100.5168695,13.6140862],[100.5163755,13.6127399],[100.5170013,13.6121571],[100.5176393,13.6122321],[100.5182192,13.6114482]],[[100.5182192,13.6114482],[100.517887,13.6110049],[100.5188498,13.6100577],[100.5195348,13.6099455],[100.5202697,13.6091419],[100.5210167,13.6051441]],[[100.5155018,13.6224425],[100.5164447,13.6185103]]]},"properties":{"key":"Khlong Rang Yai","name":"Khlong Rang Yai","name_th":"คลองรางใหญ่","waterway":"river","length_km":3.9,"risk":null,"risk_type":null,"note":null,"note_th":null,"curated":false}},{"type":"Feature","geometry":{"type":"MultiLineString","coordinates":[[[100.8580683,13.6288779],[100.8602635,13.6272051],[100.863274,13.6267229],[100.8751645,13.6284555],[100.8789108,13.6314506],[100.8828757,13.6308418],[100.8841662,13.6300154]],[[100.8841662,13.6300154],[100.8853651,13.6274921]],[[100.8853651,13.6274921],[100.8857728,13.6261522],[100.8860152,13.6228843]]]},"properties":{"key":"Khlong Sukhan","name":"Khlong Sukhan","name_th":"คลองสุคัน","waterway":"river","length_km":3.9,"risk":null,"risk_type":null,"note":null,"note_th":null,"curated":false}},{"type":"Feature","geometry":{"type":"MultiLineString","coordinates":[[[100.4840373,13.9467291],[100.4843509,13.9457234],[100.4840036,13.9440952],[100.4841642,13.9437441]],[[100.4841642,13.9437441],[100.4836053,13.9425409],[100.4842591,13.9385041],[100.4854174,13.9349406],[100.4852108,13.9347335]],[[100.4908858,13.9143518],[100.4902964,13.9157229],[100.4907802,13.917592],[100.4893633,13.9230828],[100.4890619,13.9253019],[100.488398,13.9271856],[100.4871381,13.9284842],[100.4868535,13.9299339],[100.4856613,13.9314494],[100.4857798,13.9319228],[100.4852108,13.9347335]]]},"properties":{"key":"Khlong Ban Laem Nuea","name":"Khlong Ban Laem Nuea","name_th":"คลองบ้านแหลมเหนือ","waterway":"canal","length_km":3.9,"risk":null,"risk_type":null,"note":null,"note_th":null,"curated":false}},{"type":"Feature","geometry":{"type":"MultiLineString","coordinates":[[[100.3719399,13.9144884],[100.3721482,13.9070545],[100.3732465,13.9043516],[100.3732465,13.9030821],[100.3738051,13.9013689],[100.3740116,13.8991577],[100.3740858,13.8950613],[100.3734829,13.8908568]],[[100.3726765,13.9244716],[100.3717059,13.9240415],[100.3711225,13.9193585],[100.3718361,13.9155102]],[[100.3718361,13.9155102],[100.3719399,13.9144884]],[[100.3729002,13.9245586],[100.3726765,13.9244716]]]},"properties":{"key":"Khlong To Klom","name":"Khlong To Klom","name_th":"คลองโต๊ะกล่อม","waterway":"canal","length_km":3.9,"risk":null,"risk_type":null,"note":null,"note_th":null,"curated":false}},{"type":"Feature","geometry":{"type":"MultiLineString","coordinates":[[[100.3021408,13.6463435],[100.3038979,13.6465497],[100.3080431,13.6461053],[100.3191284,13.6466065],[100.3249433,13.6464119],[100.332693,13.645416],[100.3382951,13.6450105]]]},"properties":{"key":"คลองแครายมะเดื่อ","name":"คลองแครายมะเดื่อ","name_th":"คลองแครายมะเดื่อ","waterway":"canal","length_km":3.9,"risk":null,"risk_type":null,"note":null,"note_th":null,"curated":false}},{"type":"Feature","geometry":{"type":"MultiLineString","coordinates":[[[100.6692064,13.5452115],[100.6685093,13.5433919],[100.6669979,13.5414643],[100.6666986,13.5402932],[100.6630324,13.5384238],[100.6626501,13.536009]],[[100.6726992,13.5555391],[100.6716741,13.5547317],[100.6726842,13.5526151],[100.6696989,13.5472325],[100.669227,13.5453054]],[[100.669227,13.5453054],[100.6692064,13.5452115]],[[100.6626501,13.536009],[100.6596751,13.5321023],[100.6579425,13.5284166]],[[100.6725921,13.557486],[100.6726992,13.5555391]]]},"properties":{"key":"Khlong Lam Salat","name":"Khlong Lam Salat","name_th":"คลองลำสลัด","waterway":"canal","length_km":3.9,"risk":null,"risk_type":null,"note":null,"note_th":null,"curated":false}},{"type":"Feature","geometry":{"type":"MultiLineString","coordinates":[[[100.8787188,13.5713615],[100.8782368,13.5701287],[100.8767777,13.568679],[100.8754688,13.5665723],[100.8749967,13.5639753],[100.873838,13.5619833],[100.8735376,13.5596887],[100.8709662,13.5567418]],[[100.8709662,13.5567418],[100.8701044,13.5557254],[100.8691495,13.5535559],[100.8661562,13.5515325],[100.8640104,13.5477567],[100.8634203,13.5472352],[100.8626402,13.5467057],[100.8614247,13.5469536],[100.8584661,13.5463175]],[[100.8584661,13.5463175],[100.8575007,13.5462652]]]},"properties":{"key":"Khlong Bang Nang Pheng","name":"Khlong Bang Nang Pheng","name_th":"คลองบางนางเพ็ง","waterway":"river","length_km":3.9,"risk":null,"risk_type":null,"note":null,"note_th":null,"curated":false}},{"type":"Feature","geometry":{"type":"MultiLineString","coordinates":[[[100.2726849,13.8077256],[100.2724681,13.806529],[100.2714347,13.8066561],[100.270833,13.8021159],[100.2676124,13.7931417],[100.2675982,13.7886459],[100.2666072,13.7849096],[100.2662887,13.7814655],[100.2666037,13.7798087],[100.2672761,13.7785712],[100.2674743,13.7764779],[100.2683671,13.7755378]]]},"properties":{"key":"คลองสุคต","name":"คลองสุคต","name_th":"คลองสุคต","waterway":"canal","length_km":3.9,"risk":null,"risk_type":null,"note":null,"note_th":null,"curated":false}},{"type":"Feature","geometry":{"type":"MultiLineString","coordinates":[[[100.8563531,13.669087],[100.8548316,13.6707498],[100.8518131,13.6721569],[100.8466399,13.6755052],[100.848517,13.6827841],[100.8476369,13.683057],[100.8474528,13.6835573],[100.8430256,13.6849543],[100.8426461,13.68304],[100.8412268,13.6832846],[100.8386874,13.6841744],[100.8354724,13.6858072]]]},"properties":{"key":"Klong Klan Hom Bon","name":"Klong Klan Hom Bon","name_th":"คลองกลั่นหอมบน","waterway":"canal","length_km":3.9,"risk":null,"risk_type":null,"note":null,"note_th":null,"curated":false}},{"type":"Feature","geometry":{"type":"MultiLineString","coordinates":[[[100.29339,13.7641051],[100.2932864,13.7621523],[100.2938213,13.7621555],[100.2950993,13.7607924],[100.2955484,13.7608822],[100.2963673,13.759859],[100.2970443,13.7600707],[100.2983751,13.7582361],[100.2994615,13.7577293],[100.2999667,13.7579089],[100.3023396,13.7562877],[100.3036357,13.7565973],[100.3058011,13.7545203],[100.3054725,13.753755],[100.3056346,13.7523688],[100.3066859,13.7511088],[100.3073267,13.7491949],[100.3082586,13.7477102],[100.3104254,13.7455926],[100.313153,13.7402171]]]},"properties":{"key":"คลองยายสา","name":"คลองยายสา","name_th":"คลองยายสา","waterway":"canal","length_km":3.9,"risk":null,"risk_type":null,"note":null,"note_th":null,"curated":false}},{"type":"Feature","geometry":{"type":"MultiLineString","coordinates":[[[100.4962906,13.656085],[100.4969372,13.6591131],[100.5002665,13.666762],[100.5036235,13.675521],[100.503572,13.6762382],[100.5043101,13.6783231],[100.5041556,13.6787151],[100.5047393,13.6813003],[100.5066128,13.6857741]],[[100.4949077,13.6542001],[100.4962906,13.656085]]]},"properties":{"key":"Khlong Rat Burana","name":"Khlong Rat Burana","name_th":"คลองราษฎร์บูรณะ","waterway":"canal","length_km":3.8,"risk":null,"risk_type":null,"note":null,"note_th":null,"curated":false}},{"type":"Feature","geometry":{"type":"MultiLineString","coordinates":[[[100.4056598,13.6009244],[100.4072714,13.596693],[100.4069602,13.5952957],[100.4072714,13.5949984],[100.4058659,13.59248],[100.4065633,13.5902796],[100.408194,13.5889604],[100.411638,13.5891377],[100.4122174,13.5881366]],[[100.4125742,13.5811188],[100.4127404,13.5791286],[100.4109943,13.5776034],[100.4110346,13.5753529]],[[100.413893,13.5831964],[100.4139983,13.5824711],[100.4125857,13.5820525],[100.4125742,13.5811188]],[[100.4122174,13.5881366],[100.4124728,13.5874421],[100.4130239,13.5870653],[100.4135482,13.5853048]],[[100.4135482,13.5853048],[100.413893,13.5831964]]]},"properties":{"key":"คลองกลางทุ่ง","name":"คลองกลางทุ่ง","name_th":"คลองกลางทุ่ง","waterway":"river","length_km":3.8,"risk":null,"risk_type":null,"note":null,"note_th":null,"curated":false}},{"type":"Feature","geometry":{"type":"MultiLineString","coordinates":[[[100.4553692,13.6872142],[100.4492359,13.6916408],[100.4447206,13.6942662],[100.4347228,13.6989219]],[[100.4347228,13.6989219],[100.4342366,13.6995653]],[[100.4342366,13.6995653],[100.4288742,13.7082989]]]},"properties":{"key":"Khlong Bang Ranae","name":"Khlong Bang Ranae","name_th":"คลองบางระแนะ","waterway":"canal","length_km":3.8,"risk":null,"risk_type":null,"note":null,"note_th":null,"curated":false}},{"type":"Feature","geometry":{"type":"MultiLineString","coordinates":[[[100.3835111,13.7892611],[100.3848055,13.7888201],[100.3901538,13.7888774],[100.3948384,13.7893939],[100.4178094,13.7964082]]]},"properties":{"key":"Khlong Bang Tan","name":"Khlong Bang Tan","name_th":"คลองบางตาล","waterway":"canal","length_km":3.8,"risk":null,"risk_type":null,"note":null,"note_th":null,"curated":false}},{"type":"Feature","geometry":{"type":"MultiLineString","coordinates":[[[100.6791408,13.8184723],[100.6825839,13.80841],[100.6830521,13.8082022],[100.6833821,13.8075007],[100.6831044,13.8068625],[100.6842561,13.8050281],[100.6844656,13.8041578],[100.6874489,13.7996865],[100.6899137,13.7948684]],[[100.6768457,13.8241127],[100.6788822,13.8190816]],[[100.6788822,13.8190816],[100.6791408,13.8184723]],[[100.690069,13.7946093],[100.6909265,13.7930265]],[[100.6899137,13.7948684],[100.690069,13.7946093]]]},"properties":{"key":"Khlong Lam Nun","name":"Khlong Lam Nun","name_th":"คลองลำนุ่น","waterway":"canal","length_km":3.8,"risk":null,"risk_type":null,"note":null,"note_th":null,"curated":false}},{"type":"Feature","geometry":{"type":"MultiLineString","coordinates":[[[100.9101523,13.8362747],[100.9055027,13.8305824],[100.9064285,13.8283924],[100.9095711,13.8256435],[100.9115645,13.8245775],[100.9126353,13.8234069],[100.9134031,13.823008],[100.9182521,13.8220925],[100.9234737,13.8203251],[100.9251847,13.8200795],[100.9262608,13.8203107],[100.9269069,13.8205675],[100.9284976,13.8221071]]]},"properties":{"key":"Khlong Ta Wong","name":"Khlong Ta Wong","name_th":"คลองตาวง","waterway":"canal","length_km":3.8,"risk":null,"risk_type":null,"note":null,"note_th":null,"curated":false}},{"type":"Feature","geometry":{"type":"MultiLineString","coordinates":[[[100.5285103,13.5578758],[100.5292903,13.5553786],[100.5300306,13.5544921],[100.5295907,13.5537307],[100.5300413,13.5529693],[100.5302451,13.5510918],[100.5308138,13.5497359],[100.5300628,13.5481088],[100.5307279,13.5473161],[100.5299769,13.5458037],[100.529934,13.5450631],[100.531082,13.5390969],[100.5309747,13.5365935],[100.5297516,13.5335581],[100.5285196,13.5293784]],[[100.5284212,13.5596861],[100.5277346,13.5588831],[100.5285103,13.5578758]],[[100.5277227,13.5607758],[100.5284212,13.5596861]]]},"properties":{"key":"Khlong Na Kluea","name":"Khlong Na Kluea","name_th":"คลองนาเกลือ","waterway":"river","length_km":3.8,"risk":null,"risk_type":null,"note":null,"note_th":null,"curated":false}},{"type":"Feature","geometry":{"type":"MultiLineString","coordinates":[[[100.9145419,13.5746203],[100.915014,13.5733167],[100.9150461,13.5710327],[100.9136836,13.5688529],[100.9119348,13.5675075],[100.9111462,13.5652438],[100.9084372,13.5623658],[100.9076862,13.5603737],[100.9064094,13.5587779],[100.9040752,13.5541119]],[[100.9069142,13.5805703],[100.9085174,13.5804414],[100.913264,13.5777463],[100.9138298,13.5769335],[100.9145419,13.5746203]]]},"properties":{"key":"Khlong Hom Sin","name":"Khlong Hom Sin","name_th":"คลองหอมศีล","waterway":"river","length_km":3.8,"risk":null,"risk_type":null,"note":null,"note_th":null,"curated":false}},{"type":"Feature","geometry":{"type":"MultiLineString","coordinates":[[[100.6676226,13.6045232],[100.670585,13.6018327],[100.6726468,13.5989476],[100.6726483,13.595424],[100.673058,13.5930286],[100.673443,13.5925211],[100.6755375,13.5920062],[100.6757933,13.590621],[100.6755107,13.5893882],[100.6758531,13.5879189]],[[100.6705668,13.6138955],[100.6692816,13.6108685],[100.6681597,13.6058495],[100.6676226,13.6045232]],[[100.6758531,13.5879189],[100.674758,13.5863613],[100.6741658,13.5844806]]]},"properties":{"key":"Khlong Thap Nang","name":"Khlong Thap Nang","name_th":"คลองทับนาง","waterway":"river","length_km":3.8,"risk":null,"risk_type":null,"note":null,"note_th":null,"curated":false}},{"type":"Feature","geometry":{"type":"MultiLineString","coordinates":[[[100.721263,13.6537939],[100.728564,13.6518289],[100.7353338,13.6509356]],[[100.7460983,13.647976],[100.7538162,13.6467049],[100.7549456,13.6467352]],[[100.7353338,13.6509356],[100.7421955,13.6496919],[100.7460983,13.647976]]]},"properties":{"key":"Khlong Thewa Trong","name":"Khlong Thewa Trong","name_th":"คลองเทวะตรง","waterway":"canal","length_km":3.8,"risk":null,"risk_type":null,"note":null,"note_th":null,"curated":false}},{"type":"Feature","geometry":{"type":"MultiLineString","coordinates":[[[100.5919457,13.9253942],[100.5938776,13.9248963]],[[100.5938776,13.9248963],[100.5965305,13.9241934]],[[100.5882334,13.9264065],[100.5898183,13.9259636]],[[100.5965305,13.9241934],[100.5977743,13.9238694]],[[100.5977743,13.9238694],[100.6006114,13.9231534]],[[100.5898183,13.9259636],[100.5919457,13.9253942]],[[100.5667081,13.932983],[100.5815827,13.9283801]],[[100.5830171,13.9279399],[100.5882334,13.9264065]],[[100.5815827,13.9283801],[100.5830171,13.9279399]]]},"properties":{"key":"Khu Nai Kim Sai 3","name":"Khu Nai Kim Sai 3","name_th":"คูนายกิมสาย 3","waterway":"canal","length_km":3.8,"risk":null,"risk_type":null,"note":null,"note_th":null,"curated":false}},{"type":"Feature","geometry":{"type":"MultiLineString","coordinates":[[[100.3644578,13.8762149],[100.3647207,13.8732466],[100.3610034,13.8480689]],[[100.3610034,13.8480689],[100.3607188,13.846419],[100.3607832,13.8432856],[100.36118,13.8422914]]]},"properties":{"key":"Khlong Bang Khu Lat","name":"Khlong Bang Khu Lat","name_th":"คลองบางคูลัด","waterway":"canal","length_km":3.8,"risk":null,"risk_type":null,"note":null,"note_th":null,"curated":false}},{"type":"Feature","geometry":{"type":"MultiLineString","coordinates":[[[100.290782,13.5795582],[100.2920509,13.5794814],[100.2933324,13.5798228],[100.2940908,13.5795795],[100.29498,13.5754213],[100.2950652,13.573206],[100.2942603,13.5724523],[100.2938557,13.5726262],[100.2934228,13.5718121],[100.2943395,13.5703597],[100.2955063,13.5702807],[100.2966894,13.5693619],[100.2982221,13.5671112],[100.3004825,13.5593256],[100.3018119,13.5589857],[100.3021351,13.5592623],[100.3037735,13.5593374],[100.3037958,13.5587288],[100.3045693,13.5572589]]]},"properties":{"key":"คลองหวายลิง","name":"คลองหวายลิง","name_th":"คลองหวายลิง","waterway":"canal","length_km":3.8,"risk":null,"risk_type":null,"note":null,"note_th":null,"curated":false}},{"type":"Feature","geometry":{"type":"MultiLineString","coordinates":[[[100.6255626,13.5970962],[100.6271505,13.5973297],[100.6298627,13.5983475],[100.6338281,13.6016845],[100.6418104,13.6067316],[100.6434292,13.6080228],[100.6439441,13.6088205],[100.6458592,13.6098111],[100.6474525,13.6135546],[100.649207,13.6196872]]]},"properties":{"key":"คลองหนามแดง","name":"คลองหนามแดง","name_th":"คลองหนามแดง","waterway":"canal","length_km":3.8,"risk":null,"risk_type":null,"note":null,"note_th":null,"curated":false}},{"type":"Feature","geometry":{"type":"MultiLineString","coordinates":[[[100.1843413,13.5634759],[100.1843787,13.5663368],[100.183696,13.5669763],[100.1828253,13.5669523],[100.1822119,13.5657308],[100.1815045,13.565476],[100.1800897,13.5656202],[100.1796247,13.5662887],[100.1796543,13.5668946],[100.179961,13.5672024],[100.1821575,13.5681978],[100.1821334,13.568789],[100.1807912,13.5686322],[100.1778936,13.5702337],[100.1758544,13.5700938],[100.1749154,13.5711969],[100.1704682,13.5722568],[100.1702808,13.5714751],[100.1690094,13.5708982],[100.1660426,13.5714703],[100.1640428,13.5707257],[100.163759,13.570888],[100.1626204,13.5702969]]]},"properties":{"key":"คลองเลือก","name":"คลองเลือก","name_th":"คลองเลือก","waterway":"canal","length_km":3.8,"risk":null,"risk_type":null,"note":null,"note_th":null,"curated":false}},{"type":"Feature","geometry":{"type":"MultiLineString","coordinates":[[[100.1843787,13.5663368],[100.1871076,13.5680071],[100.1930908,13.5686314],[100.2045754,13.5711561],[100.207242,13.5756567],[100.2082698,13.579398],[100.2104427,13.5830433]]]},"properties":{"key":"คลองราษฎร์พัฒนา","name":"คลองราษฎร์พัฒนา","name_th":"คลองราษฎร์พัฒนา","waterway":"canal","length_km":3.8,"risk":null,"risk_type":null,"note":null,"note_th":null,"curated":false}},{"type":"Feature","geometry":{"type":"MultiLineString","coordinates":[[[100.5598011,13.7335309],[100.5595947,13.7338261],[100.5518692,13.7340066]],[[100.5482562,13.7340204],[100.5511907,13.7339104]],[[100.5604299,13.7194569],[100.5604309,13.7198553]],[[100.5604309,13.7198553],[100.5603203,13.7224445],[100.5605451,13.7230595],[100.5609094,13.7232527],[100.5606124,13.7253994]],[[100.5606124,13.7253994],[100.5598011,13.7335309]],[[100.548182,13.7340227],[100.5461271,13.7341059]],[[100.5482562,13.7340204],[100.548182,13.7340227]],[[100.5511907,13.7339104],[100.5518692,13.7340066]],[[100.5511907,13.7339104],[100.5460729,13.734096]]]},"properties":{"key":"Khlong Phai Singto","name":"Khlong Phai Singto","name_th":"คลองไผ่สิงโต","waterway":"canal","length_km":3.7,"risk":null,"risk_type":null,"note":null,"note_th":null,"curated":false}},{"type":"Feature","geometry":{"type":"MultiLineString","coordinates":[[[100.5031464,13.7447788],[100.5007447,13.7411151]],[[100.5056955,13.7562028],[100.5041461,13.7590216],[100.5000953,13.7616949]],[[100.5041296,13.7477195],[100.5044456,13.7490899]],[[100.5041296,13.7477195],[100.5031464,13.7447788]],[[100.50553,13.7537917],[100.5060098,13.7554853]],[[100.5000953,13.7616949],[100.4945877,13.7655274]],[[100.5044456,13.7490899],[100.5045747,13.7496472]],[[100.5045747,13.7496472],[100.50553,13.7537917]],[[100.5005037,13.7405677],[100.4998706,13.7387098]],[[100.5007447,13.7411151],[100.5005037,13.7405677]],[[100.5060098,13.7554853],[100.5056955,13.7562028]]]},"properties":{"key":"Khlong Rop Krung","name":"Khlong Rop Krung","name_th":"คลองรอบกรุง","waterway":"canal","length_km":3.7,"risk":2,"risk_type":"flash","note":"Old-city moat ring; the Bang Lamphu corner has flash-flood history. Levels managed by gates.","note_th":"คูเมืองวงแหวนเมืองเก่า มุมบางลำพูมีประวัติน้ำท่วมฉับพลัน ระดับน้ำควบคุมด้วยประตูน้ำ","curated":true}},{"type":"Feature","geometry":{"type":"MultiLineString","coordinates":[[[100.42267,13.6556046],[100.4220043,13.6563223],[100.4218055,13.6575047],[100.4224604,13.6586885],[100.4311252,13.663482],[100.4421677,13.670421],[100.4466348,13.6736811],[100.4485551,13.674414]]]},"properties":{"key":"Khlong Si Bat","name":"Khlong Si Bat","name_th":"คลองสี่บาท","waterway":"canal","length_km":3.7,"risk":null,"risk_type":null,"note":null,"note_th":null,"curated":false}},{"type":"Feature","geometry":{"type":"MultiLineString","coordinates":[[[100.6039199,13.7687807],[100.6062523,13.7668479],[100.6064936,13.765292],[100.6134058,13.7597273]],[[100.6075692,13.7867683],[100.6069061,13.7820316],[100.6054961,13.7755142],[100.6064588,13.7751999],[100.6064265,13.7749759],[100.6055618,13.7741404],[100.6032886,13.7703809],[100.6030919,13.7699305],[100.6034838,13.7693292]],[[100.6036259,13.7691459],[100.6038037,13.7689302]],[[100.6034977,13.7693116],[100.6036259,13.7691459]],[[100.6038037,13.7689302],[100.6039199,13.7687807]]]},"properties":{"key":"Khlong Wat Tuek","name":"Khlong Wat Tuek","name_th":"คลองวัดตึก","waterway":"canal","length_km":3.7,"risk":null,"risk_type":null,"note":null,"note_th":null,"curated":false}},{"type":"Feature","geometry":{"type":"MultiLineString","coordinates":[[[100.5978914,13.7410678],[100.598798,13.7405216],[100.5982601,13.738733],[100.5983444,13.738205],[100.6047676,13.7375661],[100.6045369,13.7317725],[100.6058576,13.7210321]],[[100.6058576,13.7210321],[100.6052184,13.7200382],[100.6066902,13.7189893],[100.6061408,13.7183056],[100.6065702,13.7163361],[100.6062763,13.7151615]]]},"properties":{"key":"Khlong Tan","name":"Khlong Tan","name_th":"คลองตัน","waterway":"canal","length_km":3.7,"risk":null,"risk_type":null,"note":null,"note_th":null,"curated":false}},{"type":"Feature","geometry":{"type":"MultiLineString","coordinates":[[[100.7255152,13.6025372],[100.726006,13.6005404],[100.7253945,13.5948258],[100.7264888,13.5931025],[100.7275885,13.592177],[100.7282001,13.5903911],[100.7316065,13.5869758],[100.7324192,13.5848927],[100.7337093,13.5838576],[100.7338931,13.5818879],[100.7356097,13.5809232],[100.7361193,13.5803497],[100.7365122,13.5782182],[100.7369065,13.5773996],[100.7373679,13.5773735],[100.7368421,13.5746854]]]},"properties":{"key":"คลองลัดบางปลา","name":"คลองลัดบางปลา","name_th":"คลองลัดบางปลา","waterway":"canal","length_km":3.7,"risk":null,"risk_type":null,"note":null,"note_th":null,"curated":false}},{"type":"Feature","geometry":{"type":"MultiLineString","coordinates":[[[100.2668411,13.5720947],[100.2670554,13.5714343],[100.2684019,13.5702297],[100.2695257,13.5676693],[100.270038,13.5636044],[100.2697886,13.5619617],[100.2678976,13.5568589],[100.2656526,13.5535057],[100.264738,13.552919],[100.2634023,13.5527313],[100.2579815,13.5545161],[100.2530348,13.5539326]]]},"properties":{"key":"คลองครุ","name":"คลองครุ","name_th":"คลองครุ","waterway":"canal","length_km":3.7,"risk":null,"risk_type":null,"note":null,"note_th":null,"curated":false}},{"type":"Feature","geometry":{"type":"MultiLineString","coordinates":[[[100.6081276,14.2244097],[100.6093597,14.2256068],[100.6082758,14.226421],[100.60833,14.2269923],[100.6090006,14.2277081],[100.6084248,14.2287456],[100.6077135,14.2291265],[100.6058979,14.229271],[100.6050715,14.2296518],[100.6031543,14.2291593],[100.6005664,14.2293498],[100.5992454,14.2297963],[100.5956414,14.2302166],[100.5865824,14.2346791],[100.5862594,14.2347445],[100.5847958,14.2338809]],[[100.5847958,14.2338809],[100.5834549,14.234211],[100.5822161,14.2337499]]]},"properties":{"key":"Khlong Bang Hong","name":"Khlong Bang Hong","name_th":"คลองบางหงส์","waterway":"river","length_km":3.7,"risk":null,"risk_type":null,"note":null,"note_th":null,"curated":false}},{"type":"Feature","geometry":{"type":"MultiLineString","coordinates":[[[100.859334,13.6894423],[100.8592451,13.6884063],[100.8586872,13.687072],[100.8587086,13.68309],[100.8573353,13.6798063],[100.8592987,13.6744063],[100.8594489,13.6730928],[100.8591726,13.6703823],[100.8579791,13.6694545],[100.8562303,13.6690219],[100.8555543,13.6678387],[100.8543017,13.6668952]],[[100.860782,13.6969942],[100.859334,13.6894423]]]},"properties":{"key":"Khlong Ka Long","name":"Khlong Ka Long","name_th":"คลองกาหลง","waterway":"river","length_km":3.7,"risk":null,"risk_type":null,"note":null,"note_th":null,"curated":false}},{"type":"Feature","geometry":{"type":"MultiLineString","coordinates":[[[100.2554893,13.7977409],[100.2557254,13.7974075],[100.2541987,13.7963546],[100.2531335,13.7923433],[100.251738,13.7898002],[100.2518828,13.7860465],[100.2516708,13.7842034],[100.252118,13.7796785],[100.2507561,13.7721565],[100.2505166,13.7683875],[100.2510933,13.7658798]]]},"properties":{"key":"คลองยาว","name":"คลองยาว","name_th":"คลองยาว","waterway":"canal","length_km":3.7,"risk":null,"risk_type":null,"note":null,"note_th":null,"curated":false}},{"type":"Feature","geometry":{"type":"MultiLineString","coordinates":[[[100.211551,13.7826071],[100.211416,13.781691],[100.211912,13.7817808],[100.2123033,13.7810387],[100.2128332,13.7809758],[100.2124204,13.7805449],[100.2130551,13.7794737],[100.2131444,13.7776872],[100.2129965,13.7773042],[100.2120229,13.7769511],[100.2114745,13.7760115],[100.2102421,13.7753591],[100.2098138,13.7709602],[100.208945,13.7684974],[100.2084389,13.7679011]],[[100.2034707,13.757695],[100.2024622,13.7552166]],[[100.2035259,13.7577979],[100.2034707,13.757695]],[[100.2038072,13.7591408],[100.2035259,13.7577979]],[[100.2038313,13.7592375],[100.2038072,13.7591408]],[[100.2039439,13.7596617],[100.2038313,13.7592375]],[[100.203982,13.7597537],[100.2039439,13.7596617]],[[100.2060864,13.7639638],[100.203982,13.7597537]],[[100.2061062,13.7640252],[100.2060864,13.7639638]],[[100.2083676,13.7678302],[100.2076016,13.765439],[100.2064123,13.765041],[100.2061062,13.7640252]],[[100.2084389,13.7679011],[100.2083676,13.7678302]]]},"properties":{"key":"คลองบางอ้อคอน","name":"คลองบางอ้อคอน","name_th":"คลองบางอ้อคอน","waterway":"stream","length_km":3.7,"risk":null,"risk_type":null,"note":null,"note_th":null,"curated":false}},{"type":"Feature","geometry":{"type":"MultiLineString","coordinates":[[[100.9362074,13.7838988],[100.9342532,13.7845134],[100.9307392,13.7843112],[100.9289271,13.7834967],[100.9255172,13.7830389],[100.9227681,13.7815806],[100.9218999,13.780372],[100.919338,13.774599],[100.9187345,13.7736119],[100.9177381,13.7728112],[100.9175318,13.7722101],[100.9178788,13.7711354],[100.9171665,13.7705397],[100.9173973,13.7702034],[100.9229105,13.7693289]],[[100.9230202,13.7693101],[100.923358,13.7692521]],[[100.9229105,13.7693289],[100.9230202,13.7693101]]]},"properties":{"key":"Khlong Jao","name":"Khlong Jao","name_th":"คลองเจ้า","waterway":"canal","length_km":3.7,"risk":null,"risk_type":null,"note":null,"note_th":null,"curated":false}},{"type":"Feature","geometry":{"type":"MultiLineString","coordinates":[[[100.5745309,13.9336716],[100.575564,13.936521],[100.5854143,13.9333637],[100.603528,13.9285384]],[[100.5739943,13.9320547],[100.5744766,13.9335065]],[[100.5744766,13.9335065],[100.5745309,13.9336716]]]},"properties":{"key":"Khu Nai Kim Sai 2","name":"Khu Nai Kim Sai 2","name_th":"คูนายกิมสาย 2","waterway":"canal","length_km":3.7,"risk":null,"risk_type":null,"note":null,"note_th":null,"curated":false}},{"type":"Feature","geometry":{"type":"MultiLineString","coordinates":[[[100.9443536,13.8098721],[100.9423858,13.806972],[100.9399918,13.8062138],[100.9392664,13.8039763],[100.9370543,13.8020113],[100.9362394,13.8006942],[100.9360115,13.7988666],[100.9368097,13.7940021],[100.9370791,13.7935854],[100.9376379,13.79344],[100.9396036,13.7934109],[100.940342,13.7915988],[100.9400726,13.7908333],[100.9384761,13.789244],[100.9377377,13.7872187],[100.9363308,13.7856682],[100.9361868,13.7850246],[100.9367039,13.7843702]]]},"properties":{"key":"คลองแพรกอ้ายโกง","name":"คลองแพรกอ้ายโกง","name_th":"คลองแพรกอ้ายโกง","waterway":"canal","length_km":3.7,"risk":null,"risk_type":null,"note":null,"note_th":null,"curated":false}},{"type":"Feature","geometry":{"type":"MultiLineString","coordinates":[[[100.5224759,13.7195834],[100.5173337,13.7181013],[100.5151261,13.718566]],[[100.514488,13.7187299],[100.512085,13.7193408]],[[100.5364257,13.7236806],[100.5341172,13.723024]],[[100.5439139,13.7259171],[100.5388261,13.7244252]],[[100.5388261,13.7244252],[100.5385638,13.7243365]],[[100.5339749,13.7229807],[100.5304968,13.7219496]],[[100.5341172,13.723024],[100.5339749,13.7229807]],[[100.5304968,13.7219496],[100.5300364,13.7218154]],[[100.5300364,13.7218154],[100.5279349,13.7212009]],[[100.5279349,13.7212009],[100.5277926,13.7211581]],[[100.5277926,13.7211581],[100.522619,13.7196256]],[[100.522559,13.7196079],[100.5224759,13.7195834]],[[100.522619,13.7196256],[100.522559,13.7196079]],[[100.5151261,13.718566],[100.5145631,13.7187106]],[[100.5145631,13.7187106],[100.514488,13.7187299]],[[100.5385638,13.7243365],[100.5366886,13.7237606]],[[100.5366886,13.7237606],[100.5364257,13.7236806]]]},"properties":{"key":"Khlong Sathon","name":"Khlong Sathon","name_th":"คลองสาทร","waterway":"canal","length_km":3.6,"risk":3,"risk_type":"tidal","note":"Runs between the Sathon roads to the river. Sandbagged during 2011; affected by high-tide backflow — mouth gates plus pumps.","note_th":"ไหลระหว่างถนนสาทรลงสู่แม่น้ำ ปี 2554 กอดกระสอบทรายกันไว้ ได้รับผลจากน้ำทะเลหนุนย้อน — ใช้ประตูปากคลองร่วมกับปั๊ม","curated":true}},{"type":"Feature","geometry":{"type":"MultiLineString","coordinates":[[[100.4606737,13.6940534],[100.4573244,13.6962516],[100.4562901,13.6963686],[100.4558624,13.6968536],[100.4458051,13.7018691],[100.4366068,13.7049645]],[[100.4363771,13.7050084],[100.4300184,13.7064484]],[[100.4366068,13.7049645],[100.4363771,13.7050084]]]},"properties":{"key":"Khlong Bang Prathun","name":"Khlong Bang Prathun","name_th":"คลองบางประทุน","waterway":"canal","length_km":3.6,"risk":null,"risk_type":null,"note":null,"note_th":null,"curated":false}},{"type":"Feature","geometry":{"type":"MultiLineString","coordinates":[[[100.8288106,13.8422724],[100.8293681,13.8416631],[100.8304326,13.8390219],[100.8336277,13.8358067],[100.8363874,13.8352895],[100.8391851,13.8339317],[100.8410205,13.8325714],[100.842133,13.8324119]],[[100.8558743,13.8375899],[100.8532285,13.8362679],[100.8476372,13.8357],[100.8461405,13.8352969],[100.842133,13.8324119]]]},"properties":{"key":"Khlong Lam Sai","name":"Khlong Lam Sai","name_th":"คลองลำไทร","waterway":"river","length_km":3.6,"risk":null,"risk_type":null,"note":null,"note_th":null,"curated":false}},{"type":"Feature","geometry":{"type":"MultiLineString","coordinates":[[[100.7057871,13.8211094],[100.7057482,13.8206485],[100.7047141,13.8193997],[100.7020363,13.8184825],[100.700567,13.8176034]],[[100.7130561,13.8458662],[100.7127119,13.843947],[100.7099676,13.8355545]],[[100.708738,13.833892],[100.7087856,13.8326898],[100.7078979,13.8303673],[100.7059302,13.8229748],[100.7057871,13.8211094]],[[100.7099676,13.8355545],[100.708738,13.833892]]]},"properties":{"key":"Khlong Kip Mu","name":"Khlong Kip Mu","name_th":"คลองกีบหมู","waterway":"river","length_km":3.6,"risk":null,"risk_type":null,"note":null,"note_th":null,"curated":false}},{"type":"Feature","geometry":{"type":"MultiLineString","coordinates":[[[100.7872884,13.8799501],[100.7938845,13.8619102],[100.7993825,13.8493583]]]},"properties":{"key":"Khlong Lat Ta Tia","name":"Khlong Lat Ta Tia","name_th":"คลองลัดตาเตี้ย","waterway":"canal","length_km":3.6,"risk":null,"risk_type":null,"note":null,"note_th":null,"curated":false}},{"type":"Feature","geometry":{"type":"MultiLineString","coordinates":[[[100.6284714,13.6861169],[100.6313728,13.6871414],[100.6315322,13.6878659],[100.6302464,13.6906593],[100.6278139,13.6976829],[100.6269311,13.6985897],[100.6261696,13.7003574],[100.6226892,13.6998724],[100.6227303,13.7019651],[100.6232319,13.7023325],[100.6232695,13.7030934]],[[100.6232695,13.7030934],[100.6224702,13.7037709],[100.6224082,13.705048]],[[100.6224082,13.705048],[100.6221483,13.7082009],[100.6213906,13.7102541]]]},"properties":{"key":"Khlong Ban Lai","name":"Khlong Ban Lai","name_th":"คลองบ้านหลาย","waterway":"canal","length_km":3.6,"risk":null,"risk_type":null,"note":null,"note_th":null,"curated":false}},{"type":"Feature","geometry":{"type":"MultiLineString","coordinates":[[[100.5763416,13.5659166],[100.5723852,13.5655479],[100.5694705,13.5664983],[100.5685645,13.5654937],[100.5673187,13.5652322],[100.5665684,13.5665671],[100.566087,13.566691],[100.5651527,13.5660167],[100.5628808,13.5654039]],[[100.5481365,13.5606492],[100.5483559,13.5609726],[100.5476127,13.5607593],[100.5475702,13.5612754],[100.5483771,13.5613786],[100.5487948,13.5620529],[100.5498424,13.5627961],[100.5618402,13.5656517],[100.5628808,13.5654039]]]},"properties":{"key":"Khlong Suan","name":"Khlong Suan","name_th":"คลองสวน","waterway":"canal","length_km":3.6,"risk":null,"risk_type":null,"note":null,"note_th":null,"curated":false}},{"type":"Feature","geometry":{"type":"MultiLineString","coordinates":[[[100.5063273,14.029246],[100.5089014,14.0270967],[100.5111258,14.0262226]],[[100.5366546,14.0232959],[100.5354808,14.0235376],[100.5349096,14.0232289],[100.5341461,14.0233538]],[[100.5341461,14.0233538],[100.5303138,14.0245951],[100.529816,14.0233044],[100.5293439,14.0230962],[100.528374,14.0239623],[100.5256157,14.0244226]],[[100.5173065,14.0251966],[100.5214217,14.024795],[100.5229066,14.0251447],[100.5245527,14.0245821]],[[100.5111258,14.0262226],[100.5126707,14.0257355]],[[100.5256157,14.0244226],[100.5245527,14.0245821]],[[100.5126707,14.0257355],[100.5173065,14.0251966]]]},"properties":{"key":"Khlong Bang Prok","name":"Khlong Bang Prok","name_th":"คลองบางปรอก","waterway":"canal","length_km":3.6,"risk":null,"risk_type":null,"note":null,"note_th":null,"curated":false}},{"type":"Feature","geometry":{"type":"MultiLineString","coordinates":[[[100.4445474,13.8925779],[100.4446767,13.8912411],[100.445136,13.8901387],[100.4447207,13.8892148],[100.4454851,13.8871064],[100.4462128,13.8863429],[100.4462789,13.8852977],[100.4470506,13.8842738],[100.4473278,13.8824182]],[[100.4473278,13.8824182],[100.4479473,13.8819656],[100.4478995,13.8811557],[100.4483663,13.8809809],[100.4490355,13.8790373],[100.4489933,13.8776025],[100.4481987,13.8777185],[100.4482688,13.8765719]],[[100.4433861,13.8980254],[100.4438938,13.8957131],[100.444662,13.8948655],[100.4445474,13.8925779]],[[100.4482688,13.8765719],[100.4481267,13.8752595],[100.4491003,13.8743794],[100.4486256,13.8736919]],[[100.4486256,13.8736919],[100.4466664,13.8725794],[100.445864,13.8705986]]]},"properties":{"key":"Khlong Bang Rak Yai","name":"Khlong Bang Rak Yai","name_th":"คลองบางรักใหญ่","waterway":"river","length_km":3.6,"risk":null,"risk_type":null,"note":null,"note_th":null,"curated":false}},{"type":"Feature","geometry":{"type":"MultiLineString","coordinates":[[[100.540994,13.6091478],[100.5345044,13.6040308],[100.5262916,13.598805]],[[100.5512728,13.6185647],[100.5505081,13.6164091],[100.5443338,13.6117381],[100.5443224,13.6113933],[100.5432753,13.6109596],[100.540994,13.6091478]]]},"properties":{"key":"Khlong Tha Kwian","name":"Khlong Tha Kwian","name_th":"คลองท่าเกวียน","waterway":"canal","length_km":3.6,"risk":null,"risk_type":null,"note":null,"note_th":null,"curated":false}},{"type":"Feature","geometry":{"type":"MultiLineString","coordinates":[[[100.2642966,13.5736285],[100.2657814,13.5729534],[100.2667513,13.5721178],[100.2681152,13.5720729],[100.2688262,13.5717567],[100.2694544,13.5703328],[100.2700316,13.5699766],[100.2709811,13.5703638],[100.2718523,13.5701456]],[[100.2489554,13.5606994],[100.2495353,13.5616963],[100.2515413,13.5637379],[100.252464,13.5679264],[100.2530737,13.5695132],[100.2546862,13.5716111],[100.2560034,13.5727839]],[[100.2560034,13.5727839],[100.2574228,13.5737606],[100.2594881,13.574382],[100.2612812,13.5744177],[100.2642966,13.5736285]]]},"properties":{"key":"คลองครุ #2","name":"คลองครุ","name_th":"คลองครุ","waterway":"canal","length_km":3.6,"risk":null,"risk_type":null,"note":null,"note_th":null,"curated":false}},{"type":"Feature","geometry":{"type":"MultiLineString","coordinates":[[[100.2835595,13.5887103],[100.3075007,13.5895376],[100.3089166,13.5970236],[100.3088782,13.5983661]]]},"properties":{"key":"คลองเจ็ดศอก","name":"คลองเจ็ดศอก","name_th":"คลองเจ็ดศอก","waterway":"canal","length_km":3.6,"risk":null,"risk_type":null,"note":null,"note_th":null,"curated":false}},{"type":"Feature","geometry":{"type":"MultiLineString","coordinates":[[[100.9153998,13.6583413],[100.9220731,13.6577262],[100.9284353,13.6580598],[100.9307957,13.657403],[100.934068,13.6580598],[100.9358275,13.6587583],[100.9376514,13.6588834],[100.941664,13.6572779],[100.9457302,13.6565064],[100.9467545,13.6542175]]]},"properties":{"key":"Khlong Krachaeng Toei","name":"Khlong Krachaeng Toei","name_th":"คลองกระแชงเตย","waterway":"river","length_km":3.6,"risk":null,"risk_type":null,"note":null,"note_th":null,"curated":false}},{"type":"Feature","geometry":{"type":"MultiLineString","coordinates":[[[100.8802343,13.7398588],[100.9041401,13.7177278]]]},"properties":{"key":"คลองหนึ่ง","name":"คลองหนึ่ง","name_th":"คลองหนึ่ง","waterway":"canal","length_km":3.6,"risk":null,"risk_type":null,"note":null,"note_th":null,"curated":false}},{"type":"Feature","geometry":{"type":"MultiLineString","coordinates":[[[100.5615896,13.9137996],[100.5640213,13.9127186],[100.5684724,13.9089301],[100.5749904,13.9050953],[100.5793478,13.9038146],[100.5875318,13.8993164]],[[100.5594331,13.9143234],[100.5615896,13.9137996]]]},"properties":{"key":"Khlong Ta Ut","name":"Khlong Ta Ut","name_th":"คลองตาอูฐ","waterway":"canal","length_km":3.5,"risk":null,"risk_type":null,"note":null,"note_th":null,"curated":false}},{"type":"Feature","geometry":{"type":"MultiLineString","coordinates":[[[100.5880649,13.7050974],[100.58789,13.7060172],[100.5867004,13.7073305],[100.5816203,13.7102464],[100.5619901,13.7185646],[100.5604299,13.7194569]]]},"properties":{"key":"Khlong Hua Lamphong","name":"Khlong Hua Lamphong","name_th":"คลองหัวลำโพง","waterway":"canal","length_km":3.5,"risk":null,"risk_type":null,"note":null,"note_th":null,"curated":false}},{"type":"Feature","geometry":{"type":"MultiLineString","coordinates":[[[100.8436479,13.7039834],[100.8387434,13.6921273],[100.8356213,13.6864253],[100.8329606,13.6807128],[100.8327245,13.6795765],[100.8334541,13.6752712]]]},"properties":{"key":"Khlong Phrayapetch","name":"Khlong Phrayapetch","name_th":"คลองพระยาเพชร","waterway":"canal","length_km":3.5,"risk":null,"risk_type":null,"note":null,"note_th":null,"curated":false}},{"type":"Feature","geometry":{"type":"MultiLineString","coordinates":[[[100.6615592,13.8309003],[100.661168,13.8255411],[100.6601465,13.8245331],[100.6601408,13.8237533]],[[100.6601408,13.8237533],[100.660756,13.8215915],[100.660963,13.8177899],[100.6629608,13.8125207],[100.6628258,13.8101185],[100.6631301,13.8097067],[100.6641307,13.8099806],[100.6666235,13.8050499]],[[100.6613797,13.8334488],[100.6615592,13.8309003]]]},"properties":{"key":"Khlong Nong Khaem","name":"Khlong Nong Khaem","name_th":"คลองหนองแขม","waterway":"canal","length_km":3.5,"risk":null,"risk_type":null,"note":null,"note_th":null,"curated":false}},{"type":"Feature","geometry":{"type":"MultiLineString","coordinates":[[[100.5634339,13.7736186],[100.563251,13.7700653],[100.5640209,13.7697841],[100.5629573,13.7667396],[100.5605366,13.7565374]],[[100.5605151,13.7562689],[100.5604136,13.7556052]],[[100.5605366,13.7565374],[100.5605151,13.7562689]],[[100.5710929,13.7801491],[100.5668323,13.7803545],[100.5660799,13.7768623],[100.5653084,13.7746883]],[[100.5634422,13.7737126],[100.5634339,13.7736186]],[[100.5653084,13.7746883],[100.5635568,13.77438],[100.5634422,13.7737126]]]},"properties":{"key":"Khlong Na Song","name":"Khlong Na Song","name_th":"คลองนาซอง","waterway":"canal","length_km":3.5,"risk":null,"risk_type":null,"note":null,"note_th":null,"curated":false}},{"type":"Feature","geometry":{"type":"MultiLineString","coordinates":[[[100.7797601,13.7685761],[100.7785939,13.7657582],[100.778492,13.7646255],[100.7798834,13.7622288],[100.7803788,13.760608],[100.7819527,13.7598966],[100.7822561,13.7595466],[100.7822039,13.7591115],[100.7787608,13.7553508],[100.775905,13.7506578],[100.7719757,13.7480311],[100.770811,13.7453184],[100.7689867,13.7455872]]]},"properties":{"key":"Khlong Lam Phutsa","name":"Khlong Lam Phutsa","name_th":"คลองลำพุทรา","waterway":"river","length_km":3.5,"risk":null,"risk_type":null,"note":null,"note_th":null,"curated":false}},{"type":"Feature","geometry":{"type":"MultiLineString","coordinates":[[[100.8274538,13.8552097],[100.8274042,13.8522689],[100.8292537,13.8506421],[100.830263,13.8483974],[100.8305663,13.8468381],[100.8288106,13.8422724],[100.8265879,13.839083],[100.8251471,13.8376365],[100.8249478,13.8355219],[100.8243903,13.8342307],[100.8236452,13.8302906],[100.8235209,13.8290228],[100.8238132,13.827594],[100.82359,13.826941]]]},"properties":{"key":"Khlong Chianradap","name":"Khlong Chianradap","name_th":"คลองเจียรดับ","waterway":"canal","length_km":3.5,"risk":null,"risk_type":null,"note":null,"note_th":null,"curated":false}},{"type":"Feature","geometry":{"type":"MultiLineString","coordinates":[[[100.4781654,13.6057986],[100.476478,13.606976],[100.4748483,13.6067493],[100.4736086,13.6059201],[100.4715757,13.6066942],[100.4713824,13.6064869],[100.4718689,13.6051751],[100.4707392,13.603996],[100.4698393,13.6045759],[100.4669235,13.605483],[100.4665833,13.6045694],[100.4657917,13.6040012]],[[100.4537407,13.6059901],[100.4544258,13.6056853],[100.454658,13.6050568],[100.4556555,13.6052741],[100.4558709,13.6049599],[100.4575671,13.6044008],[100.4602342,13.605372],[100.4614624,13.6050292],[100.4620156,13.6056754],[100.4631143,13.6061465],[100.4639644,13.6058258],[100.4652254,13.603881],[100.4657917,13.6040012]]]},"properties":{"key":"Khlong Na","name":"Khlong Na","name_th":"คลองนา","waterway":"river","length_km":3.5,"risk":null,"risk_type":null,"note":null,"note_th":null,"curated":false}},{"type":"Feature","geometry":{"type":"MultiLineString","coordinates":[[[100.9445961,14.0948036],[100.9434352,14.1259363]]]},"properties":{"key":"Khlong Sip Ha #2","name":"Khlong Sip Ha","name_th":"คลองสิบห้า","waterway":"canal","length_km":3.5,"risk":null,"risk_type":null,"note":null,"note_th":null,"curated":false}},{"type":"Feature","geometry":{"type":"MultiLineString","coordinates":[[[100.256273,14.1728899],[100.2553348,14.1790196],[100.2566764,14.1792275],[100.2594917,14.1904901],[100.2592957,14.1912504],[100.2606082,14.194698],[100.2604891,14.1959137],[100.2613543,14.2004766],[100.2608279,14.2019748]]]},"properties":{"key":"คลองยายกลิ้ง","name":"คลองยายกลิ้ง","name_th":"คลองยายกลิ้ง","waterway":"canal","length_km":3.5,"risk":null,"risk_type":null,"note":null,"note_th":null,"curated":false}},{"type":"Feature","geometry":{"type":"MultiLineString","coordinates":[[[100.2564955,13.8187838],[100.2520594,13.8188037],[100.2276601,13.8213749],[100.2241531,13.8213426]]]},"properties":{"key":"Klong Kud Mai","name":"Klong Kud Mai","name_th":"คลองขุดใหม่","waterway":"canal","length_km":3.5,"risk":null,"risk_type":null,"note":null,"note_th":null,"curated":false}},{"type":"Feature","geometry":{"type":"MultiLineString","coordinates":[[[100.4708098,13.5642264],[100.471389,13.5625971],[100.4730898,13.5622257],[100.4742991,13.5592234],[100.4743631,13.5529097],[100.4740272,13.5525832],[100.4730514,13.5526454],[100.4729074,13.552381],[100.4725087,13.5502971],[100.4729925,13.5485221],[100.4717324,13.5464545],[100.4729475,13.5451587],[100.4730761,13.5442812],[100.4718673,13.5421566],[100.4715166,13.5400782],[100.472003,13.5389455],[100.4732133,13.5383077]]]},"properties":{"key":"คลองผู้เฒ่า","name":"คลองผู้เฒ่า","name_th":"คลองผู้เฒ่า","waterway":"river","length_km":3.5,"risk":null,"risk_type":null,"note":null,"note_th":null,"curated":false}},{"type":"Feature","geometry":{"type":"MultiLineString","coordinates":[[[100.6024742,13.591857],[100.6012434,13.5903523],[100.6012273,13.5888714],[100.6006211,13.588423],[100.5998647,13.5866449],[100.6000313,13.586446],[100.6012809,13.5865615],[100.6007391,13.5848929],[100.601249,13.5842977],[100.6023863,13.5846888],[100.6031477,13.5862017],[100.6045693,13.5852527],[100.6046337,13.5845957],[100.6040007,13.5837406],[100.6042957,13.5833808],[100.6051648,13.5834746],[100.6053203,13.583193],[100.6038773,13.5804451],[100.6038237,13.5798245],[100.6033891,13.5798037],[100.6031692,13.5794543],[100.6040972,13.5777387],[100.604057,13.5765057]],[[100.604057,13.5765057],[100.6038176,13.5763819]],[[100.6038176,13.5763819],[100.601989,13.5751395],[100.6008437,13.5736377]]]},"properties":{"key":"Khlong Ta Khet","name":"Khlong Ta Khet","name_th":"คลองตาเค็ด","waterway":"canal","length_km":3.5,"risk":null,"risk_type":null,"note":null,"note_th":null,"curated":false}},{"type":"Feature","geometry":{"type":"MultiLineString","coordinates":[[[100.5731738,14.2256829],[100.5640298,14.2258855],[100.5540115,14.2238865],[100.548211,14.2239922],[100.5409113,14.2247677]]]},"properties":{"key":"P12 Irrigation Canal","name":"P12 Irrigation Canal","name_th":"คลองส่งน้ำโรงสูบน้ำที่ 12","waterway":"canal","length_km":3.5,"risk":null,"risk_type":null,"note":null,"note_th":null,"curated":false}},{"type":"Feature","geometry":{"type":"MultiLineString","coordinates":[[[100.4929037,13.7206577],[100.4931445,13.7128083],[100.49472,13.7104705],[100.4955173,13.7099007],[100.4984443,13.7051425]],[[100.4928754,13.7209089],[100.4928838,13.720837]],[[100.4928838,13.720837],[100.4929037,13.7206577]],[[100.4928166,13.7213116],[100.4928372,13.7211708]],[[100.4928372,13.7211708],[100.4928754,13.7209089]],[[100.4909046,13.7265261],[100.4928166,13.7213116]],[[100.4861807,13.7316659],[100.4869031,13.7315672],[100.4885205,13.7306498],[100.48954,13.7296744],[100.4899853,13.7291324],[100.4908346,13.7268014]],[[100.4908346,13.7268014],[100.4909046,13.7265261]]]},"properties":{"key":"Khlong Bang Sai Kai","name":"Khlong Bang Sai Kai","name_th":"คลองบางไส้ไก่","waterway":"canal","length_km":3.4,"risk":null,"risk_type":null,"note":null,"note_th":null,"curated":false}},{"type":"Feature","geometry":{"type":"MultiLineString","coordinates":[[[100.7099441,13.7167783],[100.7123585,13.7012745],[100.7110523,13.7012219],[100.7098746,13.695126]],[[100.708873,13.723956],[100.7099441,13.7167783]]]},"properties":{"key":"Khlong Ta Phuk","name":"Khlong Ta Phuk","name_th":"คลองตาพุก","waterway":"canal","length_km":3.4,"risk":null,"risk_type":null,"note":null,"note_th":null,"curated":false}},{"type":"Feature","geometry":{"type":"MultiLineString","coordinates":[[[100.5935531,13.6817693],[100.588784,13.6830743]],[[100.6103625,13.6841177],[100.6075812,13.682053],[100.6069058,13.6823655],[100.6035566,13.6807691]],[[100.6110418,13.6844037],[100.6103625,13.6841177]],[[100.6035566,13.6807691],[100.6030966,13.6806733]],[[100.6030966,13.6806733],[100.6002454,13.6798847],[100.5935531,13.6817693]],[[100.6179079,13.6869079],[100.6110418,13.6844037]]]},"properties":{"key":"Khlong Bang O","name":"Khlong Bang O","name_th":"คลองบางอ้อ","waterway":"canal","length_km":3.4,"risk":null,"risk_type":null,"note":null,"note_th":null,"curated":false}},{"type":"Feature","geometry":{"type":"MultiLineString","coordinates":[[[100.9542431,13.6125331],[100.9482321,13.6052349],[100.9437305,13.5986544],[100.9359556,13.588204]]]},"properties":{"key":"คลองเจ๊ก","name":"คลองเจ๊ก","name_th":"คลองเจ๊ก","waterway":"canal","length_km":3.4,"risk":null,"risk_type":null,"note":null,"note_th":null,"curated":false}},{"type":"Feature","geometry":{"type":"MultiLineString","coordinates":[[[100.4763619,13.7111825],[100.4794562,13.6981662],[100.480286,13.6964214],[100.480973,13.6958368],[100.4823208,13.6953728]],[[100.4823208,13.6953728],[100.4825018,13.6946685]],[[100.4729993,13.7224982],[100.4746491,13.7188894],[100.4763619,13.7111825]]]},"properties":{"key":"Khlong Bang Sakae","name":"Khlong Bang Sakae","name_th":"คลองบางสะแก","waterway":"canal","length_km":3.4,"risk":null,"risk_type":null,"note":null,"note_th":null,"curated":false}},{"type":"Feature","geometry":{"type":"MultiLineString","coordinates":[[[100.7306972,13.7168447],[100.7303467,13.7184903]],[[100.7303467,13.7184903],[100.7294001,13.7240218]],[[100.7265039,13.7022741],[100.7281273,13.7049488],[100.7290248,13.708776],[100.7315464,13.7146959],[100.7310664,13.7150586],[100.7308604,13.7157543],[100.7294001,13.7240218]]]},"properties":{"key":"Khlong Bua Loi","name":"Khlong Bua Loi","name_th":"คลองบัวลอย","waterway":"canal","length_km":3.4,"risk":null,"risk_type":null,"note":null,"note_th":null,"curated":false}},{"type":"Feature","geometry":{"type":"MultiLineString","coordinates":[[[100.7516994,13.9182579],[100.750856,13.9137133],[100.7478359,13.9123168],[100.7467817,13.9124673],[100.7452375,13.9132016],[100.7440159,13.9140022],[100.7429991,13.915189],[100.7419677,13.9155498],[100.7403395,13.9151991],[100.7366015,13.9152652],[100.7369889,13.9134307],[100.7382978,13.9138169],[100.7407008,13.9125973],[100.7424127,13.9123483],[100.7454768,13.9130878]]]},"properties":{"key":"Khlong Lam Kradan 1","name":"Khlong Lam Kradan 1","name_th":"คลองลำกระดาน 1","waterway":"canal","length_km":3.4,"risk":null,"risk_type":null,"note":null,"note_th":null,"curated":false}},{"type":"Feature","geometry":{"type":"MultiLineString","coordinates":[[[100.8878361,13.7989983],[100.8891733,13.7984669],[100.8905137,13.7984727],[100.8930566,13.7994067],[100.8950076,13.7997353],[100.8961927,13.8005984],[100.8972881,13.8023313],[100.8970952,13.803074],[100.8964613,13.8042247],[100.8932376,13.8075399],[100.8926951,13.8087749],[100.893786,13.8104065],[100.8936635,13.8117661],[100.8945386,13.8134146],[100.8973213,13.8168193],[100.8984064,13.8167627],[100.8994102,13.8159404]]]},"properties":{"key":"Khlong Hok Rong","name":"Khlong Hok Rong","name_th":"คลองหกโรง","waterway":"canal","length_km":3.4,"risk":null,"risk_type":null,"note":null,"note_th":null,"curated":false}},{"type":"Feature","geometry":{"type":"MultiLineString","coordinates":[[[100.4851284,13.8062622],[100.4885813,13.8070767],[100.4898923,13.8079554],[100.4913413,13.8096052]],[[100.4913413,13.8096052],[100.4979114,13.8164915],[100.5021369,13.819527]],[[100.4765507,13.8077039],[100.4783248,13.806798],[100.4797582,13.8065062],[100.481595,13.8062395],[100.4851284,13.8062622]]]},"properties":{"key":"Khlong Bang Kruai","name":"Khlong Bang Kruai","name_th":"คลองบางกรวย","waterway":"river","length_km":3.4,"risk":null,"risk_type":null,"note":null,"note_th":null,"curated":false}},{"type":"Feature","geometry":{"type":"MultiLineString","coordinates":[[[100.5002972,14.1124729],[100.5045994,14.1042964],[100.5062773,14.1016284],[100.511178,14.0908478],[100.5119687,14.0888651],[100.5117691,14.0841081]]]},"properties":{"key":"คลองชลประทาน #2","name":"คลองชลประทาน","name_th":"คลองชลประทาน","waterway":"canal","length_km":3.4,"risk":null,"risk_type":null,"note":null,"note_th":null,"curated":false}},{"type":"Feature","geometry":{"type":"MultiLineString","coordinates":[[[100.2584759,13.7769651],[100.2579501,13.7787016],[100.2577892,13.7830988],[100.2590901,13.7976368],[100.2601308,13.7988949],[100.2579367,13.8006896]],[[100.2624314,13.7750107],[100.2616543,13.7754062],[100.2610695,13.7752708],[100.2607557,13.7755651],[100.2602676,13.7753802],[100.2599216,13.7761591],[100.2585478,13.7768773]],[[100.2585478,13.7768773],[100.2584759,13.7769651]]]},"properties":{"key":"คลองคราม","name":"คลองคราม","name_th":"คลองคราม","waterway":"canal","length_km":3.4,"risk":null,"risk_type":null,"note":null,"note_th":null,"curated":false}},{"type":"Feature","geometry":{"type":"MultiLineString","coordinates":[[[100.9068728,13.7868997],[100.9029704,13.7852663],[100.8999611,13.7833872],[100.897766,13.780864],[100.8960787,13.7784059],[100.8930409,13.7760148],[100.8916256,13.7742785],[100.8887069,13.7715621],[100.884461,13.7692667],[100.8824262,13.7689506]]]},"properties":{"key":"คลองแยกลำต้อยติ่ง","name":"คลองแยกลำต้อยติ่ง","name_th":"คลองแยกลำต้อยติ่ง","waterway":"canal","length_km":3.4,"risk":null,"risk_type":null,"note":null,"note_th":null,"curated":false}},{"type":"Feature","geometry":{"type":"MultiLineString","coordinates":[[[100.7003061,13.6955128],[100.6989306,13.6955287],[100.6989142,13.6872395],[100.698075,13.680521]],[[100.6939235,13.7046514],[100.7005034,13.7021788],[100.7003061,13.6955128]]]},"properties":{"key":"Khlong Pak Lak","name":"Khlong Pak Lak","name_th":"คลองปักหลัก","waterway":"canal","length_km":3.3,"risk":null,"risk_type":null,"note":null,"note_th":null,"curated":false}},{"type":"Feature","geometry":{"type":"MultiLineString","coordinates":[[[100.6063747,13.849055],[100.6021841,13.8467738],[100.5950599,13.8455448],[100.5897442,13.843833]],[[100.618927,13.8484943],[100.6141204,13.8490865],[100.6063747,13.849055]]]},"properties":{"key":"Khlong Lum Phai","name":"Khlong Lum Phai","name_th":"คลองหลุมไผ่","waterway":"canal","length_km":3.3,"risk":null,"risk_type":null,"note":null,"note_th":null,"curated":false}},{"type":"Feature","geometry":{"type":"MultiLineString","coordinates":[[[100.6646719,13.7752671],[100.6687826,13.766574],[100.6693302,13.7629688],[100.6696534,13.7563395],[100.6721954,13.7548577],[100.6789364,13.7520663]]]},"properties":{"key":"Khlong Ban Ma","name":"Khlong Ban Ma","name_th":"คลองบ้านม้า","waterway":"canal","length_km":3.3,"risk":null,"risk_type":null,"note":null,"note_th":null,"curated":false}},{"type":"Feature","geometry":{"type":"MultiLineString","coordinates":[[[100.8740133,13.7981621],[100.8719748,13.7970733],[100.8701563,13.7950624],[100.8690566,13.7942601],[100.8676457,13.7940934],[100.8655751,13.7945362],[100.8628392,13.7925825],[100.8613747,13.7897693],[100.8594543,13.7869143],[100.8589983,13.7859713],[100.8585691,13.7833116],[100.8571623,13.7811261],[100.8547631,13.7802273],[100.8539048,13.7792166]]]},"properties":{"key":"Khlong Lam Mot Tanoi","name":"Khlong Lam Mot Tanoi","name_th":"คลองลำมดตะนอย","waterway":"river","length_km":3.3,"risk":null,"risk_type":null,"note":null,"note_th":null,"curated":false}},{"type":"Feature","geometry":{"type":"MultiLineString","coordinates":[[[100.4444351,13.553714],[100.4416364,13.5524935],[100.4182155,13.5396559],[100.4178878,13.5397129],[100.4178619,13.5401783]]]},"properties":{"key":"Khlong Sam #3","name":"Khlong Sam","name_th":"คลองสาม","waterway":"canal","length_km":3.3,"risk":null,"risk_type":null,"note":null,"note_th":null,"curated":false}},{"type":"Feature","geometry":{"type":"MultiLineString","coordinates":[[[100.8579215,13.7209354],[100.8587074,13.7274703],[100.8636105,13.7348232],[100.8659172,13.7392942],[100.8681971,13.7451616],[100.8694041,13.746605],[100.8695968,13.7475746]]]},"properties":{"key":"คลองลำชะร่า","name":"คลองลำชะร่า","name_th":"คลองลำชะร่า","waterway":"canal","length_km":3.3,"risk":null,"risk_type":null,"note":null,"note_th":null,"curated":false}},{"type":"Feature","geometry":{"type":"MultiLineString","coordinates":[[[100.8924934,13.9272976],[100.8835183,13.9283754],[100.8820933,13.9281349],[100.8800891,13.9283926],[100.8781719,13.9293021],[100.8770913,13.9293848],[100.8756669,13.9302081],[100.874139,13.9304451],[100.8705884,13.9300379],[100.8678206,13.9288527],[100.8631077,13.929112]]]},"properties":{"key":"Khlong Na Mon","name":"Khlong Na Mon","name_th":"คลองนาหมอน","waterway":"canal","length_km":3.3,"risk":null,"risk_type":null,"note":null,"note_th":null,"curated":false}},{"type":"Feature","geometry":{"type":"MultiLineString","coordinates":[[[100.5275153,13.6684248],[100.5278675,13.6713353],[100.5289502,13.6731105]],[[100.5301482,13.6506813],[100.530091,13.6490324],[100.5304885,13.6483652],[100.5340518,13.6487155]],[[100.5275153,13.6684248],[100.5287098,13.6649227]],[[100.5287098,13.6649227],[100.5310336,13.6579015],[100.5299924,13.6566966],[100.5302551,13.6555275],[100.5301482,13.6506813]]]},"properties":{"key":"Khlong Lat Luang","name":"Khlong Lat Luang","name_th":"คลองลัดหลวง","waterway":"canal","length_km":3.3,"risk":null,"risk_type":null,"note":null,"note_th":null,"curated":false}},{"type":"Feature","geometry":{"type":"MultiLineString","coordinates":[[[100.6290516,13.6287687],[100.6342569,13.6382372],[100.6418421,13.6480336],[100.642352,13.6481651]],[[100.642352,13.6481651],[100.6479629,13.6466415]]]},"properties":{"key":"Khlong Krathum","name":"Khlong Krathum","name_th":"คลองกระทุ่ม","waterway":"canal","length_km":3.3,"risk":null,"risk_type":null,"note":null,"note_th":null,"curated":false}},{"type":"Feature","geometry":{"type":"MultiLineString","coordinates":[[[100.2903014,13.7238655],[100.2898875,13.7232778],[100.2900996,13.722775],[100.2815832,13.7181743],[100.2784827,13.7154874],[100.2776756,13.7146022],[100.2775814,13.7134962],[100.2763279,13.7115317],[100.2764124,13.7093551],[100.2767785,13.7079534],[100.2721264,13.7047125],[100.2712839,13.7046112]]]},"properties":{"key":"Khlong Omyai #2","name":"Khlong Omyai","name_th":"คลองอ้อมใหญ่","waterway":"canal","length_km":3.3,"risk":null,"risk_type":null,"note":null,"note_th":null,"curated":false}},{"type":"Feature","geometry":{"type":"MultiLineString","coordinates":[[[100.8346706,13.7678883],[100.8353209,13.7696242],[100.8387696,13.7722062],[100.8392965,13.7743578],[100.8414371,13.780065],[100.8412574,13.786996],[100.8363035,13.7908934],[100.8353347,13.7923802]]]},"properties":{"key":"คลองลำเกาะเลา","name":"คลองลำเกาะเลา","name_th":"คลองลำเกาะเลา","waterway":"canal","length_km":3.3,"risk":null,"risk_type":null,"note":null,"note_th":null,"curated":false}},{"type":"Feature","geometry":{"type":"MultiLineString","coordinates":[[[100.2666652,13.7440138],[100.2665379,13.7433463],[100.2660982,13.7429601],[100.2661373,13.7424433],[100.266592,13.7424817],[100.2666665,13.7419632],[100.2670515,13.7419726],[100.2673777,13.7410669],[100.2681142,13.7407913],[100.2700914,13.7379235],[100.2704938,13.7365669],[100.2704809,13.7333746],[100.2723705,13.7265956],[100.2729614,13.723207],[100.272596,13.7214202],[100.2729606,13.7203993],[100.2726591,13.7178171],[100.2730219,13.7177587],[100.2730148,13.7173519]]]},"properties":{"key":"คลองบางพร้าว","name":"คลองบางพร้าว","name_th":"คลองบางพร้าว","waterway":"canal","length_km":3.3,"risk":null,"risk_type":null,"note":null,"note_th":null,"curated":false}},{"type":"Feature","geometry":{"type":"MultiLineString","coordinates":[[[100.4800766,13.7167978],[100.4834657,13.7060614],[100.4854741,13.7057519],[100.4858899,13.7059112]],[[100.4785426,13.7227663],[100.4800766,13.7167978]],[[100.4863494,13.7058531],[100.4903294,13.7049718],[100.4939676,13.7024652]],[[100.4858899,13.7059112],[100.4863494,13.7058531]]]},"properties":{"key":"Khlong Bang Nam Chon","name":"Khlong Bang Nam Chon","name_th":"คลองบางน้ำชน","waterway":"canal","length_km":3.2,"risk":null,"risk_type":null,"note":null,"note_th":null,"curated":false}},{"type":"Feature","geometry":{"type":"MultiLineString","coordinates":[[[100.6737153,13.7945967],[100.6744652,13.7905555],[100.6750196,13.7890652],[100.6765542,13.7866425]],[[100.6649055,13.8045374],[100.668665,13.8056123],[100.6697092,13.8025396],[100.6735433,13.796209],[100.6737153,13.7945967]],[[100.6765542,13.7866425],[100.678635,13.7829588]]]},"properties":{"key":"Khlong Rahat","name":"Khlong Rahat","name_th":"คลองระหัส","waterway":"canal","length_km":3.2,"risk":null,"risk_type":null,"note":null,"note_th":null,"curated":false}},{"type":"Feature","geometry":{"type":"MultiLineString","coordinates":[[[100.8291625,13.8075923],[100.8306769,13.8069923],[100.8312992,13.8060885],[100.831378,13.8046775],[100.8302236,13.8015458],[100.8279411,13.8009649],[100.8261225,13.800009],[100.8240304,13.7995141],[100.8229065,13.7996964],[100.8219861,13.8005039],[100.8213768,13.8006476]],[[100.8290425,13.80803],[100.8291625,13.8075923]],[[100.8338898,13.8177079],[100.8326228,13.8161284],[100.8316345,13.8133581],[100.8291695,13.8097324],[100.8289013,13.8088859],[100.8290425,13.80803]]]},"properties":{"key":"คลองลำควายชน","name":"คลองลำควายชน","name_th":"คลองลำควายชน","waterway":"river","length_km":3.2,"risk":null,"risk_type":null,"note":null,"note_th":null,"curated":false}},{"type":"Feature","geometry":{"type":"MultiLineString","coordinates":[[[100.8559728,13.754762],[100.8487415,13.7557677],[100.845083,13.7559448],[100.8435058,13.7553925],[100.8426448,13.7531984]],[[100.8559728,13.754762],[100.8580944,13.7545197],[100.8587837,13.7530998],[100.8606183,13.7506508],[100.8621311,13.749765],[100.8633006,13.7496712],[100.8642447,13.7500985],[100.8659184,13.7518389],[100.8670088,13.7518056]]]},"properties":{"key":"Khlong Lum Bua","name":"Khlong Lum Bua","name_th":"คลองหลุมบัว","waterway":"river","length_km":3.2,"risk":null,"risk_type":null,"note":null,"note_th":null,"curated":false}},{"type":"Feature","geometry":{"type":"MultiLineString","coordinates":[[[100.3525637,13.752092],[100.3480578,13.7512014],[100.3444634,13.7493027],[100.3410742,13.7490945],[100.3345221,13.7477961],[100.3311107,13.7475488],[100.3262931,13.7467268],[100.3236402,13.7459387]]]},"properties":{"key":"คลองปทุม","name":"คลองปทุม","name_th":"คลองปทุม","waterway":"canal","length_km":3.2,"risk":null,"risk_type":null,"note":null,"note_th":null,"curated":false}},{"type":"Feature","geometry":{"type":"MultiLineString","coordinates":[[[100.8454298,13.7032974],[100.8516664,13.7185703],[100.8540526,13.7302285]]]},"properties":{"key":"คลองวัดขุมทอง","name":"คลองวัดขุมทอง","name_th":"คลองวัดขุมทอง","waterway":"canal","length_km":3.2,"risk":null,"risk_type":null,"note":null,"note_th":null,"curated":false}},{"type":"Feature","geometry":{"type":"MultiLineString","coordinates":[[[100.4849925,13.885673],[100.4869454,13.8849181],[100.488081,13.8838731],[100.4880276,13.8836527],[100.488762,13.8835133],[100.4896826,13.8824393],[100.4900524,13.8826389],[100.4899561,13.8822597],[100.4905057,13.8814359],[100.4904279,13.8809933],[100.4908973,13.8804803],[100.4911924,13.8793476],[100.4936871,13.8784632]],[[100.4936871,13.8784632],[100.4953836,13.8772974],[100.4955178,13.8768544]],[[100.5058434,13.8709465],[100.5056135,13.8711365],[100.5058324,13.8720984],[100.4980194,13.8753373],[100.4970115,13.8753649],[100.4958446,13.8763158]],[[100.4955178,13.8768544],[100.4958446,13.8763158]]]},"properties":{"key":"Khlong Bang Thorani","name":"Khlong Bang Thorani","name_th":"คลองบางธรณี","waterway":"river","length_km":3.2,"risk":null,"risk_type":null,"note":null,"note_th":null,"curated":false}},{"type":"Feature","geometry":{"type":"MultiLineString","coordinates":[[[100.4948509,13.867894],[100.4886197,13.8691905],[100.4878709,13.8695887],[100.4874561,13.8703608],[100.4869761,13.8703096],[100.4853901,13.8711692],[100.4845761,13.8712024],[100.4843306,13.8716714],[100.4837776,13.8715281],[100.4830428,13.87197],[100.4826467,13.8713833],[100.4822583,13.8717966],[100.481449,13.8712054],[100.4808897,13.8717031],[100.479894,13.8709988],[100.478297,13.8712914],[100.4763524,13.8711801]],[[100.5022775,13.8660252],[100.5005827,13.866226],[100.4974987,13.867085],[100.4969973,13.8675151],[100.4956495,13.8677186]],[[100.4956495,13.8677186],[100.4948509,13.867894]]]},"properties":{"key":"Khlong Bang Kraso","name":"Khlong Bang Kraso","name_th":"คลองบางกระสอ","waterway":"canal","length_km":3.2,"risk":null,"risk_type":null,"note":null,"note_th":null,"curated":false}},{"type":"Feature","geometry":{"type":"MultiLineString","coordinates":[[[100.3480953,13.8246869],[100.3437006,13.8247983],[100.3422239,13.8252451],[100.3399816,13.8253813],[100.3325906,13.8252388],[100.3283503,13.8255332],[100.3191745,13.822545]]]},"properties":{"key":"Khlong Khut Mai #2","name":"Khlong Khut Mai","name_th":"คลองขุดใหม่","waterway":"canal","length_km":3.2,"risk":null,"risk_type":null,"note":null,"note_th":null,"curated":false}},{"type":"Feature","geometry":{"type":"MultiLineString","coordinates":[[[100.3555631,13.8414018],[100.3555479,13.8375882],[100.3565991,13.8202604],[100.3578758,13.8165984],[100.3586928,13.8154501]],[[100.3586928,13.8154501],[100.3589219,13.8151294]],[[100.3589219,13.8151294],[100.3597818,13.813073]]]},"properties":{"key":"Khlong Khun Chen","name":"Khlong Khun Chen","name_th":"คลองขุนเจน","waterway":"canal","length_km":3.2,"risk":null,"risk_type":null,"note":null,"note_th":null,"curated":false}},{"type":"Feature","geometry":{"type":"MultiLineString","coordinates":[[[100.2932111,13.6554841],[100.3029029,13.6574681],[100.3076562,13.6588019],[100.3064391,13.6682576]],[[100.2929974,13.6554177],[100.2898625,13.6548921],[100.2884374,13.6552108]]]},"properties":{"key":"คลองอ่อนใจ","name":"คลองอ่อนใจ","name_th":"คลองอ่อนใจ","waterway":"canal","length_km":3.2,"risk":null,"risk_type":null,"note":null,"note_th":null,"curated":false}},{"type":"Feature","geometry":{"type":"MultiLineString","coordinates":[[[100.3941661,13.558235],[100.3939623,13.5574927],[100.3942079,13.5560521],[100.3947531,13.5555454],[100.3946241,13.5549143],[100.3951604,13.5545763],[100.3954231,13.553699],[100.3972875,13.5530199],[100.3988117,13.5532262],[100.3994579,13.5527291],[100.400335,13.5530527],[100.401298,13.5528493],[100.4017424,13.5532323],[100.4025032,13.5531029],[100.4033262,13.5534616],[100.4043185,13.5550555],[100.4050395,13.5550382],[100.4054533,13.5545994],[100.4065332,13.5544109],[100.4073551,13.5548163],[100.4086748,13.5545891],[100.4118942,13.555475],[100.4124423,13.5571617],[100.4130661,13.557114],[100.4136038,13.557471],[100.4142076,13.5569064],[100.4152008,13.5571375]]]},"properties":{"key":"Khlong Ta Maen","name":"Khlong Ta Maen","name_th":"คลองตาแม้น","waterway":"river","length_km":3.2,"risk":null,"risk_type":null,"note":null,"note_th":null,"curated":false}},{"type":"Feature","geometry":{"type":"MultiLineString","coordinates":[[[100.4803535,14.0893946],[100.4825516,14.0880325],[100.484724,14.0871586],[100.493012,14.0850661],[100.4939737,14.0784211],[100.49431,14.0781616],[100.4969616,14.0780024],[100.4985146,14.076957],[100.49929,14.0761128],[100.5001802,14.0740725],[100.500283,14.0730786]]]},"properties":{"key":"คลองขุด","name":"คลองขุด","name_th":"คลองขุด","waterway":"canal","length_km":3.2,"risk":null,"risk_type":null,"note":null,"note_th":null,"curated":false}},{"type":"Feature","geometry":{"type":"MultiLineString","coordinates":[[[100.9006959,13.5974646],[100.9010025,13.6008827],[100.900355,13.6016165],[100.8989949,13.604865],[100.8976918,13.6065837],[100.8942532,13.6095973],[100.8934057,13.6109321],[100.892601,13.6131531]],[[100.9070151,13.5927769],[100.9012198,13.5934928],[100.9008443,13.5940038],[100.9006959,13.5974646]]]},"properties":{"key":"คลองไข่นก","name":"คลองไข่นก","name_th":"คลองไข่นก","waterway":"canal","length_km":3.2,"risk":null,"risk_type":null,"note":null,"note_th":null,"curated":false}},{"type":"Feature","geometry":{"type":"MultiLineString","coordinates":[[[100.8578435,13.7412807],[100.8547112,13.7418447],[100.852021,13.7427089],[100.8499594,13.7414825],[100.8496771,13.7405355],[100.8501831,13.7380465],[100.8502897,13.7314383],[100.8509609,13.7297099],[100.8527714,13.7303334],[100.854404,13.7301556],[100.856735,13.7289813],[100.8580834,13.7278351],[100.8588952,13.7278507]]]},"properties":{"key":"Lam Chara","name":"Lam Chara","name_th":"ลำชะร่า","waterway":"canal","length_km":3.2,"risk":null,"risk_type":null,"note":null,"note_th":null,"curated":false}},{"type":"Feature","geometry":{"type":"MultiLineString","coordinates":[[[100.8063953,13.8443623],[100.8076854,13.8394276],[100.8079564,13.8373227],[100.8057555,13.8296587],[100.8056009,13.8273314],[100.8058639,13.8261096]],[[100.8084222,13.8533987],[100.8084938,13.8509495],[100.8075142,13.8479208],[100.8065159,13.8459683],[100.8063953,13.8443623]]]},"properties":{"key":"Khlong Lam Hin #2","name":"Khlong Lam Hin","name_th":"คลองลำหิน","waterway":"canal","length_km":3.1,"risk":null,"risk_type":null,"note":null,"note_th":null,"curated":false}},{"type":"Feature","geometry":{"type":"MultiLineString","coordinates":[[[100.470277,13.7430875],[100.4740932,13.7436753],[100.4754579,13.7446425],[100.4770266,13.7440231],[100.4782085,13.7463741],[100.4801394,13.7459655]],[[100.4801394,13.7459655],[100.4820604,13.746085],[100.484289,13.7468072]],[[100.4619713,13.7443884],[100.462843,13.7442344],[100.4644515,13.7433207],[100.4652286,13.7433558],[100.4665144,13.7429225],[100.470277,13.7430875]],[[100.484289,13.7468072],[100.4882075,13.7481302]]]},"properties":{"key":"Khlong Mon","name":"Khlong Mon","name_th":"คลองมอญ","waterway":"canal","length_km":3.1,"risk":2,"risk_type":"tidal","note":"Mon-community canal network in Bangkok Noi; tidal flooding at high water and 2011 seepage.","note_th":"เครือข่ายคลองชุมชนมอญในบางกอกน้อย น้ำท่วมตามน้ำขึ้นและน้ำซึมผ่านในปี 2554","curated":true}},{"type":"Feature","geometry":{"type":"MultiLineString","coordinates":[[[100.4301289,13.8322427],[100.428584,13.8304544],[100.4267606,13.8298583],[100.4257521,13.8286706],[100.4237023,13.8279281],[100.4216698,13.8262954],[100.4195559,13.825276]],[[100.4195559,13.825276],[100.4140839,13.819203],[100.4110799,13.8167599],[100.4080586,13.814928]]]},"properties":{"key":"Khlong Bang Khu Wiang #2","name":"Khlong Bang Khu Wiang","name_th":"คลองบางคูเวียง","waterway":"canal","length_km":3.1,"risk":null,"risk_type":null,"note":null,"note_th":null,"curated":false}},{"type":"Feature","geometry":{"type":"MultiLineString","coordinates":[[[100.6531285,13.8863392],[100.6541361,13.8854862],[100.655346,13.8854754],[100.6559544,13.8817319],[100.6567554,13.8808747],[100.6582137,13.8800116],[100.6613925,13.8788469],[100.6637584,13.8791898],[100.6644617,13.8797071],[100.6647966,13.8810355],[100.6671107,13.8802847],[100.6684017,13.8803379],[100.6693791,13.8810917],[100.6725122,13.8796581],[100.6731578,13.8808138],[100.6738156,13.8810118]]]},"properties":{"key":"Khlong Nong Bua Mon","name":"Khlong Nong Bua Mon","name_th":"คลองหนองบัวมน","waterway":"canal","length_km":3.1,"risk":null,"risk_type":null,"note":null,"note_th":null,"curated":false}},{"type":"Feature","geometry":{"type":"MultiLineString","coordinates":[[[100.6402663,13.8587298],[100.6453454,13.8592092],[100.6545303,13.8609591],[100.6568827,13.8557268],[100.6572587,13.8542447],[100.6576875,13.8540721],[100.6584341,13.8528596],[100.6581297,13.851468],[100.6582444,13.8502476],[100.6588596,13.848492]]]},"properties":{"key":"Khlong Chorakhe Bua","name":"Khlong Chorakhe Bua","name_th":"คลองจระเข้บัว","waterway":"canal","length_km":3.1,"risk":null,"risk_type":null,"note":null,"note_th":null,"curated":false}},{"type":"Feature","geometry":{"type":"MultiLineString","coordinates":[[[100.4884094,13.6153973],[100.4883181,13.6118907],[100.4902278,13.6082723],[100.4910969,13.6060095],[100.4926525,13.6013899],[100.4926418,13.6005453],[100.4923513,13.5991921],[100.4916762,13.5978548],[100.4897772,13.5970936],[100.4888331,13.5953625],[100.4855119,13.5908665]]]},"properties":{"key":"คลองรางขวาง","name":"คลองรางขวาง","name_th":"คลองรางขวาง","waterway":"river","length_km":3.1,"risk":null,"risk_type":null,"note":null,"note_th":null,"curated":false}},{"type":"Feature","geometry":{"type":"MultiLineString","coordinates":[[[100.690315,13.9011603],[100.6941187,13.9044811],[100.6964021,13.9072546],[100.6990062,13.9073503],[100.7015606,13.9093169],[100.702695,13.9104232],[100.7050751,13.9136853],[100.7084697,13.9168419],[100.711779,13.9169274]]]},"properties":{"key":"Khlong Nong Rahaeng","name":"Khlong Nong Rahaeng","name_th":"คลองหนองระแหง","waterway":"canal","length_km":3.1,"risk":null,"risk_type":null,"note":null,"note_th":null,"curated":false}},{"type":"Feature","geometry":{"type":"MultiLineString","coordinates":[[[100.5822161,14.2337499],[100.581336,14.2318504],[100.5811318,14.2305824],[100.5794829,14.2276389],[100.5789219,14.225997]],[[100.5789219,14.225997],[100.5781921,14.2252621],[100.576898,14.2222968]],[[100.5808347,14.2377574],[100.5817437,14.2370449],[100.5822161,14.2337499]],[[100.576898,14.2222968],[100.5724031,14.2150807],[100.5712885,14.2141965],[100.5701262,14.2139065]]]},"properties":{"key":"Khlong Ban Len","name":"Khlong Ban Len","name_th":"คลองบ้านเลน","waterway":"river","length_km":3.1,"risk":null,"risk_type":null,"note":null,"note_th":null,"curated":false}},{"type":"Feature","geometry":{"type":"MultiLineString","coordinates":[[[100.5383164,13.9517445],[100.5394084,13.9502726],[100.5397929,13.9502458],[100.5403443,13.9495152],[100.5401684,13.9488224],[100.5406115,13.9482652],[100.5414737,13.9472979],[100.5427652,13.9468026],[100.5437221,13.9458989],[100.5439308,13.9445736],[100.5451791,13.943459],[100.5469603,13.943454],[100.5494225,13.94247],[100.5515089,13.9407497]],[[100.5525796,13.9390212],[100.5530219,13.9350898],[100.5535741,13.9336081],[100.55362,13.9325467]],[[100.5515089,13.9407497],[100.5524503,13.9399288],[100.5525796,13.9390212]]]},"properties":{"key":"Khlong Ban Kao","name":"Khlong Ban Kao","name_th":"คลองบ้านเก่า","waterway":"river","length_km":3.1,"risk":null,"risk_type":null,"note":null,"note_th":null,"curated":false}},{"type":"Feature","geometry":{"type":"MultiLineString","coordinates":[[[100.3139292,13.9772562],[100.318321,13.9851707]],[[100.318321,13.9851707],[100.3274535,14.0019206]]]},"properties":{"key":"Khlong Ha Roi","name":"Khlong Ha Roi","name_th":"คลองห้าร้อย","waterway":"canal","length_km":3.1,"risk":null,"risk_type":null,"note":null,"note_th":null,"curated":false}},{"type":"Feature","geometry":{"type":"MultiLineString","coordinates":[[[100.274416,14.0272647],[100.2721131,14.028692],[100.2614568,14.0380534],[100.2597599,14.039847],[100.2579111,14.0408975],[100.2551974,14.0432739],[100.252718,14.044818]]]},"properties":{"key":"Klong Samian Tra","name":"Klong Samian Tra","name_th":"คลองเสมียรตรา","waterway":"canal","length_km":3.1,"risk":null,"risk_type":null,"note":null,"note_th":null,"curated":false}},{"type":"Feature","geometry":{"type":"MultiLineString","coordinates":[[[100.2992938,13.7449013],[100.3007021,13.745231],[100.3024143,13.7445625],[100.3051797,13.7420025],[100.3081257,13.7402293],[100.3096699,13.739573],[100.3109625,13.7394507],[100.3169425,13.7414258],[100.3203128,13.7438653],[100.3222684,13.7457035],[100.3234619,13.7462832]]]},"properties":{"key":"คลองฉาง 2","name":"คลองฉาง 2","name_th":"คลองฉาง 2","waterway":"canal","length_km":3.1,"risk":null,"risk_type":null,"note":null,"note_th":null,"curated":false}},{"type":"Feature","geometry":{"type":"MultiLineString","coordinates":[[[100.4743026,13.6366485],[100.4710116,13.6362174],[100.4676213,13.636624],[100.4674389,13.6362278],[100.4677286,13.6356127],[100.4668489,13.6348724],[100.4588063,13.6327767],[100.4573227,13.6321133],[100.4554032,13.6325538],[100.4522469,13.632516],[100.4487442,13.6314866]]]},"properties":{"key":"Khlong Rang Pho","name":"Khlong Rang Pho","name_th":"คลองรางโพธิ์","waterway":"river","length_km":3,"risk":null,"risk_type":null,"note":null,"note_th":null,"curated":false}},{"type":"Feature","geometry":{"type":"MultiLineString","coordinates":[[[100.3985495,13.5700707],[100.3993248,13.5695317],[100.400037,13.5695717],[100.4004341,13.568828],[100.4029775,13.5673807],[100.4063103,13.5663408],[100.407254,13.5654766],[100.4079436,13.565254],[100.4087721,13.5652624],[100.4105133,13.5658805],[100.4123461,13.5676278],[100.4142236,13.5683657],[100.419128,13.5689904],[100.4213801,13.5685724],[100.4223781,13.5687172],[100.4235315,13.5682958]]]},"properties":{"key":"Klonh Po Pho","name":"Klonh Po Pho","name_th":"คลองเกาะโพธิ์","waterway":"river","length_km":3,"risk":null,"risk_type":null,"note":null,"note_th":null,"curated":false}},{"type":"Feature","geometry":{"type":"MultiLineString","coordinates":[[[100.4488011,13.6295266],[100.4491678,13.6254449],[100.4501462,13.6220084],[100.4494544,13.6213867],[100.4502635,13.6213255],[100.449677,13.6205411],[100.4500919,13.6193889],[100.4501974,13.6168056],[100.4506373,13.6158284],[100.4512517,13.6156252],[100.4514669,13.6151809],[100.4511684,13.6140962],[100.4514968,13.6114965],[100.4513079,13.6110897],[100.4531575,13.6060518],[100.4537407,13.6059901]]]},"properties":{"key":"คลองหัวกระบือ","name":"คลองหัวกระบือ","name_th":"คลองหัวกระบือ","waterway":"river","length_km":3,"risk":null,"risk_type":null,"note":null,"note_th":null,"curated":false}},{"type":"Feature","geometry":{"type":"MultiLineString","coordinates":[[[100.6288143,13.8402548],[100.6294172,13.8394706],[100.6307012,13.8394789],[100.6308814,13.8342556],[100.631484,13.8339226]],[[100.6308503,13.832489],[100.6306145,13.830629]],[[100.6285979,13.8426275],[100.6291491,13.8411427],[100.6288143,13.8402548]],[[100.6306145,13.830629],[100.6306671,13.8297398]],[[100.6311567,13.8332488],[100.6308965,13.8326029]],[[100.6312166,13.8333851],[100.6311567,13.8332488]],[[100.6308965,13.8326029],[100.6308503,13.832489]],[[100.631484,13.8339226],[100.6312166,13.8333851]],[[100.6306342,13.8293379],[100.6298188,13.8290567],[100.6286717,13.8255447]],[[100.6284638,13.8250526],[100.6265536,13.8214193],[100.6259787,13.8192273]],[[100.6286717,13.8255447],[100.6284638,13.8250526]],[[100.6306671,13.8297398],[100.6306342,13.8293379]]]},"properties":{"key":"Khlong Khi Suea Yai","name":"Khlong Khi Suea Yai","name_th":"คลองขี้เสือใหญ่","waterway":"canal","length_km":3,"risk":3,"risk_type":"riverine","note":"Nong Chok agricultural lowland. Eastern Bangkok is deliberately used as flood detention in extreme years such as 2011.","note_th":"พื้นที่เกษตรที่ลุ่มหนองจอก กรุงเทพฯ ฝั่งตะวันออกถูกใช้เป็นพื้นที่รับน้ำท่วมอย่างตั้งใจในปีที่รุนแรงอย่าง 2554","curated":true}},{"type":"Feature","geometry":{"type":"MultiLineString","coordinates":[[[100.4888842,13.6846837],[100.4880533,13.6824766],[100.4872823,13.6825506],[100.488441,13.6794258],[100.4800659,13.6692636]],[[100.49127,13.6919276],[100.490551,13.6905169],[100.4901207,13.6877209],[100.4888842,13.6846837]]]},"properties":{"key":"Khlong Bang Pa Kaeo","name":"Khlong Bang Pa Kaeo","name_th":"คลองบางปะแก้ว","waterway":"canal","length_km":3,"risk":null,"risk_type":null,"note":null,"note_th":null,"curated":false}},{"type":"Feature","geometry":{"type":"MultiLineString","coordinates":[[[100.4815354,13.7235801],[100.4866706,13.7146106],[100.4897735,13.7084509],[100.4914746,13.7084786],[100.4930864,13.7089618],[100.4935731,13.7087425],[100.4958168,13.70738],[100.4977318,13.7047685]]]},"properties":{"key":"Khlong Samre","name":"Khlong Samre","name_th":"คลองสำเหร่","waterway":"canal","length_km":3,"risk":null,"risk_type":null,"note":null,"note_th":null,"curated":false}},{"type":"Feature","geometry":{"type":"MultiLineString","coordinates":[[[100.616795,13.8852553],[100.6190976,13.8841711]],[[100.6086472,13.8957209],[100.6112979,13.8924681],[100.6088717,13.8888335],[100.6089476,13.8881643],[100.6112589,13.8865642],[100.6131829,13.8859191],[100.615427,13.8857579],[100.616795,13.8852553]],[[100.6071519,13.8972058],[100.6086472,13.8957209]],[[100.6190976,13.8841711],[100.6211039,13.8836823]],[[100.6211039,13.8836823],[100.6230221,13.8824127],[100.623559,13.8829553]]]},"properties":{"key":"Khlong Lam Phak Chi #2","name":"Khlong Lam Phak Chi","name_th":"คลองลำผักชี","waterway":"river","length_km":3,"risk":3,"risk_type":"riverine","note":"Low-lying Lat Krabang farmland canal in the eastern flood-retention zone used in 2011; still floods in heavy monsoon.","note_th":"คลองที่ลุ่มเกษตรกรรมลาดกระบังในเขตกักเก็บน้ำฝั่งตะวันออกที่ใช้งานปี 2554 ยังท่วมเวลามรสุมตกหนัก","curated":true}},{"type":"Feature","geometry":{"type":"MultiLineString","coordinates":[[[100.4154546,13.8011418],[100.4173583,13.7971398],[100.4258587,13.7816756],[100.4262587,13.7800554],[100.426945,13.7796463],[100.4274254,13.7785393],[100.4278811,13.77825],[100.4281119,13.7771769]]]},"properties":{"key":"Khlong Bua #2","name":"Khlong Bua","name_th":"คลองบัว","waterway":"canal","length_km":3,"risk":null,"risk_type":null,"note":null,"note_th":null,"curated":false}},{"type":"Feature","geometry":{"type":"MultiLineString","coordinates":[[[100.4220021,13.8145407],[100.4318098,13.8074727],[100.4384138,13.8036638],[100.4405166,13.8027574],[100.4418611,13.8023662],[100.4432466,13.8042476],[100.4448862,13.8049447]]]},"properties":{"key":"Khlong Na #2","name":"Khlong Na","name_th":"คลองนา","waterway":"river","length_km":3,"risk":null,"risk_type":null,"note":null,"note_th":null,"curated":false}},{"type":"Feature","geometry":{"type":"MultiLineString","coordinates":[[[100.3419968,13.7118872],[100.347618,13.7137774],[100.3527335,13.7160652],[100.3564709,13.7173089],[100.3601728,13.7173392],[100.3611165,13.7171188],[100.3682537,13.7188302]]]},"properties":{"key":"Khlong Charoen Suk","name":"Khlong Charoen Suk","name_th":"คลองเจริญสุข","waterway":"canal","length_km":3,"risk":null,"risk_type":null,"note":null,"note_th":null,"curated":false}},{"type":"Feature","geometry":{"type":"MultiLineString","coordinates":[[[100.8389902,13.9324174],[100.8372,13.93196],[100.8360473,13.9309538],[100.8350831,13.930792],[100.832379,13.9312212],[100.8283567,13.9325463],[100.8275298,13.9322454],[100.825593,13.9297196],[100.8228553,13.928275],[100.8195663,13.9282393],[100.8189416,13.9288368],[100.8140797,13.9275755]]]},"properties":{"key":"คลองวัดสีชมพู","name":"คลองวัดสีชมพู","name_th":"คลองวัดสีชมพู","waterway":"canal","length_km":3,"risk":null,"risk_type":null,"note":null,"note_th":null,"curated":false}},{"type":"Feature","geometry":{"type":"MultiLineString","coordinates":[[[100.5691924,13.626712],[100.5685607,13.6255432],[100.5687189,13.6245761],[100.567792,13.623171],[100.568101,13.6225871],[100.5677748,13.6216862],[100.567174,13.621144],[100.5666161,13.6214193],[100.5663844,13.6212692],[100.5662965,13.6203885],[100.5655604,13.6198344],[100.5640841,13.619434],[100.563758,13.6182244],[100.5621958,13.6169315],[100.5616637,13.6166812],[100.5609255,13.6168313],[100.5604106,13.616531],[100.5590538,13.6138166]],[[100.5699852,13.6288235],[100.5709464,13.6295464],[100.5719076,13.6315481],[100.5732196,13.6333404]],[[100.5699852,13.6288235],[100.5692357,13.6276948],[100.5691924,13.626712]]]},"properties":{"key":"Khlong Bang Prong","name":"Khlong Bang Prong","name_th":"คลองบางโปรง","waterway":"river","length_km":3,"risk":null,"risk_type":null,"note":null,"note_th":null,"curated":false}},{"type":"Feature","geometry":{"type":"MultiLineString","coordinates":[[[100.474752,13.6352752],[100.4750198,13.6322264],[100.4755813,13.6308821],[100.475593,13.630097],[100.4753846,13.629578],[100.4740756,13.6289524],[100.4743653,13.6273988],[100.4736143,13.6270026],[100.4722088,13.6253343],[100.472005,13.6242186],[100.4734963,13.6230091],[100.4742366,13.6216953],[100.4760712,13.619954],[100.478453,13.6195577],[100.4785496,13.6181918],[100.4799014,13.6178164],[100.4814116,13.6157591]]]},"properties":{"key":"Rang Maenam (Bang Mot)","name":"Rang Maenam (Bang Mot)","name_th":"รางแม่น้ำ (บางมด)","waterway":"river","length_km":3,"risk":null,"risk_type":null,"note":null,"note_th":null,"curated":false}},{"type":"Feature","geometry":{"type":"MultiLineString","coordinates":[[[100.5122857,13.8452113],[100.5025916,13.8471066],[100.4941829,13.8492316],[100.4937269,13.8495493],[100.49293,13.8494387],[100.4901137,13.8499673],[100.4885875,13.8505949],[100.488035,13.8505533],[100.4867908,13.8493436]],[[100.5132722,13.8450127],[100.5126657,13.8451182]],[[100.5126657,13.8451182],[100.5122857,13.8452113]]]},"properties":{"key":"Khlong Bang Phraek #2","name":"Khlong Bang Phraek","name_th":"คลองบางแพรก","waterway":"canal","length_km":3,"risk":null,"risk_type":null,"note":null,"note_th":null,"curated":false}},{"type":"Feature","geometry":{"type":"MultiLineString","coordinates":[[[100.5974992,14.0004758],[100.5976447,14.0004874]],[[100.5806763,14.0044507],[100.5809004,14.0044041]],[[100.5802647,14.004379],[100.5806763,14.0044507]],[[100.5809004,14.0044041],[100.5819064,14.0040597],[100.5837507,14.0041932],[100.5845074,14.0049457],[100.5877271,14.0044627],[100.5879649,14.0046092],[100.5878592,14.0054806],[100.5881045,14.0054367],[100.5894215,14.0038219],[100.5894589,14.0027284],[100.5906065,14.0013064],[100.5906065,13.9974288],[100.590931,13.9969271],[100.5916518,13.9966305],[100.5933386,13.9973702],[100.5939009,13.9981281],[100.5948708,13.997978],[100.5957802,13.9993658],[100.5970407,14.0004167],[100.5974992,14.0004758]],[[100.5976447,14.0004874],[100.5977369,14.0005532]]]},"properties":{"key":"Khlong Bang Luang Hua Pa","name":"Khlong Bang Luang Hua Pa","name_th":"คลองบางหลวงหัวป่า","waterway":"river","length_km":3,"risk":null,"risk_type":null,"note":null,"note_th":null,"curated":false}},{"type":"Feature","geometry":{"type":"MultiLineString","coordinates":[[[100.3301632,13.702763],[100.3302719,13.6998541]],[[100.3302719,13.6998541],[100.3305618,13.6991076]],[[100.3312612,13.697297],[100.3317486,13.693855]],[[100.3320602,13.6920428],[100.3324053,13.688421],[100.3338219,13.6832642]],[[100.3305618,13.6991076],[100.3312612,13.697297]],[[100.3338219,13.6832642],[100.3335559,13.6814723]],[[100.3335559,13.6814723],[100.3360435,13.6769534]],[[100.3317486,13.693855],[100.3320602,13.6920428]]]},"properties":{"key":"Khlong Si Samran","name":"Khlong Si Samran","name_th":"คลองศรีสำราญ","waterway":"canal","length_km":3,"risk":null,"risk_type":null,"note":null,"note_th":null,"curated":false}},{"type":"Feature","geometry":{"type":"MultiLineString","coordinates":[[[100.568853,13.6592275],[100.5652883,13.6638278],[100.5612596,13.6715527],[100.5588655,13.6733023],[100.5539491,13.675523],[100.553923,13.6758419],[100.5506403,13.6771639]]]},"properties":{"key":"Lad Bang Yor","name":"Lad Bang Yor","name_th":"คลองลัดบางยอ","waterway":"canal","length_km":3,"risk":null,"risk_type":null,"note":null,"note_th":null,"curated":false}},{"type":"Feature","geometry":{"type":"MultiLineString","coordinates":[[[100.5687465,13.6373004],[100.5653393,13.6348205],[100.5614776,13.6298559]],[[100.5512728,13.6185647],[100.5520624,13.6207442],[100.5524108,13.6210154],[100.5540741,13.6212081],[100.5547075,13.6209481],[100.5557711,13.6220051],[100.5577983,13.6230886],[100.5593896,13.6266349],[100.5597748,13.6267629],[100.5614776,13.6298559]]]},"properties":{"key":"Khlong Bang Fai","name":"Khlong Bang Fai","name_th":"คลองบางฝ้าย","waterway":"canal","length_km":3,"risk":null,"risk_type":null,"note":null,"note_th":null,"curated":false}},{"type":"Feature","geometry":{"type":"MultiLineString","coordinates":[[[100.5114855,13.5968504],[100.5157036,13.5952431],[100.5170001,13.5938728],[100.5180259,13.5917501],[100.5214244,13.5897865],[100.522916,13.587156],[100.5235267,13.5823445],[100.5239204,13.5824072]],[[100.5055876,13.5976386],[100.5088895,13.5973663]],[[100.5088895,13.5973663],[100.5114855,13.5968504]]]},"properties":{"key":"Khlong Kraom Nai","name":"Khlong Kraom Nai","name_th":"คลองกระออมใน","waterway":"river","length_km":3,"risk":null,"risk_type":null,"note":null,"note_th":null,"curated":false}},{"type":"Feature","geometry":{"type":"MultiLineString","coordinates":[[[100.4152008,13.5571375],[100.4146408,13.5515159],[100.4164681,13.5503746],[100.4190726,13.5474698],[100.4195006,13.5468532],[100.4200695,13.5448201],[100.4194402,13.5427353],[100.4181908,13.5404538],[100.415862,13.5395768],[100.414647,13.5385595],[100.4148797,13.5377404],[100.4139773,13.5358044]]]},"properties":{"key":"คลองบางเสาธง","name":"คลองบางเสาธง","name_th":"คลองบางเสาธง","waterway":"river","length_km":3,"risk":null,"risk_type":null,"note":null,"note_th":null,"curated":false}},{"type":"Feature","geometry":{"type":"MultiLineString","coordinates":[[[100.3990102,13.831293],[100.4071104,13.8359704],[100.4120832,13.8396477],[100.4135021,13.8404108]],[[100.4232109,13.8433683],[100.4201218,13.8418041],[100.4196082,13.8418013]],[[100.4196082,13.8418013],[100.4169775,13.8404447],[100.4149478,13.8410228],[100.4139447,13.840903],[100.4135021,13.8404108]]]},"properties":{"key":"Khlong Bang Muang","name":"Khlong Bang Muang","name_th":"คลองบางม่วง","waterway":"canal","length_km":3,"risk":null,"risk_type":null,"note":null,"note_th":null,"curated":false}},{"type":"Feature","geometry":{"type":"MultiLineString","coordinates":[[[100.8572427,13.6243537],[100.8595037,13.6238791],[100.8601729,13.6234494],[100.8614523,13.6213014],[100.8615045,13.6203455],[100.862733,13.6177908],[100.862277,13.6152935],[100.8625238,13.6143029],[100.8623843,13.6131038],[100.8627786,13.61231],[100.8622422,13.6106077],[100.8634384,13.6093538],[100.8657263,13.6053287],[100.8675529,13.6045127],[100.8693381,13.6046617]]]},"properties":{"key":"คลองล่ำตีนนก","name":"คลองล่ำตีนนก","name_th":"คลองล่ำตีนนก","waterway":"canal","length_km":3,"risk":null,"risk_type":null,"note":null,"note_th":null,"curated":false}},{"type":"Feature","geometry":{"type":"MultiLineString","coordinates":[[[100.2281254,13.616763],[100.2328649,13.6164424],[100.2371701,13.6155189],[100.2429879,13.6151231],[100.2474422,13.6144884],[100.2508585,13.6150219],[100.2511621,13.6154646],[100.255698,13.6154802]]]},"properties":{"key":"คลองบางกูด","name":"คลองบางกูด","name_th":"คลองบางกูด","waterway":"canal","length_km":3,"risk":null,"risk_type":null,"note":null,"note_th":null,"curated":false}},{"type":"Feature","geometry":{"type":"MultiLineString","coordinates":[[[100.579341,13.8795171],[100.5663032,13.8557101]]]},"properties":{"key":"คูระบายน้ำข้างถนนวิภาวดีรังสิต","name":"คูระบายน้ำข้างถนนวิภาวดีรังสิต","name_th":"คูระบายน้ำข้างถนนวิภาวดีรังสิต","waterway":"ditch","length_km":3,"risk":null,"risk_type":null,"note":null,"note_th":null,"curated":false}},{"type":"Feature","geometry":{"type":"MultiLineString","coordinates":[[[100.3797373,13.5623429],[100.388866,13.5644209]],[[100.3617634,13.5579713],[100.3797373,13.5623429]]]},"properties":{"key":"คลองสหกรณ์ สาย4","name":"คลองสหกรณ์ สาย4","name_th":"คลองสหกรณ์ สาย4","waterway":"canal","length_km":3,"risk":null,"risk_type":null,"note":null,"note_th":null,"curated":false}},{"type":"Feature","geometry":{"type":"MultiLineString","coordinates":[[[100.8058639,13.8261096],[100.8038901,13.8259122],[100.8012894,13.820274],[100.8008188,13.8173721],[100.8014071,13.8162557],[100.8014735,13.8101153],[100.8020392,13.8090489],[100.8034654,13.8079039],[100.8065154,13.8082406],[100.8076579,13.8079667]]]},"properties":{"key":"Khlong Ton Sai","name":"Khlong Ton Sai","name_th":"คลองต้นไทร","waterway":"canal","length_km":2.9,"risk":null,"risk_type":null,"note":null,"note_th":null,"curated":false}},{"type":"Feature","geometry":{"type":"MultiLineString","coordinates":[[[100.6881211,13.6582922],[100.692275,13.6761667],[100.6952519,13.6754734],[100.6967007,13.680276]]]},"properties":{"key":"Khlong Achan Phon","name":"Khlong Achan Phon","name_th":"คลองอาจารย์พร","waterway":"canal","length_km":2.9,"risk":null,"risk_type":null,"note":null,"note_th":null,"curated":false}},{"type":"Feature","geometry":{"type":"MultiLineString","coordinates":[[[100.635783,13.7500584],[100.6387715,13.7492901],[100.6407883,13.7478352],[100.6433596,13.7465704],[100.645351,13.7465101],[100.6480618,13.7444875]],[[100.6328477,13.7611297],[100.6335861,13.7554085],[100.6327616,13.7524533],[100.635783,13.7500584]]]},"properties":{"key":"คลองจิก","name":"คลองจิก","name_th":"คลองจิก","waterway":"river","length_km":2.9,"risk":null,"risk_type":null,"note":null,"note_th":null,"curated":false}},{"type":"Feature","geometry":{"type":"MultiLineString","coordinates":[[[100.4691246,13.7158788],[100.4685874,13.7125632],[100.4668965,13.7113541],[100.4662099,13.710145],[100.4660382,13.7091611],[100.46627,13.7071765],[100.4654975,13.7030822]],[[100.4654975,13.7030822],[100.4650512,13.7014144],[100.4637103,13.698433]],[[100.4715365,13.7225845],[100.4712608,13.7208216],[100.4691367,13.7177413],[100.4691246,13.7158788]]]},"properties":{"key":"Khlong Dan #2","name":"Khlong Dan","name_th":"คลองด่าน","waterway":"river","length_km":2.9,"risk":null,"risk_type":null,"note":null,"note_th":null,"curated":false}},{"type":"Feature","geometry":{"type":"MultiLineString","coordinates":[[[100.6460388,13.8472984],[100.6409996,13.846671],[100.6393118,13.8461665]],[[100.6586941,13.847762],[100.6569419,13.8478538],[100.6531944,13.8468657]],[[100.6393118,13.8461665],[100.6372246,13.844705]],[[100.6465935,13.8474358],[100.6460388,13.8472984]],[[100.6478909,13.846711],[100.6481475,13.8475694],[100.6465935,13.8474358]],[[100.6372246,13.844705],[100.6355495,13.8416134]],[[100.653103,13.8468429],[100.6521638,13.8469379],[100.6488599,13.8462067]],[[100.6531944,13.8468657],[100.653103,13.8468429]],[[100.6488599,13.8462067],[100.6478909,13.846711]]]},"properties":{"key":"Khlong Ta Reng","name":"Khlong Ta Reng","name_th":"คลองตาเร่ง","waterway":"drain","length_km":2.9,"risk":null,"risk_type":null,"note":null,"note_th":null,"curated":false}},{"type":"Feature","geometry":{"type":"MultiLineString","coordinates":[[[100.4765237,13.7801813],[100.4809289,13.7872544],[100.4829594,13.7915484],[100.4851583,13.7944732]],[[100.4710254,13.7734518],[100.4735547,13.7749942],[100.4765237,13.7801813]]]},"properties":{"key":"Khlong Bang Bamru","name":"Khlong Bang Bamru","name_th":"คลองบางบำหรุ","waterway":"canal","length_km":2.9,"risk":null,"risk_type":null,"note":null,"note_th":null,"curated":false}},{"type":"Feature","geometry":{"type":"MultiLineString","coordinates":[[[100.4237427,13.5915918],[100.4279769,13.5919176],[100.4300277,13.592715],[100.4302148,13.5931486],[100.434194,13.5937571],[100.4356907,13.5935612],[100.4452394,13.5939319],[100.4489092,13.5930507],[100.4492762,13.5928898],[100.4493863,13.5923231]]]},"properties":{"key":"คลองยายเพียร","name":"คลองยายเพียร","name_th":"คลองยายเพียร","waterway":"canal","length_km":2.9,"risk":null,"risk_type":null,"note":null,"note_th":null,"curated":false}},{"type":"Feature","geometry":{"type":"MultiLineString","coordinates":[[[100.6800617,13.7547727],[100.6789364,13.7520663]],[[100.6789364,13.7520663],[100.6774814,13.7490653],[100.6751236,13.7485226],[100.6724233,13.7493913],[100.6704326,13.7476625],[100.6684926,13.74767],[100.6663058,13.7468672],[100.6654161,13.7458909],[100.664547,13.7431738],[100.663647,13.7428151],[100.6631148,13.7422007],[100.6635118,13.7408532],[100.6634261,13.7401915]]]},"properties":{"key":"Khlong Wang Yai","name":"Khlong Wang Yai","name_th":"คลองวังใหญ่","waterway":"river","length_km":2.9,"risk":null,"risk_type":null,"note":null,"note_th":null,"curated":false}},{"type":"Feature","geometry":{"type":"MultiLineString","coordinates":[[[100.4720908,13.6239788],[100.4695368,13.6223595],[100.4686852,13.6198398],[100.4660848,13.6179629],[100.4664304,13.6163288],[100.4640289,13.6159261],[100.4639616,13.6156115],[100.4511684,13.6140962]]]},"properties":{"key":"คลองรางสะแก","name":"คลองรางสะแก","name_th":"คลองรางสะแก","waterway":"canal","length_km":2.9,"risk":null,"risk_type":null,"note":null,"note_th":null,"curated":false}},{"type":"Feature","geometry":{"type":"MultiLineString","coordinates":[[[100.8891191,13.907732],[100.8720279,13.9105247],[100.8716419,13.9107304],[100.8715698,13.9113772],[100.8636364,13.9116612]],[[100.8894047,13.9076907],[100.8892134,13.9077184]],[[100.8892134,13.9077184],[100.8891191,13.907732]]]},"properties":{"key":"Khlong Chak","name":"Khlong Chak","name_th":"คลองจักร","waterway":"canal","length_km":2.9,"risk":null,"risk_type":null,"note":null,"note_th":null,"curated":false}},{"type":"Feature","geometry":{"type":"MultiLineString","coordinates":[[[100.3354925,13.7480117],[100.3353779,13.7534078],[100.3349595,13.753658],[100.3339617,13.7574981],[100.3336988,13.7622553],[100.333275,13.7636725],[100.3341548,13.7660328],[100.3340256,13.7732142]]]},"properties":{"key":"คลองเนินทราย","name":"คลองเนินทราย","name_th":"คลองเนินทราย","waterway":"canal","length_km":2.9,"risk":null,"risk_type":null,"note":null,"note_th":null,"curated":false}},{"type":"Feature","geometry":{"type":"MultiLineString","coordinates":[[[100.3843336,13.5890006],[100.384197,13.5877099],[100.385119,13.5874899],[100.3847462,13.5871066],[100.3853443,13.586533],[100.384883,13.5861446],[100.3856581,13.5859673],[100.38517,13.5854589],[100.3858244,13.5855137],[100.3856581,13.5851643],[100.3860041,13.5850157],[100.3852182,13.5838504],[100.3854167,13.5830526],[100.3851753,13.5827085],[100.3855455,13.5824582],[100.3857252,13.5815742],[100.3850493,13.5809015],[100.3851458,13.5803332],[100.3855669,13.5801585],[100.385001,13.5791208],[100.3865973,13.5777968],[100.3868936,13.5767258],[100.3861855,13.5760756],[100.3864708,13.5756073],[100.3870636,13.5754263],[100.3866479,13.5748162],[100.386908,13.5742113],[100.3879293,13.5742463],[100.3875008,13.5735204],[100.3879561,13.5723937],[100.3881404,13.5724798]],[[100.3881404,13.5724798],[100.3888947,13.5725082]]]},"properties":{"key":"Khlong Samae Dam Tai","name":"Khlong Samae Dam Tai","name_th":"คลองแสมดำใต้","waterway":"river","length_km":2.9,"risk":null,"risk_type":null,"note":null,"note_th":null,"curated":false}},{"type":"Feature","geometry":{"type":"MultiLineString","coordinates":[[[100.3633946,13.5808841],[100.3637528,13.5791392],[100.3655311,13.5791731],[100.3682884,13.5785649],[100.3707236,13.5770091],[100.3714193,13.5762377],[100.3753262,13.5717997],[100.3780514,13.5646921],[100.379212,13.5634949],[100.3797373,13.5623429]]]},"properties":{"key":"คลองลัดตะเคียน","name":"คลองลัดตะเคียน","name_th":"คลองลัดตะเคียน","waterway":"canal","length_km":2.9,"risk":null,"risk_type":null,"note":null,"note_th":null,"curated":false}},{"type":"Feature","geometry":{"type":"MultiLineString","coordinates":[[[100.4849925,13.885673],[100.4830916,13.8863259],[100.4814635,13.8877064],[100.4798964,13.8882141],[100.4801537,13.8887602],[100.4794444,13.8895465],[100.4789362,13.8893768],[100.4783902,13.8902688],[100.4768243,13.8915094],[100.4749324,13.8917987],[100.4745051,13.8921286],[100.4724314,13.8915537],[100.4697457,13.8918083]],[[100.4697457,13.8918083],[100.4682955,13.892103],[100.4683115,13.8924677],[100.4662032,13.8927641],[100.4660778,13.8922374],[100.4649312,13.8923368]],[[100.4649312,13.8923368],[100.4628124,13.8926147]]]},"properties":{"key":"Khlong Wat Daeng","name":"Khlong Wat Daeng","name_th":"คลองวัดแดง","waterway":"canal","length_km":2.9,"risk":null,"risk_type":null,"note":null,"note_th":null,"curated":false}},{"type":"Feature","geometry":{"type":"MultiLineString","coordinates":[[[100.4030309,13.8239952],[100.4062576,13.8176454],[100.4082156,13.814697],[100.4099107,13.81104],[100.4132388,13.8051232]],[[100.4132388,13.8051232],[100.4152199,13.8011558]]]},"properties":{"key":"Khlong Khue Khwang","name":"Khlong Khue Khwang","name_th":"คลองขื่อขวาง","waterway":"canal","length_km":2.9,"risk":null,"risk_type":null,"note":null,"note_th":null,"curated":false}},{"type":"Feature","geometry":{"type":"MultiLineString","coordinates":[[[100.4684561,13.9175513],[100.4677828,13.9181119],[100.4667794,13.9175668],[100.4663878,13.9176297],[100.4661821,13.918368],[100.4637958,13.9192732],[100.4621547,13.9191843],[100.4616772,13.9182545],[100.4608831,13.9189884],[100.460393,13.9189381],[100.4599607,13.9195395],[100.4581598,13.9197522],[100.4576358,13.9194524],[100.4560561,13.9199223],[100.4556576,13.9197057],[100.4544942,13.9203209]],[[100.4517148,13.9200786],[100.4523007,13.920135]],[[100.4458952,13.9199255],[100.4517148,13.9200786]],[[100.4544942,13.9203209],[100.4523007,13.920135]]]},"properties":{"key":"Khlong Bang Phlap Yai","name":"Khlong Bang Phlap Yai","name_th":"คลองบางพลับใหญ่","waterway":"river","length_km":2.9,"risk":null,"risk_type":null,"note":null,"note_th":null,"curated":false}},{"type":"Feature","geometry":{"type":"MultiLineString","coordinates":[[[100.4396176,13.9986393],[100.4475455,13.9970548],[100.4502348,13.9968497],[100.4525435,13.9959618],[100.4556353,13.9938868],[100.4614836,13.9910714],[100.4622705,13.9876526]]]},"properties":{"key":"คลองผู้ใหญ่อยู่","name":"คลองผู้ใหญ่อยู่","name_th":"คลองผู้ใหญ่อยู่","waterway":"canal","length_km":2.9,"risk":null,"risk_type":null,"note":null,"note_th":null,"curated":false}},{"type":"Feature","geometry":{"type":"MultiLineString","coordinates":[[[100.4445067,13.5532903],[100.4495621,13.5533469],[100.4505546,13.5539251],[100.451499,13.5531168],[100.453077,13.5528474],[100.454078,13.5531168],[100.4569681,13.552545],[100.4578744,13.5519095],[100.4592181,13.5501133],[100.4618095,13.5494057],[100.4616336,13.547975],[100.4623614,13.5468708],[100.4633532,13.5462721],[100.4632812,13.5454634],[100.4642477,13.5432228]]]},"properties":{"key":"คลองแทน","name":"คลองแทน","name_th":"คลองแทน","waterway":"river","length_km":2.9,"risk":null,"risk_type":null,"note":null,"note_th":null,"curated":false}},{"type":"Feature","geometry":{"type":"MultiLineString","coordinates":[[[100.8744818,13.5287911],[100.8688384,13.5304731],[100.8662849,13.530859],[100.863592,13.5306296],[100.8623689,13.5291171],[100.8611351,13.5290545],[100.8594882,13.5294143],[100.8578413,13.5302645],[100.8565109,13.5298577],[100.854215,13.5312241],[100.8520907,13.531099],[100.850008,13.5323417]]]},"properties":{"key":"คลองปีกกา","name":"คลองปีกกา","name_th":"คลองปีกกา","waterway":"river","length_km":2.9,"risk":null,"risk_type":null,"note":null,"note_th":null,"curated":false}},{"type":"Feature","geometry":{"type":"MultiLineString","coordinates":[[[100.3888419,13.5594002],[100.3852342,13.5595718],[100.3727942,13.5564791],[100.3645551,13.5548102],[100.3632237,13.5547984]]]},"properties":{"key":"คลองตะวันออกน้อย","name":"คลองตะวันออกน้อย","name_th":"คลองตะวันออกน้อย","waterway":"canal","length_km":2.9,"risk":null,"risk_type":null,"note":null,"note_th":null,"curated":false}},{"type":"Feature","geometry":{"type":"MultiLineString","coordinates":[[[100.4702905,13.5790038],[100.4678496,13.578602],[100.4653444,13.5787689],[100.4645343,13.5790765],[100.4614123,13.579113],[100.4609026,13.5786854],[100.4590036,13.5787845],[100.4563697,13.5782318],[100.4545673,13.5783882],[100.4540684,13.5779554],[100.4523571,13.5782318],[100.4519387,13.5785968],[100.4509409,13.5769907],[100.44975,13.5761877],[100.4481943,13.5760886],[100.4460973,13.5754661]]]},"properties":{"key":"คลองสาหร่าย","name":"คลองสาหร่าย","name_th":"คลองสาหร่าย","waterway":"canal","length_km":2.9,"risk":null,"risk_type":null,"note":null,"note_th":null,"curated":false}},{"type":"Feature","geometry":{"type":"MultiLineString","coordinates":[[[100.8708262,13.8008611],[100.8685201,13.8013191],[100.8651727,13.8011003],[100.8601999,13.8022464],[100.8566165,13.8016734],[100.8543527,13.8018244],[100.8476525,13.8031164],[100.8452285,13.8048482]]]},"properties":{"key":"คลองลำแขก","name":"คลองลำแขก","name_th":"คลองลำแขก","waterway":"river","length_km":2.9,"risk":null,"risk_type":null,"note":null,"note_th":null,"curated":false}},{"type":"Feature","geometry":{"type":"MultiLineString","coordinates":[[[100.2806998,13.5729523],[100.2858715,13.5690496],[100.2863104,13.5685184],[100.2872002,13.5657245],[100.2881546,13.565321],[100.2878677,13.5643119],[100.284641,13.56469],[100.2855207,13.5605911],[100.2848341,13.5603953]],[[100.2832181,13.5597842],[100.2790684,13.5586755]],[[100.2833146,13.5598166],[100.2832181,13.5597842]],[[100.2847246,13.5603739],[100.2833146,13.5598166]],[[100.2848341,13.5603953],[100.2847246,13.5603739]]]},"properties":{"key":"Klong Yai Dee","name":"Klong Yai Dee","name_th":"คลองยายดี","waterway":"canal","length_km":2.9,"risk":null,"risk_type":null,"note":null,"note_th":null,"curated":false}},{"type":"Feature","geometry":{"type":"MultiLineString","coordinates":[[[100.9421652,13.650536],[100.9384346,13.64986],[100.9339821,13.6486402],[100.9315735,13.647337],[100.9288645,13.6467557],[100.9255761,13.6446836],[100.9235054,13.6443708],[100.9218103,13.6433021],[100.9190583,13.6424941],[100.9175348,13.6417434]]]},"properties":{"key":"Khlong Palat Sai","name":"Khlong Palat Sai","name_th":"คลองปลัดสาย","waterway":"river","length_km":2.9,"risk":null,"risk_type":null,"note":null,"note_th":null,"curated":false}},{"type":"Feature","geometry":{"type":"MultiLineString","coordinates":[[[100.2940648,13.8321825],[100.2887432,13.8065458]]]},"properties":{"key":"Khlong Ta Li","name":"Khlong Ta Li","name_th":"คลองตาหลี","waterway":"canal","length_km":2.9,"risk":null,"risk_type":null,"note":null,"note_th":null,"curated":false}},{"type":"Feature","geometry":{"type":"MultiLineString","coordinates":[[[100.6397628,13.8189109],[100.6406188,13.8163558],[100.6445732,13.8117852],[100.645131,13.8105338],[100.6459918,13.8095438]],[[100.6259787,13.8192273],[100.6313145,13.8191214]],[[100.6313145,13.8191214],[100.6397628,13.8189109]]]},"properties":{"key":"Khlong Lam Chiak","name":"Khlong Lam Chiak","name_th":"คลองลำเจียก","waterway":"river","length_km":2.8,"risk":null,"risk_type":null,"note":null,"note_th":null,"curated":false}},{"type":"Feature","geometry":{"type":"MultiLineString","coordinates":[[[100.7993746,13.7818203],[100.8015246,13.7815495],[100.8101267,13.781757],[100.8132326,13.7826984],[100.814197,13.783987],[100.8147157,13.7842099],[100.8155975,13.7830375],[100.8196677,13.7817812],[100.8229086,13.7796536]]]},"properties":{"key":"Khlong Lam Makham","name":"Khlong Lam Makham","name_th":"คลองลำมะขาม","waterway":"river","length_km":2.8,"risk":null,"risk_type":null,"note":null,"note_th":null,"curated":false}},{"type":"Feature","geometry":{"type":"MultiLineString","coordinates":[[[100.3528662,13.6821099],[100.353885,13.679437],[100.3532377,13.6756338],[100.352461,13.6752786],[100.3520193,13.6739763],[100.3520726,13.6723041],[100.3515319,13.6697439],[100.3519812,13.667931],[100.3530017,13.6670727],[100.353291,13.6662809],[100.3537099,13.6628549],[100.3532682,13.6622407],[100.3541199,13.6586677]]]},"properties":{"key":"Khlong Ta Plang","name":"Khlong Ta Plang","name_th":"คลองตาปลั่ง","waterway":"canal","length_km":2.8,"risk":null,"risk_type":null,"note":null,"note_th":null,"curated":false}},{"type":"Feature","geometry":{"type":"MultiLineString","coordinates":[[[100.4817404,13.6931294],[100.4822692,13.6934559],[100.4825018,13.6946685]],[[100.4825018,13.6946685],[100.4899961,13.694973]],[[100.4686222,13.6895199],[100.4716949,13.6904955],[100.4727249,13.688761],[100.4736175,13.6882356],[100.4794284,13.6924072],[100.4817404,13.6931294]]]},"properties":{"key":"Khlong Dao Khanong","name":"Khlong Dao Khanong","name_th":"คลองดาวคะนอง","waterway":"river","length_km":2.8,"risk":null,"risk_type":null,"note":null,"note_th":null,"curated":false}},{"type":"Feature","geometry":{"type":"MultiLineString","coordinates":[[[100.6865207,13.6371774],[100.6927656,13.6355728],[100.69665,13.6357009],[100.6986098,13.6347828],[100.7018598,13.6341473]],[[100.7018598,13.6341473],[100.7055926,13.632181],[100.7092681,13.6310922]],[[100.7092681,13.6310922],[100.7102207,13.6294882]]]},"properties":{"key":"Khlong Suan #2","name":"Khlong Suan","name_th":"คลองสวน","waterway":"canal","length_km":2.8,"risk":null,"risk_type":null,"note":null,"note_th":null,"curated":false}},{"type":"Feature","geometry":{"type":"MultiLineString","coordinates":[[[100.1734972,13.71372],[100.1741749,13.7142619],[100.1739905,13.7169408],[100.1748581,13.7174515],[100.1762421,13.717587],[100.1771433,13.7169512],[100.1776368,13.7159037],[100.1789618,13.7158673],[100.179686,13.7174463],[100.1812149,13.7176235],[100.1833553,13.7165604],[100.1840795,13.7158933],[100.1856191,13.7154868],[100.1856137,13.7146217],[100.1863594,13.7140901],[100.1870031,13.7125788],[100.1881672,13.7124798],[100.1889903,13.7129027],[100.1898289,13.7124],[100.1904792,13.7128498]]]},"properties":{"key":"คลองบางช้าง","name":"คลองบางช้าง","name_th":"คลองบางช้าง","waterway":"ditch","length_km":2.8,"risk":null,"risk_type":null,"note":null,"note_th":null,"curated":false}},{"type":"Feature","geometry":{"type":"MultiLineString","coordinates":[[[100.7102207,13.6294882],[100.7096887,13.6267975],[100.7098879,13.624293],[100.7083454,13.6174413],[100.7080552,13.614089],[100.7095953,13.6054376],[100.7093939,13.6045107]]]},"properties":{"key":"Khlong Bang Phli #2","name":"Khlong Bang Phli","name_th":"คลองบางพลี","waterway":"river","length_km":2.8,"risk":null,"risk_type":null,"note":null,"note_th":null,"curated":false}},{"type":"Feature","geometry":{"type":"MultiLineString","coordinates":[[[100.7609072,13.6620427],[100.7642337,13.6611641],[100.7701621,13.6607381],[100.7725351,13.6614994],[100.7770776,13.6644677],[100.7789868,13.6649431],[100.7824459,13.6636239],[100.7850311,13.6621535]]]},"properties":{"key":"Khlong Thong Khung","name":"Khlong Thong Khung","name_th":"คลองท้องคุ้ง","waterway":"canal","length_km":2.8,"risk":null,"risk_type":null,"note":null,"note_th":null,"curated":false}},{"type":"Feature","geometry":{"type":"MultiLineString","coordinates":[[[100.7262369,13.6153867],[100.72527,13.6131846],[100.7246209,13.6104995],[100.7243049,13.6026828]],[[100.7263446,13.627639],[100.7274592,13.6229042],[100.7266545,13.6205894],[100.7263347,13.6167975]],[[100.7263395,13.6167348],[100.7262369,13.6153867]]]},"properties":{"key":"Khlong Bang Fang","name":"Khlong Bang Fang","name_th":"คลองบางฝาง","waterway":"river","length_km":2.8,"risk":null,"risk_type":null,"note":null,"note_th":null,"curated":false}},{"type":"Feature","geometry":{"type":"MultiLineString","coordinates":[[[100.8189724,13.5074095],[100.8199981,13.5069479],[100.8203629,13.506395],[100.8198479,13.5052579],[100.8217147,13.5042877],[100.8218434,13.5032027],[100.8231202,13.5009598],[100.8244291,13.500772],[100.8243218,13.5022743],[100.8248368,13.5024412],[100.8253303,13.5010328],[100.8263281,13.5005842],[100.8268431,13.5021282],[100.8277765,13.5022325],[100.8280018,13.5018674],[100.8277765,13.500699],[100.8283129,13.5013562],[100.8287957,13.5014293],[100.8287206,13.50024],[100.8289566,13.4999583],[100.8302548,13.500626],[100.8305552,13.5004695],[100.8308187,13.4993449]]]},"properties":{"key":"คลองนางหงษ์ #2","name":"คลองนางหงษ์","name_th":"คลองนางหงษ์","waterway":"river","length_km":2.8,"risk":null,"risk_type":null,"note":null,"note_th":null,"curated":false}},{"type":"Feature","geometry":{"type":"MultiLineString","coordinates":[[[100.4546963,13.8162255],[100.4553808,13.8148877],[100.4540932,13.8133166],[100.4598338,13.8070517],[100.4631668,13.8048328]],[[100.4667928,13.8027621],[100.4631668,13.8048328]],[[100.4686582,13.8016596],[100.4667928,13.8027621]],[[100.4719039,13.800321],[100.4686582,13.8016596]]]},"properties":{"key":"Khlong Wat Ket","name":"Khlong Wat Ket","name_th":"คลองวัดเกตุ","waterway":"canal","length_km":2.8,"risk":null,"risk_type":null,"note":null,"note_th":null,"curated":false}},{"type":"Feature","geometry":{"type":"MultiLineString","coordinates":[[[100.5367402,14.0415741],[100.5346546,14.0421718],[100.5332266,14.0414332],[100.5322478,14.0417311]],[[100.5254315,14.0419225],[100.5310588,14.0406445],[100.5322478,14.0417311]],[[100.5492545,14.0369361],[100.5479015,14.0380054],[100.5456607,14.038063],[100.5367402,14.0415741]]]},"properties":{"key":"Khlong Yai","name":"Khlong Yai","name_th":"คลองใหญ่","waterway":"river","length_km":2.8,"risk":null,"risk_type":null,"note":null,"note_th":null,"curated":false}},{"type":"Feature","geometry":{"type":"MultiLineString","coordinates":[[[100.2507964,14.2666512],[100.2510043,14.2629367],[100.2489348,14.2535496],[100.2484117,14.2519989],[100.2436214,14.2435667],[100.2431269,14.2431946]]]},"properties":{"key":"Khlong Sarai","name":"Khlong Sarai","name_th":"คลองสาหร่าย","waterway":"canal","length_km":2.8,"risk":null,"risk_type":null,"note":null,"note_th":null,"curated":false}},{"type":"Feature","geometry":{"type":"MultiLineString","coordinates":[[[100.6978222,13.5865183],[100.6948134,13.585011],[100.6938957,13.585188],[100.6918156,13.5841923],[100.6910506,13.58443],[100.6905374,13.584085],[100.68893,13.5848877],[100.6883544,13.5844998],[100.6876316,13.584902],[100.6866661,13.58603],[100.6858697,13.5862267],[100.6817868,13.5846285],[100.6781352,13.5859472],[100.6771781,13.5876221],[100.6758531,13.5879189]]]},"properties":{"key":"Khlong Thung Chang","name":"Khlong Thung Chang","name_th":"คลองทุ่งช้าง","waterway":"river","length_km":2.8,"risk":null,"risk_type":null,"note":null,"note_th":null,"curated":false}},{"type":"Feature","geometry":{"type":"MultiLineString","coordinates":[[[100.8460438,14.2542561],[100.8231236,14.2433866]]]},"properties":{"key":"1R Canal","name":"1R Canal","name_th":"คลองแยก 1 ขวา","waterway":"canal","length_km":2.8,"risk":null,"risk_type":null,"note":null,"note_th":null,"curated":false}},{"type":"Feature","geometry":{"type":"MultiLineString","coordinates":[[[100.4449822,13.5616605],[100.4678027,13.5633279],[100.4708098,13.5642264]]]},"properties":{"key":"Khlong Jek","name":"Khlong Jek","name_th":"คลองเจ๊ก","waterway":"canal","length_km":2.8,"risk":null,"risk_type":null,"note":null,"note_th":null,"curated":false}},{"type":"Feature","geometry":{"type":"MultiLineString","coordinates":[[[100.9378956,14.1628032],[100.9362225,14.1627075],[100.9353735,14.1608956],[100.9332697,14.1602749],[100.9170774,14.1642287],[100.9137204,14.1643551]]]},"properties":{"key":"Khlong Luek","name":"Khlong Luek","name_th":"คลองลึก","waterway":"canal","length_km":2.8,"risk":null,"risk_type":null,"note":null,"note_th":null,"curated":false}},{"type":"Feature","geometry":{"type":"MultiLineString","coordinates":[[[100.8824262,13.7689506],[100.882178,13.765876],[100.8808186,13.7636176],[100.8796769,13.7619863],[100.8758219,13.7579856],[100.872321,13.751537],[100.8690631,13.748412]]]},"properties":{"key":"คลองลำตามีร้องไห้","name":"คลองลำตามีร้องไห้","name_th":"คลองลำตามีร้องไห้","waterway":"canal","length_km":2.8,"risk":null,"risk_type":null,"note":null,"note_th":null,"curated":false}},{"type":"Feature","geometry":{"type":"MultiLineString","coordinates":[[[100.3473801,13.8652536],[100.3474875,13.8572324],[100.3483814,13.852255],[100.3487034,13.8481517],[100.3505402,13.8407315]]]},"properties":{"key":"คลองตาเมือง","name":"คลองตาเมือง","name_th":"คลองตาเมือง","waterway":"canal","length_km":2.8,"risk":null,"risk_type":null,"note":null,"note_th":null,"curated":false}},{"type":"Feature","geometry":{"type":"MultiLineString","coordinates":[[[100.8392886,13.5977309],[100.8391385,13.5960658],[100.8400264,13.5951663],[100.8401014,13.5944189],[100.841702,13.5932703],[100.8421521,13.5905173],[100.8429452,13.5890281],[100.8427408,13.5881691],[100.8415812,13.5875087],[100.8413462,13.5868781],[100.8411646,13.582375],[100.8403013,13.5785256],[100.8410145,13.5767651],[100.8421761,13.5755344]]]},"properties":{"key":"คลองธนู","name":"คลองธนู","name_th":"คลองธนู","waterway":"canal","length_km":2.8,"risk":null,"risk_type":null,"note":null,"note_th":null,"curated":false}},{"type":"Feature","geometry":{"type":"MultiLineString","coordinates":[[[100.3405727,13.8639264],[100.3408993,13.8626386],[100.3414176,13.8625156],[100.3420413,13.8591417],[100.3427404,13.8585551],[100.3429367,13.8542369],[100.3438275,13.8525952],[100.3441047,13.8506927],[100.3449332,13.8494135],[100.3471632,13.8433081],[100.3471847,13.8419186],[100.3476943,13.8403094]]]},"properties":{"key":"คลองยายเหมือน","name":"คลองยายเหมือน","name_th":"คลองยายเหมือน","waterway":"canal","length_km":2.8,"risk":null,"risk_type":null,"note":null,"note_th":null,"curated":false}},{"type":"Feature","geometry":{"type":"MultiLineString","coordinates":[[[100.4048588,13.801617],[100.4015317,13.7999698],[100.4014566,13.7996989],[100.4000538,13.7992898],[100.3909155,13.7949764],[100.38548,13.7930697],[100.3840075,13.7920814],[100.3838557,13.7916956],[100.383129,13.7914329]]]},"properties":{"key":"Khlong Pho","name":"Khlong Pho","name_th":"คลองโพธิ์","waterway":"canal","length_km":2.7,"risk":null,"risk_type":null,"note":null,"note_th":null,"curated":false}},{"type":"Feature","geometry":{"type":"MultiLineString","coordinates":[[[100.7409018,13.77943],[100.7388722,13.7775538]],[[100.7374695,13.7988876],[100.7393212,13.7976697],[100.7413822,13.7923752],[100.7417161,13.7872929],[100.7422285,13.7842793],[100.7413995,13.7826188],[100.7413592,13.7802034],[100.7409018,13.77943]]]},"properties":{"key":"Khlong Lam Ta Nuai","name":"Khlong Lam Ta Nuai","name_th":"คลองลำตานวย","waterway":"river","length_km":2.7,"risk":null,"risk_type":null,"note":null,"note_th":null,"curated":false}},{"type":"Feature","geometry":{"type":"MultiLineString","coordinates":[[[100.709737,13.7564076],[100.7083213,13.732486]]]},"properties":{"key":"Khlong Mae Chan","name":"Khlong Mae Chan","name_th":"คลองแม่จันทร์","waterway":"canal","length_km":2.7,"risk":null,"risk_type":null,"note":null,"note_th":null,"curated":false}},{"type":"Feature","geometry":{"type":"MultiLineString","coordinates":[[[100.6501061,13.8450737],[100.6501831,13.8448242],[100.647707,13.8441032],[100.6483965,13.8398669],[100.6485235,13.8338371]],[[100.6483804,13.8326803],[100.6491258,13.8265661],[100.6467046,13.8263646]],[[100.6485235,13.8338371],[100.6483804,13.8326803]],[[100.6498998,13.8455711],[100.6501061,13.8450737]],[[100.6496339,13.8462982],[100.6498998,13.8455711]]]},"properties":{"key":"Khlong Khuat Duan","name":"Khlong Khuat Duan","name_th":"คลองขวดด้วน","waterway":"canal","length_km":2.7,"risk":null,"risk_type":null,"note":null,"note_th":null,"curated":false}},{"type":"Feature","geometry":{"type":"MultiLineString","coordinates":[[[100.6042942,13.8713392],[100.6046835,13.8725624],[100.6045525,13.8746583],[100.6059611,13.8775445],[100.6057629,13.8787986],[100.6062761,13.8829388],[100.6050409,13.8832137],[100.6044216,13.8837806],[100.6014036,13.885016],[100.5978173,13.885873],[100.5946019,13.8875295]]]},"properties":{"key":"Khlong Rang O-Rang Kaeo","name":"Khlong Rang O-Rang Kaeo","name_th":"คลองรางอ้อ-รางแก้ว","waterway":"canal","length_km":2.7,"risk":null,"risk_type":null,"note":null,"note_th":null,"curated":false}},{"type":"Feature","geometry":{"type":"MultiLineString","coordinates":[[[100.6837612,13.8179305],[100.6853408,13.8127762],[100.6873234,13.8090114],[100.6880766,13.8068398],[100.6886179,13.8068811],[100.6892441,13.8059637],[100.6897253,13.8058606],[100.6903303,13.8042836],[100.6913138,13.8034797],[100.6957823,13.8016484],[100.6974919,13.7992451]]]},"properties":{"key":"Khlong Ban Ko #2","name":"Khlong Ban Ko","name_th":"คลองบ้านเกาะ","waterway":"river","length_km":2.7,"risk":null,"risk_type":null,"note":null,"note_th":null,"curated":false}},{"type":"Feature","geometry":{"type":"MultiLineString","coordinates":[[[100.8409383,13.7705301],[100.8433472,13.7709865],[100.8463505,13.7706894],[100.8554517,13.7710666],[100.8582201,13.770301],[100.8607249,13.7703616]],[[100.8409383,13.7705301],[100.8396815,13.7698417],[100.8374968,13.7674515]]]},"properties":{"key":"Khlong Krathum Lom","name":"Khlong Krathum Lom","name_th":"คลองกระทุ่มล้ม","waterway":"river","length_km":2.7,"risk":null,"risk_type":null,"note":null,"note_th":null,"curated":false}},{"type":"Feature","geometry":{"type":"MultiLineString","coordinates":[[[100.6724681,13.890891],[100.6745599,13.8906688],[100.6755311,13.8919484],[100.6775777,13.8922851],[100.6817908,13.8922819],[100.6830508,13.891859],[100.6845467,13.8920811],[100.6854494,13.8914084],[100.6857221,13.8902941],[100.6843336,13.8884479],[100.686314,13.8888989],[100.6867636,13.8887317],[100.6890803,13.887305],[100.6906523,13.8856336]]]},"properties":{"key":"Khlong Cha La Yai","name":"Khlong Cha La Yai","name_th":"คลองจ้าหล่าใหญ่","waterway":"river","length_km":2.7,"risk":null,"risk_type":null,"note":null,"note_th":null,"curated":false}},{"type":"Feature","geometry":{"type":"MultiLineString","coordinates":[[[100.7130561,13.8458662],[100.715129,13.8460694]],[[100.7044543,13.8450409],[100.7130561,13.8458662]],[[100.715129,13.8460694],[100.7265308,13.8474264],[100.7294126,13.8488165]]]},"properties":{"key":"Khlong Nueng Tawan Tok","name":"Khlong Nueng Tawan Tok","name_th":"คลองหนึ่งตะวันตก","waterway":"canal","length_km":2.7,"risk":null,"risk_type":null,"note":null,"note_th":null,"curated":false}},{"type":"Feature","geometry":{"type":"MultiLineString","coordinates":[[[100.4355485,13.6208868],[100.4357572,13.6191233],[100.4364696,13.6175477],[100.4365507,13.6164324],[100.4389824,13.6158933],[100.4381206,13.61336],[100.4386997,13.6126614],[100.4396517,13.6121863],[100.4416562,13.6120256],[100.4456186,13.6124555],[100.4474704,13.6123503],[100.4486874,13.6111487],[100.4513169,13.6118359]]]},"properties":{"key":"คลองบางขโมย","name":"คลองบางขโมย","name_th":"คลองบางขโมย","waterway":"canal","length_km":2.7,"risk":null,"risk_type":null,"note":null,"note_th":null,"curated":false}},{"type":"Feature","geometry":{"type":"MultiLineString","coordinates":[[[100.6638012,13.9062866],[100.6641764,13.9048276],[100.6639196,13.9028109],[100.6635461,13.9022172],[100.6634078,13.8961312],[100.6633174,13.89503],[100.6630525,13.8948515],[100.6632503,13.8928252],[100.6644039,13.8916403],[100.6647277,13.8907472],[100.666352,13.890058],[100.6704229,13.8865596],[100.671095,13.8862633]]]},"properties":{"key":"Khlong Nong Khwai Hai","name":"Khlong Nong Khwai Hai","name_th":"คลองหนองควายหาย","waterway":"canal","length_km":2.7,"risk":null,"risk_type":null,"note":null,"note_th":null,"curated":false}},{"type":"Feature","geometry":{"type":"MultiLineString","coordinates":[[[100.6977558,13.5861876],[100.699,13.5847051],[100.6981537,13.5825426],[100.6982765,13.5808625],[100.6989567,13.5803039],[100.6995506,13.5785528]],[[100.6993382,13.5756159],[100.6997795,13.5749444],[100.7001101,13.5722679],[100.7011433,13.5705259],[100.7014568,13.5694253],[100.7013825,13.5682786],[100.7024446,13.5652674]],[[100.6995506,13.5785528],[100.6991876,13.5766463],[100.6993382,13.5756159]],[[100.7024446,13.5652674],[100.7027535,13.5646277],[100.7026515,13.5641202]]]},"properties":{"key":"Khlong Bang Krabue #2","name":"Khlong Bang Krabue","name_th":"คลองบางกระบือ","waterway":"river","length_km":2.7,"risk":null,"risk_type":null,"note":null,"note_th":null,"curated":false}},{"type":"Feature","geometry":{"type":"MultiLineString","coordinates":[[[100.7847165,13.593576],[100.7821855,13.5853435],[100.7817134,13.5848429],[100.7798466,13.5843945],[100.7775077,13.5716607]]]},"properties":{"key":"คลองมหาชื้น","name":"คลองมหาชื้น","name_th":"คลองมหาชื้น","waterway":"canal","length_km":2.7,"risk":null,"risk_type":null,"note":null,"note_th":null,"curated":false}},{"type":"Feature","geometry":{"type":"MultiLineString","coordinates":[[[100.2798165,13.5648907],[100.2856699,13.5500482]],[[100.2767314,13.5683959],[100.2798442,13.5659068]],[[100.2798442,13.5659068],[100.2798165,13.5648907]],[[100.2856699,13.5500482],[100.2859462,13.5499165],[100.2863271,13.5503285],[100.2869145,13.5504067],[100.2869923,13.5501121],[100.2863459,13.5495593],[100.2867083,13.5489045]]]},"properties":{"key":"Khlong Luang Derm Bang","name":"Khlong Luang Derm Bang","name_th":"คลองหลวงเดิมบาง","waterway":"canal","length_km":2.7,"risk":null,"risk_type":null,"note":null,"note_th":null,"curated":false}},{"type":"Feature","geometry":{"type":"MultiLineString","coordinates":[[[100.9071546,13.5988409],[100.9066755,13.5998514],[100.906198,13.6033552],[100.9079897,13.6067755],[100.908038,13.6077974],[100.9072924,13.6085795],[100.9065467,13.6100915],[100.904358,13.6155216],[100.9031457,13.6166998],[100.9001094,13.617753],[100.8990169,13.6186483]]]},"properties":{"key":"คลองชวดพร้าว","name":"คลองชวดพร้าว","name_th":"คลองชวดพร้าว","waterway":"river","length_km":2.7,"risk":null,"risk_type":null,"note":null,"note_th":null,"curated":false}},{"type":"Feature","geometry":{"type":"MultiLineString","coordinates":[[[100.1485448,13.6221494],[100.150804,13.6225073],[100.1515215,13.6220955],[100.1521252,13.622297],[100.152731,13.6220974],[100.1537433,13.6228343],[100.1545808,13.6226664],[100.1559684,13.6229701],[100.1575824,13.6226856],[100.1593956,13.6231874],[100.1602372,13.6229464],[100.1611722,13.6217689],[100.1618146,13.6216109],[100.1622699,13.6218993],[100.1624285,13.6229582],[100.1632863,13.6236101],[100.1658231,13.6244478],[100.1672542,13.6245742],[100.1687747,13.623298],[100.1704512,13.6228804]]]},"properties":{"key":"คลองเจ็ดริ้ว","name":"คลองเจ็ดริ้ว","name_th":"คลองเจ็ดริ้ว","waterway":"canal","length_km":2.7,"risk":null,"risk_type":null,"note":null,"note_th":null,"curated":false}},{"type":"Feature","geometry":{"type":"MultiLineString","coordinates":[[[100.7013192,13.7240136],[100.7009417,13.7222658],[100.7013647,13.716454],[100.7024865,13.7159357]],[[100.7024865,13.7159357],[100.6991679,13.7121186],[100.6971236,13.7090193],[100.6956401,13.7074009],[100.6947825,13.7055569],[100.6939235,13.7046514]]]},"properties":{"key":"Khlong Chorakhe Khop","name":"Khlong Chorakhe Khop","name_th":"คลองจรเข้ขบ","waterway":"canal","length_km":2.6,"risk":null,"risk_type":null,"note":null,"note_th":null,"curated":false}},{"type":"Feature","geometry":{"type":"MultiLineString","coordinates":[[[100.3666098,13.6458366],[100.3696219,13.6471685],[100.3698525,13.6468558],[100.3702039,13.6469835],[100.3737471,13.6490921],[100.3753323,13.6493449],[100.3804795,13.6510939]],[[100.3804795,13.6510939],[100.3827245,13.6507316],[100.3863396,13.6489949],[100.3872312,13.6472565]]]},"properties":{"key":"Khlong Rang Khilek","name":"Khlong Rang Khilek","name_th":"คลองรางขี้เหล็ก","waterway":"canal","length_km":2.6,"risk":null,"risk_type":null,"note":null,"note_th":null,"curated":false}},{"type":"Feature","geometry":{"type":"MultiLineString","coordinates":[[[100.4951158,13.7661615],[100.492866,13.7679877],[100.4918027,13.7694924],[100.4912939,13.7697256],[100.4900191,13.7712636],[100.4848201,13.7746466],[100.4819695,13.7773668],[100.4765237,13.7801813]]]},"properties":{"key":"Khlong Bang Yi Khan","name":"Khlong Bang Yi Khan","name_th":"คลองบางยี่ขัน","waterway":"canal","length_km":2.6,"risk":null,"risk_type":null,"note":null,"note_th":null,"curated":false}},{"type":"Feature","geometry":{"type":"MultiLineString","coordinates":[[[100.7311428,13.7751049],[100.7245636,13.7761974],[100.7208783,13.778168],[100.7163294,13.7780366]],[[100.7388699,13.7773473],[100.7379797,13.7771893],[100.7366955,13.7761665],[100.7337405,13.7747259],[100.7311428,13.7751049]]]},"properties":{"key":"Khlong Lam Nai So","name":"Khlong Lam Nai So","name_th":"คลองลำนายโส","waterway":"river","length_km":2.6,"risk":null,"risk_type":null,"note":null,"note_th":null,"curated":false}},{"type":"Feature","geometry":{"type":"MultiLineString","coordinates":[[[100.4950405,13.7570342],[100.495204,13.7565996]],[[100.4962903,13.7482259],[100.4964061,13.7443787],[100.4936547,13.7408369]],[[100.495204,13.7565996],[100.4952175,13.7565324]],[[100.4953557,13.7558887],[100.4955962,13.7547225]],[[100.4962228,13.7512615],[100.4962322,13.7511657]],[[100.4962996,13.7485036],[100.4962903,13.7482259]],[[100.4918733,13.7607377],[100.4950405,13.7570342]],[[100.4910193,13.7618519],[100.4918733,13.7607377]],[[100.4952175,13.7565324],[100.4953557,13.7558887]],[[100.4955962,13.7547225],[100.4957333,13.7541575]],[[100.4957333,13.7541575],[100.4962228,13.7512615]],[[100.4963547,13.7497574],[100.4962996,13.7485036]],[[100.4962322,13.7511657],[100.4963547,13.7497574]]]},"properties":{"key":"Khlong Khu Mueang Doem","name":"Khlong Khu Mueang Doem","name_th":"คลองคูเมืองเดิม","waterway":"canal","length_km":2.6,"risk":1,"risk_type":"flash","note":"Inner moat around the Grand Palace area; fully managed, low risk. Since 2018 a royal-initiative project has diverted Chao Phraya water into the moat to keep it circulating.","note_th":"คูเมืองชั้นในรอบพระบรมมหาราชวัง ควบคุมได้เต็มที่ ความเสี่ยงต่ำ ตั้งแต่ปี 2561 มีโครงการอันเนื่องจากพระราชดำริ \"ผันน้ำจากแม่น้ำเจ้าพระยาเข้าคลอง\" เพื่อหมุนเวียนน้ำ","curated":true}},{"type":"Feature","geometry":{"type":"MultiLineString","coordinates":[[[100.646176,13.5928747],[100.648137,13.5939978],[100.6507584,13.5943665],[100.6522111,13.5949472],[100.6630891,13.5974923],[100.6642065,13.5976873],[100.6666845,13.597441]],[[100.6439871,13.5920763],[100.6442573,13.592396],[100.646176,13.5928747]]]},"properties":{"key":"Khlong Mai #4","name":"Khlong Mai","name_th":"คลองใหม่","waterway":"canal","length_km":2.6,"risk":null,"risk_type":null,"note":null,"note_th":null,"curated":false}},{"type":"Feature","geometry":{"type":"MultiLineString","coordinates":[[[100.5905407,13.5905164],[100.5946425,13.5901305],[100.5958055,13.5907745],[100.5965003,13.5920155],[100.5968694,13.5922074],[100.5995559,13.591223],[100.6002769,13.5919237],[100.6022081,13.5925578],[100.6024742,13.591857],[100.603547,13.5921406],[100.6060447,13.5920572],[100.6073665,13.5928748],[100.6082248,13.5917903],[100.6107708,13.5928677]]]},"properties":{"key":"Khlong Pak Nam","name":"Khlong Pak Nam","name_th":"คลองผักหนาม","waterway":"canal","length_km":2.6,"risk":null,"risk_type":null,"note":null,"note_th":null,"curated":false}},{"type":"Feature","geometry":{"type":"MultiLineString","coordinates":[[[100.6664483,13.6671657],[100.6721822,13.6649789],[100.6723579,13.6645437],[100.673506,13.6640593],[100.6757394,13.6633973],[100.6769096,13.6622859],[100.6783623,13.6614182],[100.6881211,13.6582922]]]},"properties":{"key":"Khlong Ton Tan","name":"Khlong Ton Tan","name_th":"คลองต้นตาล","waterway":"canal","length_km":2.6,"risk":null,"risk_type":null,"note":null,"note_th":null,"curated":false}},{"type":"Feature","geometry":{"type":"MultiLineString","coordinates":[[[100.6562069,13.8814255],[100.6549934,13.8767568],[100.6513158,13.8765503],[100.6508768,13.8761581],[100.6490874,13.8757557]],[[100.6474397,13.8732922],[100.6447583,13.8719881],[100.64411,13.8714521],[100.6443271,13.8707723],[100.6441309,13.8706301],[100.6401759,13.8697485]],[[100.6477754,13.8733676],[100.6474397,13.8732922]],[[100.6489271,13.8752495],[100.648279,13.8749128],[100.6483113,13.8735178],[100.6477754,13.8733676]],[[100.6489971,13.875497],[100.6489271,13.8752495]],[[100.6490385,13.8755774],[100.6489971,13.875497]],[[100.6490874,13.8757557],[100.6490385,13.8755774]],[[100.6494764,13.8756508],[100.6490179,13.875531]],[[100.6495322,13.8758357],[100.6494764,13.8756508]],[[100.6495575,13.8759197],[100.6495322,13.8758357]]]},"properties":{"key":"Khlong Nong Bua Ban","name":"Khlong Nong Bua Ban","name_th":"คลองหนองบัวบาน","waterway":"canal","length_km":2.6,"risk":null,"risk_type":null,"note":null,"note_th":null,"curated":false}},{"type":"Feature","geometry":{"type":"MultiLineString","coordinates":[[[100.4192181,13.5883592],[100.4197576,13.5877705],[100.4228822,13.5878023],[100.423933,13.5865402],[100.4251753,13.586059],[100.4262168,13.5861498],[100.4272677,13.5852328],[100.4294505,13.5856096],[100.4311663,13.5841194],[100.4332866,13.5841297],[100.4354631,13.5856087],[100.4398605,13.5854332],[100.4407718,13.5849485]]]},"properties":{"key":"Klong Klang Thung","name":"Klong Klang Thung","name_th":"คลองกลางทุ่ง","waterway":"river","length_km":2.6,"risk":null,"risk_type":null,"note":null,"note_th":null,"curated":false}},{"type":"Feature","geometry":{"type":"MultiLineString","coordinates":[[[100.7610386,13.8043415],[100.7582776,13.8092063],[100.7586002,13.8116363],[100.7591666,13.8132606],[100.7583698,13.8178521],[100.7550508,13.8198472],[100.7544209,13.8211312],[100.7543864,13.822157],[100.7530386,13.82403]]]},"properties":{"key":"Khlong Ta Not","name":"Khlong Ta Not","name_th":"คลองตะโหนด","waterway":"canal","length_km":2.6,"risk":null,"risk_type":null,"note":null,"note_th":null,"curated":false}},{"type":"Feature","geometry":{"type":"MultiLineString","coordinates":[[[100.6944141,13.5936778],[100.6945112,13.5913588],[100.6957542,13.5899193],[100.696597,13.5895114],[100.6975201,13.5864447]],[[100.699034,13.6066787],[100.6976319,13.6050922],[100.6970959,13.6049226],[100.6951266,13.6025286],[100.6949256,13.6011131],[100.6953029,13.6004808],[100.6946999,13.5992521],[100.6944019,13.5944247]],[[100.6944019,13.5944247],[100.6944141,13.5936778]]]},"properties":{"key":"Khlong Bang Krabue #3","name":"Khlong Bang Krabue","name_th":"คลองบางกระบือ","waterway":"river","length_km":2.6,"risk":null,"risk_type":null,"note":null,"note_th":null,"curated":false}},{"type":"Feature","geometry":{"type":"MultiLineString","coordinates":[[[100.7137233,13.6053643],[100.7134682,13.6043779],[100.7129733,13.6038883],[100.712921,13.6032013]],[[100.7226682,13.6167867],[100.7199739,13.6148578],[100.7175385,13.6153636],[100.7163529,13.6150299],[100.7157253,13.6140862],[100.7150172,13.6120112],[100.7146363,13.6079131],[100.7137233,13.6053643]],[[100.7244007,13.616588],[100.7226682,13.6167867]],[[100.7263434,13.6166832],[100.7244007,13.616588]]]},"properties":{"key":"Khlong Bang Khwang Lek","name":"Khlong Bang Khwang Lek","name_th":"คลองบางขวางเล็ก","waterway":"river","length_km":2.6,"risk":null,"risk_type":null,"note":null,"note_th":null,"curated":false}},{"type":"Feature","geometry":{"type":"MultiLineString","coordinates":[[[100.5411901,13.6288503],[100.5390208,13.627405],[100.5371864,13.626861],[100.5371255,13.626454],[100.5367143,13.6263948],[100.5352598,13.6244262],[100.5352141,13.6239451],[100.5340261,13.6221393],[100.530869,13.6197503]],[[100.530869,13.6197503],[100.5269059,13.6177209],[100.525817,13.6176912],[100.5240797,13.6164675],[100.5230758,13.6151578]]]},"properties":{"key":"Khlong Ta Yuang","name":"Khlong Ta Yuang","name_th":"คลองตายวง","waterway":"canal","length_km":2.6,"risk":null,"risk_type":null,"note":null,"note_th":null,"curated":false}},{"type":"Feature","geometry":{"type":"MultiLineString","coordinates":[[[100.4577587,13.9773017],[100.4567011,13.9750446],[100.4565855,13.9710078],[100.4553235,13.9693907],[100.4538824,13.9697405],[100.4526227,13.9679382]],[[100.4622705,13.9876526],[100.4577587,13.9773017]]]},"properties":{"key":"คลองเจ้าเมือง","name":"คลองเจ้าเมือง","name_th":"คลองเจ้าเมือง","waterway":"canal","length_km":2.6,"risk":null,"risk_type":null,"note":null,"note_th":null,"curated":false}},{"type":"Feature","geometry":{"type":"MultiLineString","coordinates":[[[100.8154571,13.6158391],[100.8158123,13.6175866],[100.8156073,13.6184847],[100.8169785,13.6226889],[100.8165053,13.6243257],[100.8173884,13.6260132],[100.8168705,13.6270597],[100.8178989,13.62895],[100.8211666,13.6318107],[100.8215027,13.6334877],[100.8226458,13.6342856]],[[100.8154571,13.6158391],[100.8148568,13.615853],[100.8137611,13.6148299]]]},"properties":{"key":"Khlong Bang Kratiam","name":"Khlong Bang Kratiam","name_th":"คลองบางกระเทียม","waterway":"canal","length_km":2.6,"risk":null,"risk_type":null,"note":null,"note_th":null,"curated":false}},{"type":"Feature","geometry":{"type":"MultiLineString","coordinates":[[[100.2907453,13.7642918],[100.2913899,13.7658681],[100.2925641,13.7662073],[100.2935156,13.767831],[100.2949866,13.7687637],[100.2968601,13.771235],[100.2985249,13.7716559],[100.3026476,13.773965],[100.30542,13.7744915],[100.306905,13.7753114],[100.3077266,13.7751661],[100.3094826,13.7758817]]]},"properties":{"key":"คลองหัวคนเพลง","name":"คลองหัวคนเพลง","name_th":"คลองหัวคนเพลง","waterway":"canal","length_km":2.6,"risk":null,"risk_type":null,"note":null,"note_th":null,"curated":false}},{"type":"Feature","geometry":{"type":"MultiLineString","coordinates":[[[100.4811287,14.0568678],[100.4710861,14.0356249]]]},"properties":{"key":"คอลงคูขวางไทย","name":"คอลงคูขวางไทย","name_th":"คอลงคูขวางไทย","waterway":"canal","length_km":2.6,"risk":null,"risk_type":null,"note":null,"note_th":null,"curated":false}},{"type":"Feature","geometry":{"type":"MultiLineString","coordinates":[[[100.2509252,13.9939626],[100.2528649,14.0019094],[100.255041,14.0089369],[100.2564246,14.0122457],[100.256483,14.0143192],[100.2571002,14.0166827]]]},"properties":{"key":"คลองทรงกระเทียม","name":"คลองทรงกระเทียม","name_th":"คลองทรงกระเทียม","waterway":"canal","length_km":2.6,"risk":null,"risk_type":null,"note":null,"note_th":null,"curated":false}},{"type":"Feature","geometry":{"type":"MultiLineString","coordinates":[[[100.1889465,13.6172986],[100.1914956,13.615096],[100.198571,13.6109698],[100.2011051,13.6099035],[100.2021739,13.6104745],[100.2027402,13.61022],[100.2033489,13.6106809],[100.2045805,13.6106052],[100.2057485,13.6101237],[100.2072703,13.6107772],[100.2077446,13.6100067],[100.2078335,13.6091219],[100.2084807,13.6086788]]]},"properties":{"key":"คลองอำแพง","name":"คลองอำแพง","name_th":"คลองอำแพง","waterway":"canal","length_km":2.6,"risk":null,"risk_type":null,"note":null,"note_th":null,"curated":false}},{"type":"Feature","geometry":{"type":"MultiLineString","coordinates":[[[100.3475094,13.5359741],[100.3456662,13.530345],[100.3481277,13.5135659]]]},"properties":{"key":"คลองหนาม","name":"คลองหนาม","name_th":"คลองหนาม","waterway":"canal","length_km":2.6,"risk":null,"risk_type":null,"note":null,"note_th":null,"curated":false}},{"type":"Feature","geometry":{"type":"MultiLineString","coordinates":[[[100.4454586,13.7141137],[100.4654975,13.7030822]]]},"properties":{"key":"Khlong Bang Wa","name":"Khlong Bang Wa","name_th":"คลองบางหว้า","waterway":"canal","length_km":2.5,"risk":null,"risk_type":null,"note":null,"note_th":null,"curated":false}},{"type":"Feature","geometry":{"type":"MultiLineString","coordinates":[[[100.8188026,13.6634445],[100.8044259,13.6617087],[100.8015922,13.6592029],[100.7991592,13.6601437],[100.7977834,13.6599991],[100.7968417,13.6603123]]]},"properties":{"key":"Khlong Ton Sai #2","name":"Khlong Ton Sai","name_th":"คลองต้นไทร","waterway":"canal","length_km":2.5,"risk":null,"risk_type":null,"note":null,"note_th":null,"curated":false}},{"type":"Feature","geometry":{"type":"MultiLineString","coordinates":[[[100.4831642,13.7281162],[100.4798951,13.7312773],[100.4789725,13.7327781],[100.4767655,13.7386698],[100.4754561,13.7387299],[100.4759147,13.7406154],[100.4757002,13.7425121],[100.4759509,13.7444575]],[[100.4851217,13.7267449],[100.483227,13.7276184]],[[100.483227,13.7276184],[100.4831642,13.7281162]]]},"properties":{"key":"Khlong Bang Lamchiak","name":"Khlong Bang Lamchiak","name_th":"คลองบางลำเจียก","waterway":"canal","length_km":2.5,"risk":null,"risk_type":null,"note":null,"note_th":null,"curated":false}},{"type":"Feature","geometry":{"type":"MultiLineString","coordinates":[[[100.452281,13.6080672],[100.4498735,13.6065573],[100.4476428,13.6065172],[100.4466986,13.6059782],[100.4398124,13.6059729],[100.436166,13.6040686],[100.431481,13.6026629],[100.4313228,13.6030071]]]},"properties":{"key":"Khlong Bang Ya","name":"Khlong Bang Ya","name_th":"คลองบางหญ้า","waterway":"canal","length_km":2.5,"risk":null,"risk_type":null,"note":null,"note_th":null,"curated":false}},{"type":"Feature","geometry":{"type":"MultiLineString","coordinates":[[[100.4869031,13.7315672],[100.4872819,13.7325692],[100.4880405,13.7330751],[100.4963059,13.7340806],[100.5076462,13.7302882],[100.5079877,13.7294765]]]},"properties":{"key":"Khlong Somdet Chao Phraya","name":"Khlong Somdet Chao Phraya","name_th":"คลองสมเด็จเจ้าพระยา","waterway":"canal","length_km":2.5,"risk":null,"risk_type":null,"note":null,"note_th":null,"curated":false}},{"type":"Feature","geometry":{"type":"MultiLineString","coordinates":[[[100.6704886,13.9005267],[100.6712621,13.8992593],[100.6727165,13.8947625],[100.6744605,13.8930101],[100.672236,13.8905696],[100.6710052,13.8871518],[100.6712551,13.8857687],[100.6721614,13.8845078],[100.6738156,13.8810118]]]},"properties":{"key":"Khlong O Peng","name":"Khlong O Peng","name_th":"คลองออเป้ง","waterway":"canal","length_km":2.5,"risk":null,"risk_type":null,"note":null,"note_th":null,"curated":false}},{"type":"Feature","geometry":{"type":"MultiLineString","coordinates":[[[100.4425062,13.6878496],[100.4440594,13.6865713],[100.4442144,13.685903],[100.4451064,13.6848097]],[[100.4468666,13.682541],[100.4475619,13.681413]],[[100.4451064,13.6848097],[100.4454798,13.6841629],[100.4464308,13.6838561],[100.4464034,13.6830498],[100.4468666,13.682541]],[[100.4377056,13.6936789],[100.4425062,13.6878496]],[[100.4346459,13.6987765],[100.4371265,13.6945783]],[[100.4374256,13.6941323],[100.4377056,13.6936789]],[[100.4371265,13.6945783],[100.4374256,13.6941323]]]},"properties":{"key":"Khlong Wat Sing","name":"Khlong Wat Sing","name_th":"คลองวัดสิงห์","waterway":"canal","length_km":2.5,"risk":null,"risk_type":null,"note":null,"note_th":null,"curated":false}},{"type":"Feature","geometry":{"type":"MultiLineString","coordinates":[[[100.6122707,13.8118075],[100.602633,13.8103497],[100.6025778,13.8106131],[100.6021621,13.8105554],[100.6019589,13.810229],[100.6011539,13.8100241],[100.600935,13.8086807],[100.6001027,13.8082937],[100.600005,13.8054133],[100.6014391,13.8016791],[100.6013593,13.8003559]]]},"properties":{"key":"Khlong Song Ton","name":"Khlong Song Ton","name_th":"คลองสองตอน","waterway":"canal","length_km":2.5,"risk":null,"risk_type":null,"note":null,"note_th":null,"curated":false}},{"type":"Feature","geometry":{"type":"MultiLineString","coordinates":[[[100.594613,13.7639021],[100.5932147,13.7632859],[100.5917127,13.7630359],[100.5892563,13.7628518],[100.5879238,13.7630909],[100.5860612,13.7618701],[100.5838628,13.7618093],[100.5825163,13.7611834],[100.5813061,13.7594211],[100.5807731,13.7564149],[100.5811297,13.7546709],[100.580838,13.753807]],[[100.594613,13.7639021],[100.594073,13.7636111]],[[100.5809797,13.7552215],[100.5811297,13.7546709],[100.580838,13.753807]]]},"properties":{"key":"Khlong Chuat Yai","name":"Khlong Chuat Yai","name_th":"คลองชวดใหญ่","waterway":"canal","length_km":2.5,"risk":null,"risk_type":null,"note":null,"note_th":null,"curated":false}},{"type":"Feature","geometry":{"type":"MultiLineString","coordinates":[[[100.4155004,13.5620117],[100.4130864,13.5616466],[100.4120028,13.5607497],[100.40946,13.5599049],[100.4064604,13.5603298],[100.4014241,13.5594199],[100.396918,13.5576207],[100.3947723,13.5578867],[100.3941661,13.558235]]]},"properties":{"key":"คลองแสมดำใต้","name":"คลองแสมดำใต้","name_th":"คลองแสมดำใต้","waterway":"canal","length_km":2.5,"risk":null,"risk_type":null,"note":null,"note_th":null,"curated":false}},{"type":"Feature","geometry":{"type":"MultiLineString","coordinates":[[[100.6871358,13.7052615],[100.6913676,13.7036137],[100.6926332,13.7045404],[100.6934493,13.7043759],[100.6939235,13.7046514]],[[100.6788947,13.7171652],[100.6792915,13.7160975],[100.6803518,13.7146654],[100.6807238,13.71326],[100.683347,13.7106866],[100.6838485,13.7090712],[100.6852268,13.7067736],[100.6871358,13.7052615]]]},"properties":{"key":"Khlong Song Hong","name":"Khlong Song Hong","name_th":"คลองสองห้อง","waterway":"canal","length_km":2.5,"risk":null,"risk_type":null,"note":null,"note_th":null,"curated":false}},{"type":"Feature","geometry":{"type":"MultiLineString","coordinates":[[[100.6837269,13.8480853],[100.6899806,13.8449193],[100.6950446,13.8434943],[100.7037135,13.8430359],[100.7044543,13.8450409]]]},"properties":{"key":"Khlong Kalok","name":"Khlong Kalok","name_th":"คลองกะโหลก","waterway":"canal","length_km":2.5,"risk":null,"risk_type":null,"note":null,"note_th":null,"curated":false}},{"type":"Feature","geometry":{"type":"MultiLineString","coordinates":[[[100.1587881,13.7119287],[100.1587423,13.712706],[100.1591502,13.7132005],[100.1603953,13.7133118],[100.161347,13.7130637],[100.1637771,13.7095009],[100.1641164,13.7083423],[100.1641164,13.7058876],[100.1651707,13.7051663],[100.1665419,13.7058235],[100.1678819,13.7074153],[100.168207,13.7094152],[100.1685796,13.7099545]],[[100.1685796,13.7099545],[100.1680782,13.7109112],[100.1679463,13.7130315]]]},"properties":{"key":"คลองบางช้าง #2","name":"คลองบางช้าง","name_th":"คลองบางช้าง","waterway":"ditch","length_km":2.5,"risk":null,"risk_type":null,"note":null,"note_th":null,"curated":false}},{"type":"Feature","geometry":{"type":"MultiLineString","coordinates":[[[100.3662974,13.6864996],[100.3687326,13.6824825],[100.3698655,13.6813441],[100.370654,13.6796919],[100.3703268,13.6775288],[100.3710295,13.6772473],[100.371743,13.6744431],[100.3712441,13.6741981],[100.3714265,13.6730983],[100.3718557,13.6730618],[100.3735401,13.6714616],[100.3757755,13.6682897]]]},"properties":{"key":"Khlong Muen Chaem","name":"Khlong Muen Chaem","name_th":"คลองหมื่นแช่ม","waterway":"canal","length_km":2.5,"risk":null,"risk_type":null,"note":null,"note_th":null,"curated":false}},{"type":"Feature","geometry":{"type":"MultiLineString","coordinates":[[[100.4969135,13.8360459],[100.4938051,13.8343415]],[[100.5112414,13.8414416],[100.5087864,13.8411238],[100.4969135,13.8360459]],[[100.5147879,13.8417099],[100.5112414,13.8414416]]]},"properties":{"key":"Khlong Bang Tanao Si","name":"Khlong Bang Tanao Si","name_th":"คลองบางตะนาวศรี","waterway":"canal","length_km":2.5,"risk":null,"risk_type":null,"note":null,"note_th":null,"curated":false}},{"type":"Feature","geometry":{"type":"MultiLineString","coordinates":[[[100.7020638,13.6189438],[100.701923,13.6165868],[100.7010127,13.6134328],[100.698796,13.6094042],[100.6985845,13.6067837]],[[100.7014586,13.6283259],[100.7017697,13.6258182],[100.7016139,13.6211995],[100.7020829,13.6197897],[100.7020638,13.6189438]]]},"properties":{"key":"Khlong Suea Tai","name":"Khlong Suea Tai","name_th":"คลองเสือตาย","waterway":"river","length_km":2.5,"risk":null,"risk_type":null,"note":null,"note_th":null,"curated":false}},{"type":"Feature","geometry":{"type":"MultiLineString","coordinates":[[[100.4651961,13.9188603],[100.4655654,13.9194673],[100.465228,13.9195889],[100.465054,13.92018],[100.464324,13.9204601],[100.4639654,13.9213211],[100.4630317,13.9213396],[100.4628407,13.9224416],[100.4621064,13.9223963],[100.4618433,13.9229977],[100.4613192,13.9231544],[100.4602658,13.9228514]],[[100.4540606,13.9259833],[100.4544002,13.9258674]],[[100.4533579,13.9261355],[100.4540606,13.9259833]],[[100.4477469,13.9289919],[100.4483018,13.9285535]],[[100.4526609,13.9263952],[100.4533579,13.9261355]],[[100.4483018,13.9285535],[100.450256,13.927203],[100.4526609,13.9263952]],[[100.4544002,13.9258674],[100.458318,13.9243771],[100.4602658,13.9228514]]]},"properties":{"key":"Khlong Bang Phlap Noi","name":"Khlong Bang Phlap Noi","name_th":"คลองบางพลับน้อย","waterway":"river","length_km":2.5,"risk":null,"risk_type":null,"note":null,"note_th":null,"curated":false}},{"type":"Feature","geometry":{"type":"MultiLineString","coordinates":[[[100.1916058,13.8397944],[100.1918813,13.8364443],[100.1946573,13.8272452],[100.194786,13.8256044],[100.1952849,13.8240731],[100.1947163,13.8227295],[100.1949542,13.8219311],[100.1943857,13.8205027],[100.1951733,13.8185718]]]},"properties":{"key":"Khlong Ban Kluai #2","name":"Khlong Ban Kluai","name_th":"คลองบ้านกล้วย","waterway":"canal","length_km":2.5,"risk":null,"risk_type":null,"note":null,"note_th":null,"curated":false}},{"type":"Feature","geometry":{"type":"MultiLineString","coordinates":[[[100.2708134,13.8078449],[100.2720936,13.8136601],[100.2730699,13.8221823],[100.2729969,13.8299537]]]},"properties":{"key":"คลองปฏิรูป 2","name":"คลองปฏิรูป 2","name_th":"คลองปฏิรูป 2","waterway":"canal","length_km":2.5,"risk":null,"risk_type":null,"note":null,"note_th":null,"curated":false}},{"type":"Feature","geometry":{"type":"MultiLineString","coordinates":[[[100.7146197,13.8313397],[100.7146377,13.824929],[100.7154809,13.8219043],[100.7120964,13.8215154],[100.7120498,13.8220695],[100.7057871,13.8211094]],[[100.7147083,13.8333653],[100.7146197,13.8313397]],[[100.7142579,13.8332576],[100.7147083,13.8333653]]]},"properties":{"key":"Lam Rang Khu Khot","name":"Lam Rang Khu Khot","name_th":"ลำรางคูคต","waterway":"canal","length_km":2.5,"risk":null,"risk_type":null,"note":null,"note_th":null,"curated":false}},{"type":"Feature","geometry":{"type":"MultiLineString","coordinates":[[[100.560171,13.6378108],[100.5537283,13.6349227],[100.5536425,13.635663],[100.5532133,13.6356004],[100.552473,13.6352511],[100.5510783,13.6337654],[100.546878,13.6318417]],[[100.546878,13.6318417],[100.5454306,13.6311775],[100.5452914,13.6308824],[100.5449896,13.6309632],[100.5444905,13.629985],[100.5429429,13.6299355],[100.5411901,13.6288503]]]},"properties":{"key":"Khlong Yai Saeng","name":"Khlong Yai Saeng","name_th":"คลองยายแสง","waterway":"canal","length_km":2.5,"risk":null,"risk_type":null,"note":null,"note_th":null,"curated":false}},{"type":"Feature","geometry":{"type":"MultiLineString","coordinates":[[[100.5700236,13.593371],[100.57471,13.5897883],[100.5764489,13.5874311],[100.5771947,13.5878861],[100.5784392,13.5880582],[100.5787343,13.588736]],[[100.5787343,13.588736],[100.5807888,13.589015],[100.5811349,13.5886031],[100.5818483,13.5885196],[100.5839297,13.5890697],[100.588245,13.586464]]]},"properties":{"key":"Khlong Lui","name":"Khlong Lui","name_th":"คลองลุ่ย","waterway":"canal","length_km":2.5,"risk":null,"risk_type":null,"note":null,"note_th":null,"curated":false}},{"type":"Feature","geometry":{"type":"MultiLineString","coordinates":[[[100.8644567,13.6450995],[100.868142,13.6443957],[100.8687429,13.6437962],[100.8742199,13.6415859],[100.8745579,13.6412262],[100.8762906,13.6407257],[100.8773635,13.6394172],[100.8774225,13.6370974],[100.8784685,13.6353457],[100.8787681,13.6313708]]]},"properties":{"key":"คลองอ้อม","name":"คลองอ้อม","name_th":"คลองอ้อม","waterway":"canal","length_km":2.5,"risk":null,"risk_type":null,"note":null,"note_th":null,"curated":false}},{"type":"Feature","geometry":{"type":"MultiLineString","coordinates":[[[100.6705427,13.8468367],[100.6817693,13.8400697],[100.686508,13.836133],[100.6874154,13.8344912],[100.6880877,13.8343647]]]},"properties":{"key":"Khlong Kho Tan","name":"Khlong Kho Tan","name_th":"คลองคอตัน","waterway":"canal","length_km":2.4,"risk":null,"risk_type":null,"note":null,"note_th":null,"curated":false}},{"type":"Feature","geometry":{"type":"MultiLineString","coordinates":[[[100.5882648,13.8030419],[100.5820135,13.8027541],[100.5804438,13.8018367],[100.5769399,13.8011577],[100.5756943,13.8013778],[100.5748107,13.8010236]],[[100.5748107,13.8010236],[100.5720477,13.7996502],[100.5673915,13.79925]]]},"properties":{"key":"Khlong Nam Kaeo","name":"Khlong Nam Kaeo","name_th":"คลองน้ำแก้ว","waterway":"canal","length_km":2.4,"risk":null,"risk_type":null,"note":null,"note_th":null,"curated":false}},{"type":"Feature","geometry":{"type":"MultiLineString","coordinates":[[[100.5064699,13.6363112],[100.5059442,13.6364364],[100.5041525,13.6354146],[100.5011055,13.6346222],[100.5009231,13.6333814],[100.5011198,13.6319112],[100.5014917,13.6305349],[100.5020546,13.6299198],[100.5024107,13.6283461],[100.5031725,13.6277726],[100.5045897,13.6250616],[100.5068819,13.6227782],[100.5077538,13.6228001],[100.5082755,13.6232584]]]},"properties":{"key":"Khlong Rang Wake","name":"Khlong Rang Wake","name_th":"คลองรางเวก","waterway":"river","length_km":2.4,"risk":null,"risk_type":null,"note":null,"note_th":null,"curated":false}},{"type":"Feature","geometry":{"type":"MultiLineString","coordinates":[[[100.474752,13.6352752],[100.4796629,13.6352869],[100.4809036,13.6345596],[100.482808,13.6365406],[100.4839614,13.636207],[100.4857423,13.636697],[100.4865148,13.6361757],[100.4870298,13.636624],[100.487577,13.6364155],[100.4882207,13.6354771],[100.4893687,13.6360401],[100.4900982,13.6358942],[100.4905918,13.6346639],[100.491493,13.633788],[100.4921716,13.6335404],[100.4928663,13.6326307]]]},"properties":{"key":"Khlong Ratchaphruek","name":"Khlong Ratchaphruek","name_th":"คลองราชพฤกษ์","waterway":"river","length_km":2.4,"risk":null,"risk_type":null,"note":null,"note_th":null,"curated":false}},{"type":"Feature","geometry":{"type":"MultiLineString","coordinates":[[[100.5175609,13.6646214],[100.5175952,13.6672985],[100.5203053,13.6682772],[100.5205025,13.6684877],[100.520331,13.6688573],[100.5210885,13.669125],[100.5204134,13.6709706],[100.5210948,13.6719086],[100.5216207,13.672144],[100.5219882,13.6742964],[100.5216672,13.6750914],[100.5206078,13.6751183],[100.5203733,13.6756166],[100.5228322,13.6781679]],[[100.5176657,13.6626183],[100.5175635,13.6629889]],[[100.5175635,13.6629889],[100.5174925,13.6638741]],[[100.5174925,13.6638741],[100.5175609,13.6646214]]]},"properties":{"key":"Khlong Chaeng Ron #2","name":"Khlong Chaeng Ron","name_th":"คลองแจงร้อน","waterway":"canal","length_km":2.4,"risk":null,"risk_type":null,"note":null,"note_th":null,"curated":false}},{"type":"Feature","geometry":{"type":"MultiLineString","coordinates":[[[100.5825444,13.6247946],[100.581927,13.6242966],[100.5800817,13.6214813],[100.5796848,13.621291],[100.5795131,13.6207149],[100.5783061,13.620204],[100.5785475,13.6196044],[100.5779252,13.6196253],[100.5769435,13.6182854],[100.5758721,13.6185958],[100.5755112,13.6181081],[100.5748675,13.6181498],[100.5736551,13.6167786],[100.5738697,13.6163772],[100.5728397,13.61486],[100.5738553,13.6134099],[100.5741917,13.6104877]]]},"properties":{"key":"Khlong Bang Duan","name":"Khlong Bang Duan","name_th":"คลองบางด้วน","waterway":"river","length_km":2.4,"risk":null,"risk_type":null,"note":null,"note_th":null,"curated":false}},{"type":"Feature","geometry":{"type":"MultiLineString","coordinates":[[[100.4461473,13.706977],[100.4561781,13.7027936]],[[100.4461473,13.706977],[100.4446982,13.7076309]],[[100.4446982,13.7076309],[100.437774,13.7097947],[100.438441,13.7116453]]]},"properties":{"key":"Khlong Rang Bua","name":"Khlong Rang Bua","name_th":"คลองรางบัว","waterway":"canal","length_km":2.4,"risk":null,"risk_type":null,"note":null,"note_th":null,"curated":false}},{"type":"Feature","geometry":{"type":"MultiLineString","coordinates":[[[100.7519889,13.8335691],[100.7563233,13.8358141],[100.7604915,13.8385487],[100.7626212,13.83958],[100.7645282,13.8398808]],[[100.7519889,13.8335691],[100.750106,13.832892],[100.7487917,13.8319388],[100.7459435,13.8287243]]]},"properties":{"key":"Khlong Bueng Yao","name":"Khlong Bueng Yao","name_th":"คลองบึงยาว","waterway":"river","length_km":2.4,"risk":null,"risk_type":null,"note":null,"note_th":null,"curated":false}},{"type":"Feature","geometry":{"type":"MultiLineString","coordinates":[[[100.7354892,13.5502094],[100.7508593,13.5482066],[100.7576828,13.5468507]]]},"properties":{"key":"Khlong Paet #2","name":"Khlong Paet","name_th":"คลองแปด","waterway":"canal","length_km":2.4,"risk":null,"risk_type":null,"note":null,"note_th":null,"curated":false}},{"type":"Feature","geometry":{"type":"MultiLineString","coordinates":[[[100.8802899,13.8721787],[100.8793569,13.8724161],[100.8777058,13.871086],[100.8750521,13.8708277],[100.8726306,13.871661],[100.8720084,13.8727599],[100.8708615,13.8731275],[100.8696095,13.8740154],[100.8682826,13.8743211],[100.8644856,13.8741136],[100.8615994,13.8756092],[100.8607084,13.8755328]]]},"properties":{"key":"Khlong Bueng Toei","name":"Khlong Bueng Toei","name_th":"คลองบึงเตย","waterway":"canal","length_km":2.4,"risk":null,"risk_type":null,"note":null,"note_th":null,"curated":false}},{"type":"Feature","geometry":{"type":"MultiLineString","coordinates":[[[100.5058388,13.9213942],[100.506336,13.9227114],[100.5071763,13.9234627],[100.5090557,13.9239141],[100.5098443,13.9250544],[100.5110191,13.9254293],[100.5129878,13.9270017]],[[100.5129878,13.9270017],[100.5250853,13.9262902]]]},"properties":{"key":"Khlong Po","name":"Khlong Po","name_th":"คลองโพธิ์","waterway":"river","length_km":2.4,"risk":null,"risk_type":null,"note":null,"note_th":null,"curated":false}},{"type":"Feature","geometry":{"type":"MultiLineString","coordinates":[[[100.7359651,13.8470017],[100.7373482,13.8474838],[100.7389073,13.8464141],[100.741054,13.8441913],[100.7423641,13.8421743],[100.7437436,13.8408277],[100.7439994,13.8382419],[100.7444592,13.8371746],[100.7465596,13.8345215],[100.7481064,13.8333228],[100.74966,13.8325685]]]},"properties":{"key":"คลองบ่อหินแก้ว","name":"คลองบ่อหินแก้ว","name_th":"คลองบ่อหินแก้ว","waterway":"canal","length_km":2.4,"risk":null,"risk_type":null,"note":null,"note_th":null,"curated":false}},{"type":"Feature","geometry":{"type":"MultiLineString","coordinates":[[[100.3783578,13.601379],[100.3784992,13.5988501],[100.3789857,13.5975251],[100.3791375,13.5960083],[100.3788113,13.5944232],[100.3785093,13.5942861],[100.3788961,13.5934346],[100.3792778,13.5934075],[100.3810375,13.5914376],[100.3836178,13.5895344],[100.3843056,13.589572],[100.3843336,13.5890006]],[[100.3771483,13.6065037],[100.3784508,13.6020983],[100.3783578,13.601379]]]},"properties":{"key":"Khlong Samae Dam Nuea","name":"Khlong Samae Dam Nuea","name_th":"คลองแสมดำเหนือ","waterway":"river","length_km":2.4,"risk":null,"risk_type":null,"note":null,"note_th":null,"curated":false}},{"type":"Feature","geometry":{"type":"MultiLineString","coordinates":[[[100.5216308,13.6422347],[100.5254931,13.6463801],[100.5301482,13.6506813]],[[100.5169464,13.6377394],[100.5216308,13.6422347]],[[100.5168364,13.6363988],[100.518043,13.6349196]],[[100.5168364,13.6363988],[100.5169464,13.6377394]]]},"properties":{"key":"Khlong Khut Chao Mueang","name":"Khlong Khut Chao Mueang","name_th":"คลองขุดเจ้าเมือง","waterway":"canal","length_km":2.4,"risk":null,"risk_type":null,"note":null,"note_th":null,"curated":false}},{"type":"Feature","geometry":{"type":"MultiLineString","coordinates":[[[100.4246575,13.817562],[100.4266364,13.8164631],[100.4346885,13.8138936]],[[100.4416254,13.8106594],[100.4388913,13.8121705]],[[100.4388913,13.8121705],[100.4369306,13.8131741],[100.4346885,13.8138936]],[[100.4450394,13.8085965],[100.4416254,13.8106594]]]},"properties":{"key":"Khlong Kho Phueak","name":"Khlong Kho Phueak","name_th":"คลองโคเผือก","waterway":"canal","length_km":2.4,"risk":null,"risk_type":null,"note":null,"note_th":null,"curated":false}},{"type":"Feature","geometry":{"type":"MultiLineString","coordinates":[[[100.3867007,13.4918871],[100.3865068,13.5138027]]]},"properties":{"key":"คลองแยกพะเนียง","name":"คลองแยกพะเนียง","name_th":"คลองแยกพะเนียง","waterway":"canal","length_km":2.4,"risk":null,"risk_type":null,"note":null,"note_th":null,"curated":false}},{"type":"Feature","geometry":{"type":"MultiLineString","coordinates":[[[100.6633573,13.8040864],[100.6634442,13.7992176],[100.6638568,13.7961002],[100.6653465,13.7934189],[100.6645184,13.7930154],[100.6649918,13.7910579],[100.6642564,13.7906372],[100.6627652,13.7890263],[100.664952,13.7849675]]]},"properties":{"key":"Lam Rang Na Pa","name":"Lam Rang Na Pa","name_th":"ลำรางนาป่า","waterway":"canal","length_km":2.4,"risk":null,"risk_type":null,"note":null,"note_th":null,"curated":false}},{"type":"Feature","geometry":{"type":"MultiLineString","coordinates":[[[100.4450394,13.8085965],[100.4465838,13.807705]],[[100.4465838,13.807705],[100.4497667,13.8058773]],[[100.4553968,13.8025934],[100.4631241,13.7981062],[100.4640039,13.797215]],[[100.4497667,13.8058773],[100.4515458,13.8048624]],[[100.4515458,13.8048624],[100.4553968,13.8025934]]]},"properties":{"key":"Khlong Bang Khwang","name":"Khlong Bang Khwang","name_th":"คลองบางขวาง","waterway":"canal","length_km":2.4,"risk":null,"risk_type":null,"note":null,"note_th":null,"curated":false}},{"type":"Feature","geometry":{"type":"MultiLineString","coordinates":[[[100.5713176,13.6834822],[100.5657336,13.6839734]],[[100.5524048,13.6901158],[100.5544442,13.6899334],[100.5565926,13.6885158],[100.5569896,13.6886604],[100.5586145,13.6877846],[100.558675,13.6873614],[100.5591112,13.687412],[100.5597389,13.6866264],[100.5601885,13.6867228],[100.5618659,13.6857846],[100.5634591,13.684492]],[[100.5634591,13.684492],[100.5647117,13.6839891],[100.5657336,13.6839734]],[[100.5719242,13.68344],[100.5713176,13.6834822]]]},"properties":{"key":"Khlong Bang Kachao","name":"Khlong Bang Kachao","name_th":"คลองบางกะเจ้า","waterway":"canal","length_km":2.4,"risk":null,"risk_type":null,"note":null,"note_th":null,"curated":false}},{"type":"Feature","geometry":{"type":"MultiLineString","coordinates":[[[100.9175348,13.6417434],[100.9172934,13.6395278],[100.9169394,13.6390065],[100.9146005,13.6374947],[100.9116822,13.6368014],[100.9107059,13.6362852],[100.9092307,13.6343251],[100.9085226,13.6326777],[100.9065753,13.6311554],[100.9062052,13.6287625],[100.904097,13.627115]]]},"properties":{"key":"Khlong Pin Kaeo","name":"Khlong Pin Kaeo","name_th":"คลองปิ่นแก้ว","waterway":"river","length_km":2.4,"risk":null,"risk_type":null,"note":null,"note_th":null,"curated":false}},{"type":"Feature","geometry":{"type":"MultiLineString","coordinates":[[[100.4935729,13.5559911],[100.4939191,13.5562057],[100.4940745,13.5568228],[100.4953442,13.5566591],[100.495681,13.5563064],[100.4954608,13.5552988],[100.4951498,13.5550218],[100.4943596,13.5550721],[100.4943207,13.5547069],[100.4947741,13.5541275],[100.4953312,13.5540772],[100.4970414,13.5545558],[100.4972486,13.5548832],[100.4964584,13.5557145],[100.4972357,13.5564701],[100.4984406,13.5556263],[100.4982462,13.5548202],[100.4984794,13.5545935],[100.4988292,13.5547573],[100.4992567,13.5558656],[100.5001248,13.5555759],[100.5003709,13.5541023],[100.4986997,13.5533467],[100.4989458,13.5529058],[100.4995418,13.5526665],[100.5000276,13.5516363]]]},"properties":{"key":"คลองสวนบ้านล่าง","name":"คลองสวนบ้านล่าง","name_th":"คลองสวนบ้านล่าง","waterway":"river","length_km":2.4,"risk":null,"risk_type":null,"note":null,"note_th":null,"curated":false}},{"type":"Feature","geometry":{"type":"MultiLineString","coordinates":[[[100.3682454,13.8640531],[100.3677105,13.8600852],[100.3681904,13.8591659],[100.3685024,13.8558463],[100.3681496,13.8510884],[100.3678751,13.8503742],[100.3671768,13.8501176],[100.367105,13.8484545],[100.3668083,13.8482251],[100.3675115,13.8432033]]]},"properties":{"key":"คลองตาด่อน","name":"คลองตาด่อน","name_th":"คลองตาด่อน","waterway":"canal","length_km":2.4,"risk":null,"risk_type":null,"note":null,"note_th":null,"curated":false}},{"type":"Feature","geometry":{"type":"MultiLineString","coordinates":[[[100.4643743,13.6710203],[100.4643151,13.6766502],[100.4637934,13.6804051]],[[100.4625805,13.6853574],[100.4618275,13.6870093],[100.4582227,13.6895067]],[[100.4637934,13.6804051],[100.4637471,13.6822641],[100.4625805,13.6853574]]]},"properties":{"key":"Khlong Bang Mot #2","name":"Khlong Bang Mot","name_th":"คลองบางมด","waterway":"canal","length_km":2.3,"risk":null,"risk_type":null,"note":null,"note_th":null,"curated":false}},{"type":"Feature","geometry":{"type":"MultiLineString","coordinates":[[[100.4955094,13.6141973],[100.4956716,13.6133778],[100.4971936,13.6107089],[100.4992709,13.6083472],[100.5008034,13.6037103],[100.5017739,13.6028867],[100.5007844,13.598533],[100.4996173,13.5956329]]]},"properties":{"key":"Khlong Rang Pho #2","name":"Khlong Rang Pho","name_th":"คลองรางโพธิ์","waterway":"river","length_km":2.3,"risk":null,"risk_type":null,"note":null,"note_th":null,"curated":false}},{"type":"Feature","geometry":{"type":"MultiLineString","coordinates":[[[100.6241431,13.7396542],[100.622835,13.7426107],[100.6219525,13.7464144]],[[100.6256262,13.7352978],[100.6241431,13.7396542]],[[100.6299135,13.7275371],[100.6289779,13.7287211],[100.627433,13.732348],[100.6256262,13.7352978]]]},"properties":{"key":"Khlong Lao","name":"Khlong Lao","name_th":"คลองลาว","waterway":"canal","length_km":2.3,"risk":null,"risk_type":null,"note":null,"note_th":null,"curated":false}},{"type":"Feature","geometry":{"type":"MultiLineString","coordinates":[[[100.4326204,13.7301423],[100.4249406,13.7290205]],[[100.442736,13.7307541],[100.4436207,13.7311621],[100.444996,13.7309173]],[[100.444996,13.7309173],[100.4453485,13.7308456]],[[100.4453485,13.7308456],[100.4458802,13.7307421]],[[100.442736,13.7307541],[100.4387766,13.7310423],[100.4326204,13.7301423]]]},"properties":{"key":"Khlong Bang Phlia","name":"Khlong Bang Phlia","name_th":"คลองบางเพลี้ย","waterway":"canal","length_km":2.3,"risk":null,"risk_type":null,"note":null,"note_th":null,"curated":false}},{"type":"Feature","geometry":{"type":"MultiLineString","coordinates":[[[100.678324,13.719119],[100.6788947,13.7171652],[100.6781599,13.7155209],[100.6759344,13.7130284],[100.674893,13.7123642],[100.6747857,13.7106273],[100.6736045,13.7095088],[100.6733322,13.7087367],[100.6729389,13.708794],[100.6723218,13.7080912],[100.671887,13.7081266],[100.6714848,13.7077705]],[[100.678909,13.7239875],[100.6789674,13.7219523],[100.6783051,13.7218401],[100.678324,13.719119]]]},"properties":{"key":"Khlong Sala Loi Bon","name":"Khlong Sala Loi Bon","name_th":"คลองศาลาลอยบน","waterway":"river","length_km":2.3,"risk":null,"risk_type":null,"note":null,"note_th":null,"curated":false}},{"type":"Feature","geometry":{"type":"MultiLineString","coordinates":[[[100.6527314,13.883236],[100.6527291,13.8828626]],[[100.6493175,13.9013883],[100.6500047,13.8961527],[100.6495764,13.8959704],[100.6499108,13.8935848],[100.6506849,13.8923642],[100.6511358,13.8900787],[100.651926,13.8892538],[100.6525077,13.8893072],[100.6531285,13.8863392]],[[100.6531285,13.8863392],[100.6526875,13.8852868],[100.6527314,13.883236]]]},"properties":{"key":"Khlong Nong Takhaeng","name":"Khlong Nong Takhaeng","name_th":"คลองหนองตะแคง","waterway":"canal","length_km":2.3,"risk":null,"risk_type":null,"note":null,"note_th":null,"curated":false}},{"type":"Feature","geometry":{"type":"MultiLineString","coordinates":[[[100.53315,13.5537042],[100.5343436,13.5523222],[100.5347942,13.5510393],[100.5350517,13.5497668],[100.5346655,13.5493392],[100.5348157,13.5480041]],[[100.5348157,13.5480041],[100.5350517,13.5441553],[100.5355452,13.5426011]],[[100.5283964,13.5609896],[100.5297302,13.5588931],[100.5307173,13.5565151]],[[100.5307173,13.5565151],[100.53315,13.5537042]]]},"properties":{"key":"Khlong Chek #4","name":"Khlong Chek","name_th":"คลองเจ๊ก","waterway":"canal","length_km":2.3,"risk":null,"risk_type":null,"note":null,"note_th":null,"curated":false}},{"type":"Feature","geometry":{"type":"MultiLineString","coordinates":[[[100.9354795,13.5441181],[100.9349124,13.5422961],[100.9348951,13.5409884],[100.9344975,13.5406052],[100.9344767,13.5377242],[100.9355314,13.5357643],[100.9377132,13.5330917],[100.9398812,13.5294408],[100.940393,13.5278238],[100.9402469,13.5252228]]]},"properties":{"key":"Khlong Na #3","name":"Khlong Na","name_th":"คลองนา","waterway":"river","length_km":2.3,"risk":null,"risk_type":null,"note":null,"note_th":null,"curated":false}},{"type":"Feature","geometry":{"type":"MultiLineString","coordinates":[[[100.6655623,13.8047411],[100.6662675,13.7992481],[100.6667261,13.7976281],[100.6689629,13.7931195],[100.6687863,13.7923393],[100.6724477,13.7859926]]]},"properties":{"key":"Khlong Kum","name":"Khlong Kum","name_th":"คลองกุ่ม","waterway":"canal","length_km":2.3,"risk":null,"risk_type":null,"note":null,"note_th":null,"curated":false}},{"type":"Feature","geometry":{"type":"MultiLineString","coordinates":[[[100.705534,13.6787799],[100.7064487,13.6785618]],[[100.6967007,13.680276],[100.698075,13.680521],[100.705534,13.6787799]],[[100.7064487,13.6785618],[100.7122918,13.6771679],[100.7145119,13.6769347],[100.7174815,13.6754551]]]},"properties":{"key":"Khlong Pak Nam #2","name":"Khlong Pak Nam","name_th":"คลองผักหนาม","waterway":"canal","length_km":2.3,"risk":null,"risk_type":null,"note":null,"note_th":null,"curated":false}},{"type":"Feature","geometry":{"type":"MultiLineString","coordinates":[[[100.6893128,13.6636109],[100.6782223,13.6676055],[100.6790055,13.6696999]],[[100.6790055,13.6696999],[100.680351,13.6737054],[100.6834211,13.6728894]]]},"properties":{"key":"Khlong Lhong Taew","name":"Khlong Lhong Taew","name_th":"คลองโลงแถว","waterway":"canal","length_km":2.3,"risk":null,"risk_type":null,"note":null,"note_th":null,"curated":false}},{"type":"Feature","geometry":{"type":"MultiLineString","coordinates":[[[100.6717664,13.9012009],[100.6738742,13.8997331],[100.6755706,13.9002191],[100.6766756,13.9000976],[100.6825351,13.8979165],[100.6839404,13.897796],[100.6869963,13.8980477],[100.6871779,13.8987557],[100.6884103,13.8987659],[100.6885056,13.8999879],[100.6888441,13.9003525],[100.690433,13.9006086]]]},"properties":{"key":"Khlong Chorakhe Phrong","name":"Khlong Chorakhe Phrong","name_th":"คลองจรเข้โพรง","waterway":"canal","length_km":2.3,"risk":null,"risk_type":null,"note":null,"note_th":null,"curated":false}},{"type":"Feature","geometry":{"type":"MultiLineString","coordinates":[[[100.50379,13.6444546],[100.5039272,13.642421],[100.5060193,13.6392932],[100.5061695,13.6386884],[100.5059442,13.6383235],[100.5064377,13.63726],[100.5064699,13.6363112],[100.5073389,13.6353103],[100.5087444,13.6346326],[100.5101499,13.635988],[100.5113086,13.6363634],[100.5142483,13.6355293],[100.515289,13.6362278],[100.5168364,13.6363988]]]},"properties":{"key":"รางจาก","name":"รางจาก","name_th":"รางจาก","waterway":"canal","length_km":2.3,"risk":null,"risk_type":null,"note":null,"note_th":null,"curated":false}},{"type":"Feature","geometry":{"type":"MultiLineString","coordinates":[[[100.4121325,13.6617044],[100.4129792,13.6602545],[100.4126948,13.6579661],[100.4143117,13.6531982]],[[100.4143117,13.6531982],[100.4147778,13.6511961],[100.4160413,13.6489839],[100.4195913,13.6455997],[100.4214902,13.6445805]]]},"properties":{"key":"รางสะแก","name":"รางสะแก","name_th":"รางสะแก","waterway":"canal","length_km":2.3,"risk":null,"risk_type":null,"note":null,"note_th":null,"curated":false}},{"type":"Feature","geometry":{"type":"MultiLineString","coordinates":[[[100.531495,13.9031175],[100.5258197,13.9027337],[100.5249238,13.9019891],[100.521442,13.9007482],[100.5194092,13.9005935],[100.5179391,13.9009148],[100.5159542,13.9002847],[100.5142918,13.900116],[100.512753,13.8993913]],[[100.512753,13.8993913],[100.5115716,13.8993281]]]},"properties":{"key":"Khlong Wae","name":"Khlong Wae","name_th":"คลองแวะ","waterway":"drain","length_km":2.3,"risk":null,"risk_type":null,"note":null,"note_th":null,"curated":false}},{"type":"Feature","geometry":{"type":"MultiLineString","coordinates":[[[100.4655525,13.8485463],[100.4655522,13.8473601],[100.4659259,13.8466169],[100.465802,13.8457446],[100.465199,13.8450101],[100.4641556,13.8426141],[100.4617107,13.8362516],[100.4618787,13.8360099],[100.4613462,13.8352558],[100.4614624,13.834914],[100.4592191,13.8300283]]]},"properties":{"key":"Bang Krang Canal","name":"Bang Krang Canal","name_th":"คลองบางกร่าง","waterway":"canal","length_km":2.3,"risk":null,"risk_type":null,"note":null,"note_th":null,"curated":false}},{"type":"Feature","geometry":{"type":"MultiLineString","coordinates":[[[100.2607229,13.8085947],[100.2604923,13.8291188]]]},"properties":{"key":"Klong Kamnan Khao","name":"Klong Kamnan Khao","name_th":"คลองกำนันขาว","waterway":"canal","length_km":2.3,"risk":null,"risk_type":null,"note":null,"note_th":null,"curated":false}},{"type":"Feature","geometry":{"type":"MultiLineString","coordinates":[[[100.7752857,13.8361941],[100.769287,13.8460373],[100.764886,13.8542698]]]},"properties":{"key":"พระราชดำริ 2","name":"พระราชดำริ 2","name_th":"พระราชดำริ 2","waterway":"canal","length_km":2.3,"risk":null,"risk_type":null,"note":null,"note_th":null,"curated":false}},{"type":"Feature","geometry":{"type":"MultiLineString","coordinates":[[[100.8543017,13.6668952],[100.8464858,13.6656088],[100.8447903,13.6647908],[100.8432963,13.6630785],[100.8411176,13.6568399],[100.8401496,13.6550913]]]},"properties":{"key":"คลองปากกระพัง","name":"คลองปากกระพัง","name_th":"คลองปากกระพัง","waterway":"river","length_km":2.3,"risk":null,"risk_type":null,"note":null,"note_th":null,"curated":false}},{"type":"Feature","geometry":{"type":"MultiLineString","coordinates":[[[100.8462668,13.7706952],[100.8448367,13.7693456],[100.8426752,13.7658578],[100.8398373,13.7630676],[100.8394173,13.762043],[100.8407056,13.7555454],[100.8413538,13.7541869],[100.8426699,13.7532946]]]},"properties":{"key":"Khlong Lad Thap Yao","name":"Khlong Lad Thap Yao","name_th":"คลองลัดทับยาว","waterway":"canal","length_km":2.3,"risk":null,"risk_type":null,"note":null,"note_th":null,"curated":false}},{"type":"Feature","geometry":{"type":"MultiLineString","coordinates":[[[100.8727659,13.6487624],[100.8756415,13.6461629],[100.879123,13.6436972],[100.8821288,13.6433963]],[[100.8652718,13.6542599],[100.8656049,13.6541088]],[[100.8656049,13.6541088],[100.8657034,13.6540642]],[[100.8657034,13.6540642],[100.869923,13.6522699],[100.8724818,13.6491179]],[[100.8724818,13.6491179],[100.8727659,13.6487624]]]},"properties":{"key":"คลองอ่างซั้ง","name":"คลองอ่างซั้ง","name_th":"คลองอ่างซั้ง","waterway":"canal","length_km":2.3,"risk":null,"risk_type":null,"note":null,"note_th":null,"curated":false}},{"type":"Feature","geometry":{"type":"MultiLineString","coordinates":[[[100.2415308,13.6985955],[100.2483566,13.7038402],[100.2497188,13.7053479]],[[100.2554434,13.7072052],[100.2575446,13.7046707]],[[100.2553564,13.7072902],[100.2554434,13.7072052]],[[100.2547756,13.7078749],[100.2553564,13.7072902]],[[100.2546195,13.708043],[100.2547756,13.7078749]],[[100.2543783,13.7082837],[100.2546195,13.708043]],[[100.2542044,13.7084572],[100.2543783,13.7082837]],[[100.2535496,13.7080318],[100.2542044,13.7084572]],[[100.2533289,13.7078744],[100.2535496,13.7080318]],[[100.2521778,13.7070629],[100.2533289,13.7078744]],[[100.2521179,13.7070196],[100.2521778,13.7070629]],[[100.2502117,13.7056814],[100.2521179,13.7070196]],[[100.2501529,13.7056402],[100.2502117,13.7056814]],[[100.2497442,13.7053649],[100.2501529,13.7056402]],[[100.2497188,13.7053479],[100.2497442,13.7053649]]]},"properties":{"key":"Khlong Bang Kra Phad","name":"Khlong Bang Kra Phad","name_th":"คลองบางกระพัด","waterway":"canal","length_km":2.3,"risk":null,"risk_type":null,"note":null,"note_th":null,"curated":false}},{"type":"Feature","geometry":{"type":"MultiLineString","coordinates":[[[100.5675823,13.9506773],[100.5696684,13.9496396],[100.5699545,13.9482229],[100.5716977,13.9476981],[100.5667081,13.932983]]]},"properties":{"key":"Lam Rang Liap Nawong Pracha Phatthana Road","name":"Lam Rang Liap Nawong Pracha Phatthana Road","name_th":"ลำรางเลียบถนนนาวงประชาพัฒนา","waterway":"canal","length_km":2.3,"risk":null,"risk_type":null,"note":null,"note_th":null,"curated":false}},{"type":"Feature","geometry":{"type":"MultiLineString","coordinates":[[[100.212972,13.6253623],[100.2106826,13.6260585],[100.2094049,13.6256355],[100.2087537,13.6259519],[100.2074336,13.6246483],[100.2058233,13.6243181],[100.203027,13.6245396],[100.19247,13.6244796]]]},"properties":{"key":"คลองสำโรง","name":"คลองสำโรง","name_th":"คลองสำโรง","waterway":"canal","length_km":2.3,"risk":null,"risk_type":null,"note":null,"note_th":null,"curated":false}},{"type":"Feature","geometry":{"type":"MultiLineString","coordinates":[[[100.5166207,13.8113907],[100.5176781,13.8119696],[100.5247127,13.8142595],[100.5359241,13.8167036]],[[100.5359241,13.8167036],[100.5360622,13.8166943]]]},"properties":{"key":"Khlong Bang Son","name":"Khlong Bang Son","name_th":"คลองบางซ่อน","waterway":"canal","length_km":2.2,"risk":null,"risk_type":null,"note":null,"note_th":null,"curated":false}},{"type":"Feature","geometry":{"type":"MultiLineString","coordinates":[[[100.4254737,13.8366376],[100.424771,13.8354864],[100.4240262,13.8363097],[100.4232382,13.8359481],[100.4230087,13.8353799],[100.4222639,13.8353702],[100.4223936,13.8348116],[100.4216089,13.8344629],[100.4216235,13.8339833],[100.4208505,13.8342973],[100.4205883,13.833948],[100.4200957,13.833948],[100.419156,13.8333207],[100.4189012,13.8325308],[100.4181913,13.8320433],[100.417528,13.8319819],[100.4173235,13.8313814],[100.4154098,13.8301885],[100.4146326,13.829149],[100.4128887,13.8287211],[100.4120136,13.8281001]]]},"properties":{"key":"Khlong Bang Kho","name":"Khlong Bang Kho","name_th":"คลองบางค้อ","waterway":"canal","length_km":2.2,"risk":null,"risk_type":null,"note":null,"note_th":null,"curated":false}},{"type":"Feature","geometry":{"type":"MultiLineString","coordinates":[[[100.6711755,13.7483569],[100.6652479,13.7488646],[100.6647599,13.749541],[100.6629284,13.7493644],[100.6590913,13.7498013],[100.6560952,13.7492516],[100.6528042,13.7497283],[100.6510768,13.749572]]]},"properties":{"key":"คลองลำสาลี","name":"คลองลำสาลี","name_th":"คลองลำสาลี","waterway":"canal","length_km":2.2,"risk":null,"risk_type":null,"note":null,"note_th":null,"curated":false}},{"type":"Feature","geometry":{"type":"MultiLineString","coordinates":[[[100.6285979,13.8426275],[100.6329744,13.8425197]],[[100.6329744,13.8425197],[100.6354651,13.8435323],[100.6353553,13.842817],[100.6359156,13.8422809]],[[100.618927,13.8484943],[100.6209163,13.8479704],[100.6237342,13.845697],[100.6278578,13.8435059],[100.6285979,13.8426275]]]},"properties":{"key":"Khlong Khok Khram","name":"Khlong Khok Khram","name_th":"คลองโคกคราม","waterway":"canal","length_km":2.2,"risk":null,"risk_type":null,"note":null,"note_th":null,"curated":false}},{"type":"Feature","geometry":{"type":"MultiLineString","coordinates":[[[100.414903,13.7585415],[100.4133064,13.7478687],[100.4143687,13.7387566]]]},"properties":{"key":"Khlong Lat Ta Nieo","name":"Khlong Lat Ta Nieo","name_th":"คลองลัดตาเหนียว","waterway":"canal","length_km":2.2,"risk":null,"risk_type":null,"note":null,"note_th":null,"curated":false}},{"type":"Feature","geometry":{"type":"MultiLineString","coordinates":[[[100.68784,13.7049244],[100.6839583,13.6928479],[100.6832742,13.6925065],[100.6808702,13.6930961],[100.6803481,13.6926258],[100.6774054,13.6937916],[100.6770063,13.6937187]]]},"properties":{"key":"Khlong Ta Pia","name":"Khlong Ta Pia","name_th":"คลองตาเปีย","waterway":"canal","length_km":2.2,"risk":null,"risk_type":null,"note":null,"note_th":null,"curated":false}},{"type":"Feature","geometry":{"type":"MultiLineString","coordinates":[[[100.6753144,13.8564235],[100.6719955,13.857195],[100.6695519,13.8568883],[100.6662692,13.8557713],[100.664781,13.8546201],[100.6632181,13.8560631],[100.6612078,13.8525531],[100.6583281,13.8522542]]]},"properties":{"key":"Khlong Hok Khut","name":"Khlong Hok Khut","name_th":"คลองหกขุด","waterway":"canal","length_km":2.2,"risk":null,"risk_type":null,"note":null,"note_th":null,"curated":false}},{"type":"Feature","geometry":{"type":"MultiLineString","coordinates":[[[100.8225789,13.7777313],[100.826579,13.7748474],[100.8290042,13.7723017],[100.8299586,13.769941],[100.8321451,13.7674797]],[[100.8321451,13.7674797],[100.8346706,13.7678883],[100.8374968,13.7674515]]]},"properties":{"key":"Khlong Lam Pha Ong","name":"Khlong Lam Pha Ong","name_th":"คลองลำพะอง","waterway":"river","length_km":2.2,"risk":null,"risk_type":null,"note":null,"note_th":null,"curated":false}},{"type":"Feature","geometry":{"type":"MultiLineString","coordinates":[[[100.4152008,13.5571375],[100.4175452,13.5590425],[100.4208844,13.559814],[100.4218388,13.5605741],[100.4222125,13.5603554],[100.4226412,13.5607199],[100.4235648,13.5608641],[100.4273959,13.5635261],[100.428856,13.5635167],[100.4312748,13.5643596],[100.4326775,13.5640339]]]},"properties":{"key":"Khlong Chenrg Ta Phae","name":"Khlong Chenrg Ta Phae","name_th":"คลองเชิงตาแพ","waterway":"river","length_km":2.2,"risk":null,"risk_type":null,"note":null,"note_th":null,"curated":false}},{"type":"Feature","geometry":{"type":"MultiLineString","coordinates":[[[100.6634137,13.7401784],[100.664165,13.7399637],[100.665163,13.7381268],[100.6655405,13.7343802],[100.6648531,13.7326115],[100.664612,13.7299851],[100.6638455,13.7276758],[100.6644432,13.7252883],[100.6639333,13.7213813]]]},"properties":{"key":"Khlong Ban Ma Lang","name":"Khlong Ban Ma Lang","name_th":"คลองบ้านม้าล่าง","waterway":"canal","length_km":2.2,"risk":null,"risk_type":null,"note":null,"note_th":null,"curated":false}},{"type":"Feature","geometry":{"type":"MultiLineString","coordinates":[[[100.4135067,13.6061018],[100.414921,13.603716],[100.4173112,13.601253],[100.4184776,13.6008744],[100.4200379,13.5998736]],[[100.423374,13.5968344],[100.4240529,13.5961609],[100.4236328,13.595426],[100.4237427,13.5915918]],[[100.4200379,13.5998736],[100.4215729,13.5978141],[100.423374,13.5968344]]]},"properties":{"key":"คลองอ้อ","name":"คลองอ้อ","name_th":"คลองอ้อ","waterway":"river","length_km":2.2,"risk":null,"risk_type":null,"note":null,"note_th":null,"curated":false}},{"type":"Feature","geometry":{"type":"MultiLineString","coordinates":[[[100.3556796,13.7803443],[100.3538993,13.7836082],[100.3527291,13.7889067],[100.3521016,13.7908137],[100.3517043,13.7907435],[100.3515805,13.7911394],[100.3516579,13.7921718],[100.3520397,13.7922971],[100.3520552,13.7929385],[100.3513999,13.7945873],[100.3508419,13.7982132]]]},"properties":{"key":"Khlong Soi","name":"Khlong Soi","name_th":"คลองซอย","waterway":"canal","length_km":2.2,"risk":null,"risk_type":null,"note":null,"note_th":null,"curated":false}},{"type":"Feature","geometry":{"type":"MultiLineString","coordinates":[[[100.1737747,13.6086872],[100.1755571,13.6094339],[100.1764927,13.6106783],[100.1772465,13.6103724],[100.1775884,13.6110051],[100.1784245,13.6108856],[100.1785758,13.6126735],[100.180749,13.6129654],[100.1809152,13.6137773],[100.1838226,13.6162381],[100.1865376,13.6167631],[100.188364,13.6165553],[100.1889465,13.6172986]]]},"properties":{"key":"คลองนา","name":"คลองนา","name_th":"คลองนา","waterway":"canal","length_km":2.2,"risk":null,"risk_type":null,"note":null,"note_th":null,"curated":false}},{"type":"Feature","geometry":{"type":"MultiLineString","coordinates":[[[100.6186183,13.5742726],[100.6176333,13.5734316],[100.6175396,13.5726407],[100.6178511,13.5720823],[100.6175023,13.5710236],[100.6176773,13.5704905],[100.6173048,13.5702601],[100.6173647,13.5694581],[100.6171186,13.5693671],[100.617328,13.5690159],[100.6166905,13.5690227],[100.6169404,13.5685256],[100.6164967,13.5686255],[100.6162749,13.56831],[100.6170305,13.5669782],[100.6167092,13.5649461],[100.6157705,13.5641834],[100.6143839,13.561904],[100.6127179,13.5603621],[100.6118125,13.5599773]]]},"properties":{"key":"คลองยง","name":"คลองยง","name_th":"คลองยง","waterway":"canal","length_km":2.2,"risk":null,"risk_type":null,"note":null,"note_th":null,"curated":false}},{"type":"Feature","geometry":{"type":"MultiLineString","coordinates":[[[100.6777809,13.5645055],[100.6779966,13.5618237],[100.6772518,13.5587845],[100.6762734,13.5579746],[100.6760619,13.5572219],[100.67505,13.5562167]],[[100.6764919,13.5743989],[100.6761853,13.573856],[100.676689,13.5731193],[100.6769943,13.5719161],[100.6766228,13.5714119],[100.6769511,13.5675717]],[[100.6769511,13.5675717],[100.6770017,13.5665956],[100.6777809,13.5645055]]]},"properties":{"key":"Khlong Mo Taek","name":"Khlong Mo Taek","name_th":"คลองหม้อแตก","waterway":"river","length_km":2.2,"risk":null,"risk_type":null,"note":null,"note_th":null,"curated":false}},{"type":"Feature","geometry":{"type":"MultiLineString","coordinates":[[[100.2563311,13.8288865],[100.2565579,13.8089251]]]},"properties":{"key":"Klong Patirub","name":"Klong Patirub","name_th":"คลองปฏิรูป","waterway":"canal","length_km":2.2,"risk":null,"risk_type":null,"note":null,"note_th":null,"curated":false}},{"type":"Feature","geometry":{"type":"MultiLineString","coordinates":[[[100.274199,13.6562869],[100.2721905,13.6567725],[100.2682194,13.658342]],[[100.2832624,13.654207],[100.2790224,13.6553801],[100.2744584,13.6562234]],[[100.2744584,13.6562234],[100.274199,13.6562869]],[[100.2641448,13.6603714],[100.2679685,13.658336]],[[100.2679685,13.658336],[100.2682194,13.658342]]]},"properties":{"key":"คลองอ่อนใจ #2","name":"คลองอ่อนใจ","name_th":"คลองอ่อนใจ","waterway":"canal","length_km":2.2,"risk":null,"risk_type":null,"note":null,"note_th":null,"curated":false}},{"type":"Feature","geometry":{"type":"MultiLineString","coordinates":[[[100.8231469,14.2650974],[100.8231256,14.2455593]]]},"properties":{"key":"Khlong Ra Phi Phat Yaek Tok","name":"Khlong Ra Phi Phat Yaek Tok","name_th":"คลองระพีพัฒน์แยกตก","waterway":"canal","length_km":2.2,"risk":null,"risk_type":null,"note":null,"note_th":null,"curated":false}},{"type":"Feature","geometry":{"type":"MultiLineString","coordinates":[[[100.5632225,13.6777539],[100.5647479,13.6767662],[100.5646232,13.6764665]],[[100.5646232,13.6764665],[100.5670935,13.6753563]],[[100.5670935,13.6753563],[100.5690059,13.6744715],[100.5683236,13.6728034],[100.5682522,13.6719245],[100.5726215,13.6693034],[100.5767323,13.6663383]]]},"properties":{"key":"Khlong Bang Yo","name":"Khlong Bang Yo","name_th":"คลองบางยอ","waterway":"canal","length_km":2.2,"risk":null,"risk_type":null,"note":null,"note_th":null,"curated":false}},{"type":"Feature","geometry":{"type":"MultiLineString","coordinates":[[[100.897268,13.6222352],[100.8991885,13.6209423],[100.899328,13.6196598],[100.8990169,13.6186483],[100.8969247,13.6167088],[100.8953422,13.6158538],[100.892601,13.6131531]],[[100.8925856,13.6264755],[100.8932079,13.6262304],[100.8942486,13.6250157],[100.89531,13.6231111],[100.897268,13.6222352]]]},"properties":{"key":"คลองเล้าหมู","name":"คลองเล้าหมู","name_th":"คลองเล้าหมู","waterway":"river","length_km":2.2,"risk":null,"risk_type":null,"note":null,"note_th":null,"curated":false}},{"type":"Feature","geometry":{"type":"MultiLineString","coordinates":[[[100.5847985,13.8906626],[100.588264,13.8968217]],[[100.5935949,13.9063729],[100.5945906,13.9081438]],[[100.5934121,13.9060442],[100.5935949,13.9063729]],[[100.5930859,13.9054532],[100.5934121,13.9060442]],[[100.5930401,13.9053713],[100.5930859,13.9054532]],[[100.5915532,13.9026944],[100.5930401,13.9053713]],[[100.5913515,13.9023189],[100.5915532,13.9026944]],[[100.589605,13.899198],[100.5913515,13.9023189]],[[100.5891896,13.8984671],[100.589605,13.899198]],[[100.5883768,13.8970078],[100.5891896,13.8984671]],[[100.588264,13.8968217],[100.5883768,13.8970078]],[[100.5846802,13.8904709],[100.5847985,13.8906626]],[[100.5846324,13.8903852],[100.5846802,13.8904709]]]},"properties":{"key":"คูระบายน้ำข้างถนนวิภาวดีรังสิต #2","name":"คูระบายน้ำข้างถนนวิภาวดีรังสิต","name_th":"คูระบายน้ำข้างถนนวิภาวดีรังสิต","waterway":"ditch","length_km":2.2,"risk":null,"risk_type":null,"note":null,"note_th":null,"curated":false}},{"type":"Feature","geometry":{"type":"MultiLineString","coordinates":[[[100.2338816,14.1948684],[100.2340145,14.1899854],[100.2337784,14.1874766],[100.2340819,14.1799661],[100.2348001,14.1755141]]]},"properties":{"key":"คลองบึงแขวนหม้อ","name":"คลองบึงแขวนหม้อ","name_th":"คลองบึงแขวนหม้อ","waterway":"canal","length_km":2.2,"risk":null,"risk_type":null,"note":null,"note_th":null,"curated":false}},{"type":"Feature","geometry":{"type":"MultiLineString","coordinates":[[[100.1568915,13.7899687],[100.1554602,13.7905945],[100.1550916,13.7917048],[100.1551638,13.7926153],[100.1537251,13.7967691],[100.1535318,13.8061568]],[[100.153617,13.8065371],[100.1534818,13.808479]],[[100.1535318,13.8061568],[100.153617,13.8065371]]]},"properties":{"key":"Khlong Wat Luang","name":"Khlong Wat Luang","name_th":"คลองวัดหลวง","waterway":"canal","length_km":2.2,"risk":null,"risk_type":null,"note":null,"note_th":null,"curated":false}},{"type":"Feature","geometry":{"type":"MultiLineString","coordinates":[[[100.4592774,13.9111907],[100.4589704,13.9106015],[100.4576923,13.9102334],[100.4557432,13.9108165],[100.4524613,13.9106952]],[[100.4663062,13.9131706],[100.4653349,13.9133063],[100.4652099,13.9128381],[100.4647473,13.9128083],[100.4644031,13.9135276],[100.4635919,13.912936],[100.4632192,13.9135148],[100.4627479,13.9134872],[100.4625286,13.9131595],[100.463057,13.9126977],[100.4628553,13.9124168],[100.4618468,13.9126913],[100.4612746,13.9121061],[100.4613623,13.9117337],[100.4607112,13.9116209],[100.4604919,13.9112272],[100.4592774,13.9111907]]]},"properties":{"key":"Khlong Bang Noi #2","name":"Khlong Bang Noi","name_th":"คลองบางน้อย","waterway":"river","length_km":2.1,"risk":null,"risk_type":null,"note":null,"note_th":null,"curated":false}},{"type":"Feature","geometry":{"type":"MultiLineString","coordinates":[[[100.511323,13.7173163],[100.5023834,13.7204982]],[[100.5002849,13.7209066],[100.492903,13.7209104]],[[100.492903,13.7209104],[100.4928754,13.7209089]],[[100.502137,13.7205784],[100.5002849,13.7209066]],[[100.5023834,13.7204982],[100.502137,13.7205784]]]},"properties":{"key":"Khlong Ton Sai #3","name":"Khlong Ton Sai","name_th":"คลองต้นไทร","waterway":"canal","length_km":2.1,"risk":null,"risk_type":null,"note":null,"note_th":null,"curated":false}},{"type":"Feature","geometry":{"type":"MultiLineString","coordinates":[[[100.6063891,13.7052939],[100.6073694,13.7038085],[100.6107168,13.6969456]],[[100.6057262,13.706513],[100.6063891,13.7052939]],[[100.6017349,13.7120018],[100.6026256,13.7120465],[100.6036726,13.709529],[100.6057262,13.706513]]]},"properties":{"key":"Khlong Bang Nang Chin","name":"Khlong Bang Nang Chin","name_th":"คลองบางนางจีน","waterway":"canal","length_km":2.1,"risk":null,"risk_type":null,"note":null,"note_th":null,"curated":false}},{"type":"Feature","geometry":{"type":"MultiLineString","coordinates":[[[100.4983206,13.6873685],[100.4976637,13.685917],[100.4972127,13.6856653],[100.4969568,13.684651],[100.4971751,13.6841193],[100.496445,13.6827873],[100.4937091,13.6754901],[100.4878293,13.6732626]]]},"properties":{"key":"Khlong Bang Pa Kok","name":"Khlong Bang Pa Kok","name_th":"คลองบางปะกอก","waterway":"canal","length_km":2.1,"risk":null,"risk_type":null,"note":null,"note_th":null,"curated":false}},{"type":"Feature","geometry":{"type":"MultiLineString","coordinates":[[[100.628364,13.7747504],[100.6206885,13.7729585],[100.6208833,13.7712806],[100.6215404,13.7696643],[100.6225076,13.7656115],[100.6227185,13.7622449]]]},"properties":{"key":"Khlong Chit Mit Mahatthai","name":"Khlong Chit Mit Mahatthai","name_th":"คลองจิตรมิตรมหาดไทย","waterway":"canal","length_km":2.1,"risk":null,"risk_type":null,"note":null,"note_th":null,"curated":false}},{"type":"Feature","geometry":{"type":"MultiLineString","coordinates":[[[100.4410713,13.7182121],[100.4405517,13.7197258],[100.4395624,13.7211932],[100.4383849,13.7214613],[100.4364081,13.7228475],[100.4318217,13.7244787],[100.4304806,13.7244631],[100.4282999,13.725594],[100.4251223,13.7263255]]]},"properties":{"key":"Khlong Bang Duan #2","name":"Khlong Bang Duan","name_th":"คลองบางด้วน","waterway":"river","length_km":2.1,"risk":null,"risk_type":null,"note":null,"note_th":null,"curated":false}},{"type":"Feature","geometry":{"type":"MultiLineString","coordinates":[[[100.664932,13.9303608],[100.6656199,13.9273061],[100.6666317,13.9262393],[100.6666947,13.9251483],[100.6657843,13.9237656],[100.6648881,13.9235504],[100.6637202,13.9239083],[100.6615826,13.9202608],[100.6599276,13.9191084],[100.6600982,13.9157894]]]},"properties":{"key":"Khlong Lam Mo Taek","name":"Khlong Lam Mo Taek","name_th":"คลองลำหม้อแตก","waterway":"canal","length_km":2.1,"risk":null,"risk_type":null,"note":null,"note_th":null,"curated":false}},{"type":"Feature","geometry":{"type":"MultiLineString","coordinates":[[[100.7820315,13.8162972],[100.7809194,13.8160571],[100.776949,13.8141099],[100.7718844,13.8142089],[100.7700503,13.8132225],[100.7687853,13.81151],[100.7689838,13.8083007],[100.7685045,13.8068431]]]},"properties":{"key":"Khlong Phai Lueang","name":"Khlong Phai Lueang","name_th":"คลองไผ่เหลือง","waterway":"river","length_km":2.1,"risk":null,"risk_type":null,"note":null,"note_th":null,"curated":false}},{"type":"Feature","geometry":{"type":"MultiLineString","coordinates":[[[100.4329612,13.5840666],[100.4335223,13.5821028],[100.4326596,13.5803955],[100.4331251,13.5779811],[100.4328561,13.576887],[100.4330614,13.5752699],[100.4335074,13.5746988],[100.4349753,13.5738112],[100.4371555,13.5735576],[100.4379864,13.5725513],[100.4387635,13.5704307],[100.4403542,13.5698345]]]},"properties":{"key":"Klong Luk Wua #2","name":"Klong Luk Wua","name_th":"คลองลูกวัว","waterway":"river","length_km":2.1,"risk":null,"risk_type":null,"note":null,"note_th":null,"curated":false}},{"type":"Feature","geometry":{"type":"MultiLineString","coordinates":[[[100.50379,13.6444546],[100.510107,13.6452048],[100.5127892,13.6447148],[100.5154932,13.6446575]],[[100.5154932,13.6446575],[100.5182287,13.644746],[100.5216308,13.6422347]]]},"properties":{"key":"Khlong Saphan Khwai","name":"Khlong Saphan Khwai","name_th":"คลองสะพานควาย","waterway":"canal","length_km":2.1,"risk":null,"risk_type":null,"note":null,"note_th":null,"curated":false}},{"type":"Feature","geometry":{"type":"MultiLineString","coordinates":[[[100.4298921,13.5213364],[100.437339,13.5255516],[100.4374326,13.5359364]]]},"properties":{"key":"คลองแสนตอ","name":"คลองแสนตอ","name_th":"คลองแสนตอ","waterway":"canal","length_km":2.1,"risk":null,"risk_type":null,"note":null,"note_th":null,"curated":false}},{"type":"Feature","geometry":{"type":"MultiLineString","coordinates":[[[100.8655643,13.5864183],[100.8671147,13.5871483],[100.8688206,13.5864534]],[[100.8688206,13.5864534],[100.8685818,13.5826822],[100.8690807,13.581535],[100.8690914,13.580805],[100.8697754,13.5805078],[100.8701616,13.5796552],[100.8695769,13.5775929],[100.869754,13.5761746],[100.8704165,13.5745476],[100.8711863,13.5741279],[100.8720157,13.5723838]]]},"properties":{"key":"Khlong Satharana Prayot","name":"Khlong Satharana Prayot","name_th":"คลองสาธารณะประโยชน์","waterway":"ditch","length_km":2.1,"risk":null,"risk_type":null,"note":null,"note_th":null,"curated":false}},{"type":"Feature","geometry":{"type":"MultiLineString","coordinates":[[[100.3949655,13.8482678],[100.3937799,13.8442106],[100.3934527,13.8420665]],[[100.3934527,13.8420665],[100.3934688,13.8413407],[100.396269,13.8363612]],[[100.396269,13.8363612],[100.3990102,13.831293]]]},"properties":{"key":"Khlong Hua Khu Nai","name":"Khlong Hua Khu Nai","name_th":"คลองหัวคูใน","waterway":"canal","length_km":2.1,"risk":null,"risk_type":null,"note":null,"note_th":null,"curated":false}},{"type":"Feature","geometry":{"type":"MultiLineString","coordinates":[[[100.1685796,13.7099545],[100.1690237,13.7099931],[100.1713578,13.7079607],[100.1724866,13.7074655],[100.1740639,13.7055072],[100.1758545,13.7039637],[100.1773745,13.7040617],[100.1793384,13.7023955],[100.1802976,13.7011306],[100.1805445,13.6979881]]]},"properties":{"key":"คลองแขก","name":"คลองแขก","name_th":"คลองแขก","waterway":"canal","length_km":2.1,"risk":null,"risk_type":null,"note":null,"note_th":null,"curated":false}},{"type":"Feature","geometry":{"type":"MultiLineString","coordinates":[[[100.4117264,13.8287774],[100.4120136,13.8281001]],[[100.4179067,13.8234524],[100.4154911,13.8261265],[100.413812,13.8248503],[100.4120136,13.8281001]],[[100.4117264,13.8287774],[100.4076898,13.8363949]]]},"properties":{"key":"Khlong Khu Lat","name":"Khlong Khu Lat","name_th":"คลองคูลัด","waterway":"canal","length_km":2.1,"risk":null,"risk_type":null,"note":null,"note_th":null,"curated":false}},{"type":"Feature","geometry":{"type":"MultiLineString","coordinates":[[[100.5237369,13.9579276],[100.5239569,13.9574942],[100.5250794,13.9568916],[100.5246701,13.9559079],[100.5248836,13.9555629],[100.5242173,13.9546643],[100.5234518,13.9527039],[100.5230386,13.9490894],[100.5235996,13.9463094],[100.5223973,13.9450618],[100.5222613,13.9434658]],[[100.522411,13.959452],[100.5224648,13.9594055]],[[100.5220592,13.9596925],[100.522411,13.959452]],[[100.5227163,13.9590573],[100.5227445,13.9589949]],[[100.5224648,13.9594055],[100.5227163,13.9590573]],[[100.5233829,13.9583155],[100.5237369,13.9579276]],[[100.5227445,13.9589949],[100.5228008,13.9586643],[100.5233829,13.9583155]]]},"properties":{"key":"Khlong Bang Kachin","name":"Khlong Bang Kachin","name_th":"คลองบางกะจีน","waterway":"river","length_km":2.1,"risk":null,"risk_type":null,"note":null,"note_th":null,"curated":false}},{"type":"Feature","geometry":{"type":"MultiLineString","coordinates":[[[100.7685635,13.7819635],[100.7676928,13.781997],[100.7676318,13.781568],[100.7649105,13.7817104],[100.7646703,13.7809849],[100.7612508,13.7777983],[100.7607542,13.7771617],[100.7607053,13.7762873],[100.759862,13.7755045],[100.7588228,13.775415],[100.7556206,13.7775918],[100.7539309,13.7778909]]]},"properties":{"key":"Lam Rang San Chaopho Duan","name":"Lam Rang San Chaopho Duan","name_th":"ลำรางศาลเจ้าพ่อด่วน","waterway":"river","length_km":2.1,"risk":null,"risk_type":null,"note":null,"note_th":null,"curated":false}},{"type":"Feature","geometry":{"type":"MultiLineString","coordinates":[[[100.782967,13.560457],[100.7643066,13.5651653]]]},"properties":{"key":"Khlong Sakat 75","name":"Khlong Sakat 75","name_th":"คลองสกัด 75","waterway":"canal","length_km":2.1,"risk":null,"risk_type":null,"note":null,"note_th":null,"curated":false}},{"type":"Feature","geometry":{"type":"MultiLineString","coordinates":[[[100.7856073,13.5695733],[100.7665454,13.5745083]]]},"properties":{"key":"Khlong Sakat 50","name":"Khlong Sakat 50","name_th":"คลองสกัด 50","waterway":"canal","length_km":2.1,"risk":null,"risk_type":null,"note":null,"note_th":null,"curated":false}},{"type":"Feature","geometry":{"type":"MultiLineString","coordinates":[[[100.5781914,13.7000064],[100.5770616,13.6972744],[100.5757087,13.6957563],[100.575984,13.6953787],[100.5723471,13.692109],[100.5704396,13.6891995],[100.5688917,13.6858347],[100.5693358,13.685674],[100.5691387,13.6845962]]]},"properties":{"key":"Kalong Wat","name":"Kalong Wat","name_th":"คลองวัด","waterway":"canal","length_km":2.1,"risk":null,"risk_type":null,"note":null,"note_th":null,"curated":false}},{"type":"Feature","geometry":{"type":"MultiLineString","coordinates":[[[100.8248656,13.6436862],[100.8275135,13.6435911],[100.830711,13.6416845],[100.8323527,13.6412287],[100.8338799,13.6415288],[100.8356303,13.6409063],[100.8359048,13.6406617],[100.8360421,13.6396611],[100.8372605,13.6385438],[100.8406068,13.6370929],[100.8414811,13.6372445]]]},"properties":{"key":"Khlong Chuat Ngu Hao","name":"Khlong Chuat Ngu Hao","name_th":"คลองชวดงูเห่า","waterway":"canal","length_km":2.1,"risk":null,"risk_type":null,"note":null,"note_th":null,"curated":false}},{"type":"Feature","geometry":{"type":"MultiLineString","coordinates":[[[100.3454263,13.5671036],[100.3446485,13.5658677],[100.345024,13.5645871],[100.3448016,13.5627119],[100.3450549,13.5618131],[100.3446839,13.5602569],[100.3445689,13.5572009],[100.3437247,13.55526],[100.3433061,13.552385]],[[100.3432943,13.5523134],[100.3428265,13.5486722]],[[100.3433061,13.552385],[100.3432943,13.5523134]]]},"properties":{"key":"คลองอ้อม #2","name":"คลองอ้อม","name_th":"คลองอ้อม","waterway":"canal","length_km":2.1,"risk":null,"risk_type":null,"note":null,"note_th":null,"curated":false}},{"type":"Feature","geometry":{"type":"MultiLineString","coordinates":[[[100.4681676,13.5436993],[100.4681173,13.5449483],[100.4696105,13.5483945],[100.4677408,13.5507802],[100.4680005,13.5517017],[100.4677148,13.5521814],[100.4664164,13.5524086],[100.465897,13.5521309],[100.4657022,13.5506288],[100.465066,13.5505278],[100.4649751,13.5493791],[100.4640662,13.5501238],[100.4631832,13.5501996],[100.4625989,13.5494548],[100.4618095,13.5494057]]]},"properties":{"key":"คลองตาหนัน","name":"คลองตาหนัน","name_th":"คลองตาหนัน","waterway":"canal","length_km":2.1,"risk":null,"risk_type":null,"note":null,"note_th":null,"curated":false}},{"type":"Feature","geometry":{"type":"MultiLineString","coordinates":[[[100.2028542,13.7003812],[100.1978635,13.6998876],[100.1965929,13.6993959],[100.1958108,13.6995506],[100.1921406,13.6990108],[100.1912983,13.6991174],[100.1836648,13.6977615]]]},"properties":{"key":"คลองท่านา","name":"คลองท่านา","name_th":"คลองท่านา","waterway":"canal","length_km":2.1,"risk":null,"risk_type":null,"note":null,"note_th":null,"curated":false}},{"type":"Feature","geometry":{"type":"MultiLineString","coordinates":[[[100.7003061,13.6955128],[100.7036319,13.6953363],[100.7038769,13.6960675],[100.7052649,13.6961014],[100.7098746,13.695126]],[[100.7178278,13.6937646],[100.7102149,13.6950472]],[[100.7098746,13.695126],[100.7102149,13.6950472]]]},"properties":{"key":"Khlong Khan Taek","name":"Khlong Khan Taek","name_th":"คลองขันแตก","waterway":"canal","length_km":2,"risk":null,"risk_type":null,"note":null,"note_th":null,"curated":false}},{"type":"Feature","geometry":{"type":"MultiLineString","coordinates":[[[100.5083604,13.7125478],[100.50336,13.7161697],[100.5029527,13.7161344],[100.5028973,13.7164725],[100.5023209,13.7164608],[100.5021114,13.7167678],[100.5018705,13.7165486],[100.5014461,13.7169647],[100.5011516,13.7168588],[100.5009929,13.7172768],[100.5006067,13.7170706],[100.5004901,13.7174012],[100.4997558,13.7173622],[100.498417,13.7179794],[100.4931055,13.7181512]]]},"properties":{"key":"Khlong Bang Lamphu Lang","name":"Khlong Bang Lamphu Lang","name_th":"คลองบางลำภูล่าง","waterway":"canal","length_km":2,"risk":null,"risk_type":null,"note":null,"note_th":null,"curated":false}},{"type":"Feature","geometry":{"type":"MultiLineString","coordinates":[[[100.4928663,13.6326307],[100.4945829,13.6362591],[100.4955807,13.6394704],[100.4959562,13.6399292],[100.4963938,13.6394162]],[[100.4963938,13.6394162],[100.4968145,13.6394391],[100.4987666,13.6413263],[100.50379,13.6444546]]]},"properties":{"key":"Khlong Ta So","name":"Khlong Ta So","name_th":"คลองตาโซะ","waterway":"canal","length_km":2,"risk":null,"risk_type":null,"note":null,"note_th":null,"curated":false}},{"type":"Feature","geometry":{"type":"MultiLineString","coordinates":[[[100.4830174,13.7560202],[100.4831782,13.7498906],[100.484289,13.7468072]],[[100.4854643,13.7452812],[100.4860343,13.74485]],[[100.4843577,13.7467613],[100.4854643,13.7452812]],[[100.4822197,13.7605235],[100.4830174,13.7560202]],[[100.484289,13.7468072],[100.4843577,13.7467613]],[[100.4860343,13.74485],[100.4865701,13.744392]],[[100.4821476,13.7614412],[100.4821731,13.7611036]],[[100.4821731,13.7611036],[100.4822051,13.7606293]]]},"properties":{"key":"Khlong Ban Khamin","name":"Khlong Ban Khamin","name_th":"คลองบ้านขมิ้น","waterway":"canal","length_km":2,"risk":null,"risk_type":null,"note":null,"note_th":null,"curated":false}},{"type":"Feature","geometry":{"type":"MultiLineString","coordinates":[[[100.7239258,13.7576515],[100.722001,13.7561903],[100.7198601,13.7566174],[100.7161433,13.7567302],[100.709737,13.7564076]],[[100.709737,13.7564076],[100.707766,13.7563332],[100.7065198,13.7566923]]]},"properties":{"key":"Khlong O Tan","name":"Khlong O Tan","name_th":"คลองอ้อตัน","waterway":"canal","length_km":2,"risk":null,"risk_type":null,"note":null,"note_th":null,"curated":false}},{"type":"Feature","geometry":{"type":"MultiLineString","coordinates":[[[100.5138239,13.6026235],[100.5013579,13.6156768]]]},"properties":{"key":"คลองเก้าห้อง","name":"คลองเก้าห้อง","name_th":"คลองเก้าห้อง","waterway":"canal","length_km":2,"risk":null,"risk_type":null,"note":null,"note_th":null,"curated":false}},{"type":"Feature","geometry":{"type":"MultiLineString","coordinates":[[[100.5587155,13.8465045],[100.5593535,13.8442005],[100.5590488,13.8436356],[100.5596449,13.8433208],[100.5594561,13.8429644],[100.5607873,13.839073],[100.561431,13.8336506],[100.5624613,13.8296407]]]},"properties":{"key":"Khlong Lat Yao","name":"Khlong Lat Yao","name_th":"คลองลาดยาว","waterway":"river","length_km":2,"risk":null,"risk_type":null,"note":null,"note_th":null,"curated":false}},{"type":"Feature","geometry":{"type":"MultiLineString","coordinates":[[[100.5176763,13.9193928],[100.5094473,13.9207328],[100.5088782,13.9201866],[100.5078652,13.9200141]],[[100.5242007,13.9181988],[100.5202405,13.9187021],[100.5179929,13.9193287]],[[100.517848,13.919358],[100.5176763,13.9193928]],[[100.5179929,13.9193287],[100.517848,13.919358]],[[100.5259967,13.9177537],[100.524398,13.9181865]],[[100.5242769,13.918194],[100.5242007,13.9181988]],[[100.5243216,13.9181912],[100.5242769,13.918194]],[[100.524398,13.9181865],[100.5243216,13.9181912]]]},"properties":{"key":"Khlong Tan #3","name":"Khlong Tan","name_th":"คลองตัน","waterway":"canal","length_km":2,"risk":null,"risk_type":null,"note":null,"note_th":null,"curated":false}},{"type":"Feature","geometry":{"type":"MultiLineString","coordinates":[[[100.5276948,13.7743703],[100.5231676,13.7631924]],[[100.522969,13.7628093],[100.5209706,13.7579402]],[[100.5231676,13.7631924],[100.522969,13.7628093]]]},"properties":{"key":"Southern Khlong Sam Sen","name":"Southern Khlong Sam Sen","name_th":"คลองสามเสนฝั่งใต้","waterway":"canal","length_km":2,"risk":null,"risk_type":null,"note":null,"note_th":null,"curated":false}},{"type":"Feature","geometry":{"type":"MultiLineString","coordinates":[[[100.468151,13.7673495],[100.4689087,13.7677191],[100.4697727,13.7691569],[100.471131,13.7704861],[100.4718089,13.7707882]],[[100.468151,13.7673495],[100.4689237,13.766205],[100.4687074,13.7659384],[100.4692435,13.7655204],[100.4754114,13.7566521]]]},"properties":{"key":"Khlong Bang Khun Non","name":"Khlong Bang Khun Non","name_th":"คลองบางขุนนนท์","waterway":"canal","length_km":2,"risk":null,"risk_type":null,"note":null,"note_th":null,"curated":false}},{"type":"Feature","geometry":{"type":"MultiLineString","coordinates":[[[100.6663459,13.8718776],[100.6658176,13.8703709],[100.6636202,13.8666092],[100.6613874,13.8641687],[100.6599283,13.8617883],[100.6588447,13.8608015],[100.6562299,13.8572204]]]},"properties":{"key":"Khlong Lam Buri","name":"Khlong Lam Buri","name_th":"คลองลำบุรี","waterway":"canal","length_km":2,"risk":null,"risk_type":null,"note":null,"note_th":null,"curated":false}},{"type":"Feature","geometry":{"type":"MultiLineString","coordinates":[[[100.4614852,13.7525061],[100.4567523,13.7512504],[100.4491463,13.7502576],[100.448481,13.7442489]]]},"properties":{"key":"Khlong Phra Lui","name":"Khlong Phra Lui","name_th":"คลองพระลุ้ย","waterway":"canal","length_km":2,"risk":null,"risk_type":null,"note":null,"note_th":null,"curated":false}},{"type":"Feature","geometry":{"type":"MultiLineString","coordinates":[[[100.5841369,13.8722981],[100.5834234,13.8705216],[100.5849269,13.8681996],[100.5863775,13.8639416]],[[100.5863775,13.8639416],[100.5866397,13.8639182]],[[100.5866397,13.8639182],[100.5867809,13.8639057]],[[100.58762,13.8794852],[100.5865539,13.8779287],[100.585921,13.8763714]],[[100.585129,13.874287],[100.5841369,13.8722981]],[[100.585418,13.8749146],[100.585129,13.874287]],[[100.585921,13.8763714],[100.585418,13.8749146]]]},"properties":{"key":"Lam Rang Satharana Khlong Thanon","name":"Lam Rang Satharana Khlong Thanon","name_th":"ลำรางสาธารณะคลองถนน","waterway":"canal","length_km":2,"risk":null,"risk_type":null,"note":null,"note_th":null,"curated":false}},{"type":"Feature","geometry":{"type":"MultiLineString","coordinates":[[[100.3895312,13.5709808],[100.389257,13.5704544],[100.3895671,13.5696417],[100.390409,13.5694695],[100.3906738,13.5689838],[100.3915107,13.5688847],[100.3913927,13.5680086],[100.3906417,13.5676123],[100.3910172,13.5664077],[100.3908187,13.5654691],[100.3911929,13.5651879],[100.3914195,13.5642853]],[[100.3889197,13.5715963],[100.3895312,13.5709808]],[[100.3914195,13.5642853],[100.3913498,13.5632371],[100.3922242,13.5630911],[100.3930879,13.5614774],[100.3925723,13.5609464],[100.3933829,13.5586116],[100.3941661,13.558235]]]},"properties":{"key":"Khlong Samae Dam Tai #2","name":"Khlong Samae Dam Tai","name_th":"คลองแสมดำใต้","waterway":"river","length_km":2,"risk":null,"risk_type":null,"note":null,"note_th":null,"curated":false}},{"type":"Feature","geometry":{"type":"MultiLineString","coordinates":[[[100.4209035,13.8690891],[100.4229369,13.8683935],[100.4230848,13.8678363],[100.4227884,13.8669889],[100.4230659,13.8667751],[100.4230194,13.8663013],[100.4236176,13.8662929],[100.4237126,13.8657897],[100.4250838,13.8652185],[100.4271693,13.8634243],[100.4286881,13.863016]],[[100.414135,13.8697862],[100.4209035,13.8690891]]]},"properties":{"key":"Khlong Bang Duea #2","name":"Khlong Bang Duea","name_th":"คลองบางเดื่อ","waterway":"river","length_km":2,"risk":null,"risk_type":null,"note":null,"note_th":null,"curated":false}},{"type":"Feature","geometry":{"type":"MultiLineString","coordinates":[[[100.3428111,13.8904497],[100.3313897,13.8877439]],[[100.3472125,13.8919539],[100.3428111,13.8904497]],[[100.3488634,13.8923242],[100.3472125,13.8919539]]]},"properties":{"key":"Khlong Som Nuek","name":"Khlong Som Nuek","name_th":"คลองสมนึก","waterway":"canal","length_km":2,"risk":null,"risk_type":null,"note":null,"note_th":null,"curated":false}},{"type":"Feature","geometry":{"type":"MultiLineString","coordinates":[[[100.6517692,13.6190502],[100.6516839,13.6163592],[100.6510444,13.6136608],[100.6511733,13.6121769],[100.6529638,13.6099627],[100.6550252,13.60882],[100.653648,13.603713]]]},"properties":{"key":"คลองสวน","name":"คลองสวน","name_th":"คลองสวน","waterway":"canal","length_km":2,"risk":null,"risk_type":null,"note":null,"note_th":null,"curated":false}},{"type":"Feature","geometry":{"type":"MultiLineString","coordinates":[[[100.5931871,14.2149611],[100.5931718,14.215991],[100.5923252,14.2170886],[100.5918211,14.2175142],[100.5904225,14.2178137],[100.5886337,14.2196108],[100.5857147,14.2215403]],[[100.5856189,14.2216293],[100.5835548,14.2236497],[100.5815139,14.2247926],[100.5810342,14.2260694],[100.5804896,14.2265038]],[[100.5857147,14.2215403],[100.5856189,14.2216293]]]},"properties":{"key":"Khlong Ta Ma","name":"Khlong Ta Ma","name_th":"คลองตามา","waterway":"canal","length_km":2,"risk":null,"risk_type":null,"note":null,"note_th":null,"curated":false}},{"type":"Feature","geometry":{"type":"MultiLineString","coordinates":[[[100.3372137,13.8385708],[100.3370404,13.840054]],[[100.3370404,13.840054],[100.3372335,13.840627],[100.3363656,13.8434086]],[[100.3363656,13.8434086],[100.3353882,13.8466846],[100.335525,13.8475857],[100.3350985,13.8491065],[100.3325129,13.8537733],[100.3323224,13.8552525]]]},"properties":{"key":"Khlong Wua","name":"Khlong Wua","name_th":"คลองวัว","waterway":"canal","length_km":2,"risk":null,"risk_type":null,"note":null,"note_th":null,"curated":false}},{"type":"Feature","geometry":{"type":"MultiLineString","coordinates":[[[100.8288202,13.6566524],[100.8326214,13.656277],[100.834376,13.6557315],[100.8393753,13.6549738],[100.8448289,13.6547345],[100.8471268,13.6538531]]]},"properties":{"key":"คลองบัวโรย","name":"คลองบัวโรย","name_th":"คลองบัวโรย","waterway":"canal","length_km":2,"risk":null,"risk_type":null,"note":null,"note_th":null,"curated":false}},{"type":"Feature","geometry":{"type":"MultiLineString","coordinates":[[[100.5367402,14.0415741],[100.5373102,14.0434415],[100.5401614,14.0469776]],[[100.5401614,14.0469776],[100.5430126,14.0512579],[100.5429724,14.0522258],[100.5462724,14.0564766]]]},"properties":{"key":"Khlong Wat Chaeng","name":"Khlong Wat Chaeng","name_th":"คลองวัดแจ้ง","waterway":"canal","length_km":2,"risk":null,"risk_type":null,"note":null,"note_th":null,"curated":false}},{"type":"Feature","geometry":{"type":"MultiLineString","coordinates":[[[100.5505648,13.5759981],[100.5505389,13.5743312],[100.5508232,13.5734024],[100.5536596,13.5723718],[100.5543557,13.5736742],[100.5545032,13.5748527],[100.5558872,13.5760885],[100.5557612,13.5773113]],[[100.5505648,13.5759981],[100.5504197,13.5770908],[100.5488616,13.5782542],[100.548315,13.5797757],[100.5467534,13.5806402]]]},"properties":{"key":"คลองตาภู่","name":"คลองตาภู่","name_th":"คลองตาภู่","waterway":"river","length_km":2,"risk":null,"risk_type":null,"note":null,"note_th":null,"curated":false}},{"type":"Feature","geometry":{"type":"MultiLineString","coordinates":[[[100.9008539,13.5894327],[100.8982323,13.5906119],[100.8956037,13.5846572],[100.8948527,13.5840419],[100.8929537,13.5813617],[100.890883,13.581977],[100.8887699,13.5833166]]]},"properties":{"key":"คลองบางคล้า","name":"คลองบางคล้า","name_th":"คลองบางคล้า","waterway":"canal","length_km":2,"risk":null,"risk_type":null,"note":null,"note_th":null,"curated":false}},{"type":"Feature","geometry":{"type":"MultiLineString","coordinates":[[[100.3028346,13.6576855],[100.3036832,13.6670922]],[[100.3036797,13.6671937],[100.3036728,13.6673927]],[[100.3036832,13.6670922],[100.3036797,13.6671937]],[[100.3022893,13.6502433],[100.3021278,13.6512468],[100.3023769,13.6538463],[100.3028827,13.6555155],[100.3028346,13.6576855]],[[100.3023465,13.6495642],[100.3023437,13.6495976]],[[100.3023437,13.6495976],[100.3022893,13.6502433]]]},"properties":{"key":"คลองสะพานดำ","name":"คลองสะพานดำ","name_th":"คลองสะพานดำ","waterway":"canal","length_km":2,"risk":null,"risk_type":null,"note":null,"note_th":null,"curated":false}},{"type":"Feature","geometry":{"type":"MultiLineString","coordinates":[[[100.6922252,13.8128942],[100.6932104,13.8141872],[100.6945739,13.8151945],[100.696673,13.8155181]],[[100.6965572,13.8088763],[100.6942832,13.8103645],[100.6926078,13.8081418],[100.6917892,13.8089508],[100.6908583,13.80866],[100.6900838,13.8097319],[100.6907588,13.8102424],[100.6919622,13.8125436]],[[100.6919622,13.8125436],[100.6922252,13.8128942]]]},"properties":{"key":"Lam Rang Si Phum","name":"Lam Rang Si Phum","name_th":"ลำรางสีพูม","waterway":"canal","length_km":2,"risk":null,"risk_type":null,"note":null,"note_th":null,"curated":false}},{"type":"Feature","geometry":{"type":"MultiLineString","coordinates":[[[100.1906551,13.633584],[100.1909822,13.6330981],[100.1876794,13.6271483],[100.1867285,13.6236709],[100.187182,13.6194475],[100.1882656,13.6177113],[100.1889465,13.6172986]]]},"properties":{"key":"คลองหลังวัดสวนส้ม","name":"คลองหลังวัดสวนส้ม","name_th":"คลองหลังวัดสวนส้ม","waterway":"canal","length_km":2,"risk":null,"risk_type":null,"note":null,"note_th":null,"curated":false}},{"type":"Feature","geometry":{"type":"MultiLineString","coordinates":[[[100.8810995,13.7859863],[100.8818381,13.7849791],[100.8816473,13.7830914],[100.8824045,13.7784069],[100.8823509,13.7767045],[100.8817904,13.7756391],[100.8814923,13.7735602],[100.8824262,13.7689506]]]},"properties":{"key":"คลองลำวังคา","name":"คลองลำวังคา","name_th":"คลองลำวังคา","waterway":"canal","length_km":2,"risk":null,"risk_type":null,"note":null,"note_th":null,"curated":false}},{"type":"Feature","geometry":{"type":"MultiLineString","coordinates":[[[100.634043,13.7006844],[100.6420808,13.7025513],[100.6468095,13.7026097],[100.6499203,13.7032675],[100.6509354,13.7028301]]]},"properties":{"key":"Klong Tasat","name":"Klong Tasat","name_th":"คลองตาสาด","waterway":"canal","length_km":1.9,"risk":null,"risk_type":null,"note":null,"note_th":null,"curated":false}},{"type":"Feature","geometry":{"type":"MultiLineString","coordinates":[[[100.7102149,13.6950472],[100.7098025,13.6909361],[100.7089765,13.6882543],[100.7073379,13.6848071],[100.7064306,13.6785734]]]},"properties":{"key":"Khlong Sing To","name":"Khlong Sing To","name_th":"คลองสิงห์โต","waterway":"canal","length_km":1.9,"risk":null,"risk_type":null,"note":null,"note_th":null,"curated":false}},{"type":"Feature","geometry":{"type":"MultiLineString","coordinates":[[[100.4723273,13.6254458],[100.4667334,13.6250031],[100.4656043,13.6251761],[100.4635229,13.6260415],[100.4615153,13.6274017],[100.4612202,13.6301152],[100.4604606,13.6331885]]]},"properties":{"key":"Khlong Bun Suk","name":"Khlong Bun Suk","name_th":"คลองบุญสุข","waterway":"canal","length_km":1.9,"risk":null,"risk_type":null,"note":null,"note_th":null,"curated":false}},{"type":"Feature","geometry":{"type":"MultiLineString","coordinates":[[[100.4411423,13.886115],[100.4405764,13.8838002],[100.4388088,13.8805453],[100.4375884,13.8771004],[100.4377359,13.8749912],[100.4370493,13.8746735],[100.436765,13.8742022],[100.4369634,13.8738246],[100.4367435,13.8735095],[100.437685,13.8725565],[100.437524,13.8721711],[100.4379354,13.8714991]]]},"properties":{"key":"Khlong Bang Phlu","name":"Khlong Bang Phlu","name_th":"คลองบางพลู","waterway":"river","length_km":1.9,"risk":null,"risk_type":null,"note":null,"note_th":null,"curated":false}},{"type":"Feature","geometry":{"type":"MultiLineString","coordinates":[[[100.4434828,13.7732952],[100.4435968,13.772478],[100.442583,13.7706961],[100.440593,13.7634227],[100.440578,13.7568344]]]},"properties":{"key":"Khlong Lat Mayom","name":"Khlong Lat Mayom","name_th":"คลองลัดถมยา","waterway":"canal","length_km":1.9,"risk":null,"risk_type":null,"note":null,"note_th":null,"curated":false}},{"type":"Feature","geometry":{"type":"MultiLineString","coordinates":[[[100.4745819,13.7551462],[100.4744277,13.7543144],[100.4747826,13.753147],[100.4745063,13.7526414],[100.4699716,13.7514781],[100.4658069,13.7512435],[100.4621938,13.7502643]],[[100.4754114,13.7566521],[100.4746907,13.7554351]],[[100.4746907,13.7554351],[100.4745819,13.7551462]]]},"properties":{"key":"Khlong Wat Yang","name":"Khlong Wat Yang","name_th":"คลองวัดยาง","waterway":"canal","length_km":1.9,"risk":null,"risk_type":null,"note":null,"note_th":null,"curated":false}},{"type":"Feature","geometry":{"type":"MultiLineString","coordinates":[[[100.5424565,14.0340393],[100.5412114,14.0339882],[100.5341695,14.0361605],[100.5284759,14.0370097]],[[100.5450971,14.0330737],[100.5435784,14.033911],[100.5424565,14.0340393]]]},"properties":{"key":"Khlong Bang Na #4","name":"Khlong Bang Na","name_th":"คลองบางนา","waterway":"canal","length_km":1.9,"risk":null,"risk_type":null,"note":null,"note_th":null,"curated":false}},{"type":"Feature","geometry":{"type":"MultiLineString","coordinates":[[[100.8089128,13.8892211],[100.807795,13.889389],[100.8048971,13.8909725],[100.8009999,13.891526],[100.7992364,13.892245],[100.7972614,13.8925047],[100.7951276,13.8936972],[100.7927679,13.8938935]]]},"properties":{"key":"Khlong Lam Po Yao","name":"Khlong Lam Po Yao","name_th":"คลองลำปอยาว","waterway":"river","length_km":1.9,"risk":null,"risk_type":null,"note":null,"note_th":null,"curated":false}},{"type":"Feature","geometry":{"type":"MultiLineString","coordinates":[[[100.5037271,13.6444157],[100.5034522,13.6448756],[100.5034995,13.645597],[100.5049889,13.6462219],[100.5042466,13.6486159],[100.5021755,13.6496084],[100.5000045,13.651176],[100.4996096,13.6506934],[100.4970993,13.6529032],[100.4949077,13.6542001]]]},"properties":{"key":"Khlong Khwang #3","name":"Khlong Khwang","name_th":"คลองขวาง","waterway":"canal","length_km":1.9,"risk":null,"risk_type":null,"note":null,"note_th":null,"curated":false}},{"type":"Feature","geometry":{"type":"MultiLineString","coordinates":[[[100.8551006,13.8709275],[100.8553613,13.8701326],[100.8595285,13.8649869],[100.859875,13.8641687],[100.8598375,13.862514],[100.861186,13.8603775],[100.8631698,13.8583744],[100.8647918,13.8573935]]]},"properties":{"key":"Khlong Lam Ton Kluai","name":"Khlong Lam Ton Kluai","name_th":"คลองลำต้นกล้วย","waterway":"river","length_km":1.9,"risk":null,"risk_type":null,"note":null,"note_th":null,"curated":false}},{"type":"Feature","geometry":{"type":"MultiLineString","coordinates":[[[100.8330502,13.7562179],[100.8329883,13.7547203],[100.8324335,13.7526885],[100.8325359,13.7510582]],[[100.8325359,13.7510582],[100.8310672,13.7492328],[100.8295238,13.7487296],[100.82756,13.7485224],[100.8262265,13.7474294],[100.8261405,13.7455422],[100.8265676,13.7435575]]]},"properties":{"key":"Khlong Malako","name":"Khlong Malako","name_th":"คลองมะละกอ","waterway":"river","length_km":1.9,"risk":null,"risk_type":null,"note":null,"note_th":null,"curated":false}},{"type":"Feature","geometry":{"type":"MultiLineString","coordinates":[[[100.7876863,13.7166507],[100.7877256,13.7141981],[100.7881102,13.712613],[100.7880176,13.7071583]],[[100.7899116,13.7239605],[100.7894374,13.722326],[100.7877768,13.7197182],[100.7876863,13.7166507]]]},"properties":{"key":"Khlong Hua Takhe","name":"Khlong Hua Takhe","name_th":"คลองหัวตะเข้","waterway":"river","length_km":1.9,"risk":null,"risk_type":null,"note":null,"note_th":null,"curated":false}},{"type":"Feature","geometry":{"type":"MultiLineString","coordinates":[[[100.4234848,13.5100561],[100.4209133,13.5145194],[100.4202179,13.5162842],[100.4205695,13.5263179]]]},"properties":{"key":"Khlong Sri Kuman","name":"Khlong Sri Kuman","name_th":"คลองศรีกุมาร","waterway":"canal","length_km":1.9,"risk":null,"risk_type":null,"note":null,"note_th":null,"curated":false}},{"type":"Feature","geometry":{"type":"MultiLineString","coordinates":[[[100.276653,14.1556818],[100.2766369,14.1634944],[100.27718,14.1636842],[100.2772592,14.1653981],[100.2755146,14.165648],[100.2761549,14.1709525]]]},"properties":{"key":"คลองขุดใหม่ #2","name":"คลองขุดใหม่","name_th":"คลองขุดใหม่","waterway":"canal","length_km":1.9,"risk":null,"risk_type":null,"note":null,"note_th":null,"curated":false}},{"type":"Feature","geometry":{"type":"MultiLineString","coordinates":[[[100.9071653,13.5920521],[100.9094131,13.5927787],[100.913311,13.5922715],[100.9144866,13.5925221],[100.9186297,13.5947159],[100.9201323,13.5947831],[100.9233871,13.5935314]]]},"properties":{"key":"Khlong Chabang","name":"Khlong Chabang","name_th":"คลองฉะบัง","waterway":"river","length_km":1.9,"risk":null,"risk_type":null,"note":null,"note_th":null,"curated":false}},{"type":"Feature","geometry":{"type":"MultiLineString","coordinates":[[[100.418244,13.8095159],[100.4238412,13.8046436],[100.4325062,13.8000071]]]},"properties":{"key":"Khlong Kho Non","name":"Khlong Kho Non","name_th":"คลองโคนอน","waterway":"canal","length_km":1.9,"risk":null,"risk_type":null,"note":null,"note_th":null,"curated":false}},{"type":"Feature","geometry":{"type":"MultiLineString","coordinates":[[[100.4683561,13.8140932],[100.4670475,13.8152049],[100.4652901,13.8150057],[100.4649463,13.8142951],[100.4632222,13.8129115],[100.4632222,13.8125131],[100.4626486,13.8124039],[100.4619505,13.8114809],[100.4614672,13.8101825],[100.4597758,13.8093586],[100.4586918,13.8083163]],[[100.47142,13.8160227],[100.4698389,13.8141077],[100.4683561,13.8140932]]]},"properties":{"key":"Khlong Wat Sak Yai","name":"Khlong Wat Sak Yai","name_th":"คลองวัดสักใหญ่","waterway":"river","length_km":1.9,"risk":null,"risk_type":null,"note":null,"note_th":null,"curated":false}},{"type":"Feature","geometry":{"type":"MultiLineString","coordinates":[[[100.2806998,13.5729523],[100.2796653,13.5717368],[100.2787641,13.5715074],[100.2776796,13.5718573],[100.2775938,13.5730306],[100.2768803,13.5731714],[100.2760971,13.5723631],[100.2761937,13.5719824],[100.2767846,13.5716273]],[[100.2767846,13.5716273],[100.2775084,13.5711705],[100.2774878,13.5696379],[100.2767314,13.5683959],[100.2758758,13.5679093],[100.2750165,13.5677822],[100.27443,13.5686501],[100.2744599,13.5690569],[100.2721921,13.5700048]]]},"properties":{"key":"คลองครุ #3","name":"คลองครุ","name_th":"คลองครุ","waterway":"canal","length_km":1.9,"risk":null,"risk_type":null,"note":null,"note_th":null,"curated":false}},{"type":"Feature","geometry":{"type":"MultiLineString","coordinates":[[[100.8608099,13.7702403],[100.8584565,13.7664907],[100.8581775,13.7649797],[100.8585477,13.7610876],[100.8583707,13.7592066],[100.857625,13.7562991],[100.8567989,13.7552518],[100.8559728,13.754762]]]},"properties":{"key":"Lam Ta U","name":"Lam Ta U","name_th":"ลำตาอู","waterway":"river","length_km":1.9,"risk":null,"risk_type":null,"note":null,"note_th":null,"curated":false}},{"type":"Feature","geometry":{"type":"MultiLineString","coordinates":[[[100.7804112,13.5515493],[100.7743213,13.5530919]],[[100.7743213,13.5530919],[100.7630312,13.5559516]]]},"properties":{"key":"Khlong Sakat 100","name":"Khlong Sakat 100","name_th":"คลองสกัด 100","waterway":"canal","length_km":1.9,"risk":null,"risk_type":null,"note":null,"note_th":null,"curated":false}},{"type":"Feature","geometry":{"type":"MultiLineString","coordinates":[[[100.892363,13.644203],[100.8896406,13.6421413],[100.8887179,13.6407442],[100.8871998,13.6361097],[100.884303,13.6322936],[100.8841662,13.6300154]]]},"properties":{"key":"Khlong Kho Lat","name":"Khlong Kho Lat","name_th":"คลองคอลาด","waterway":"river","length_km":1.9,"risk":null,"risk_type":null,"note":null,"note_th":null,"curated":false}},{"type":"Feature","geometry":{"type":"MultiLineString","coordinates":[[[100.427088,14.0927402],[100.427919,14.0873442],[100.4259717,14.0815582],[100.4260039,14.0808831],[100.4238826,14.0767576]]]},"properties":{"key":"Khlong Lat Wat Bo Ngoen","name":"Khlong Lat Wat Bo Ngoen","name_th":"คลองลัดวัดบ่อเงิน","waterway":"canal","length_km":1.9,"risk":null,"risk_type":null,"note":null,"note_th":null,"curated":false}},{"type":"Feature","geometry":{"type":"MultiLineString","coordinates":[[[100.8172909,13.6631833],[100.8164016,13.6668128],[100.8131937,13.6722755],[100.8125446,13.6748035],[100.8104749,13.6788449]]]},"properties":{"key":"คลองจรเข้น้อย","name":"คลองจรเข้น้อย","name_th":"คลองจรเข้น้อย","waterway":"canal","length_km":1.9,"risk":null,"risk_type":null,"note":null,"note_th":null,"curated":false}},{"type":"Feature","geometry":{"type":"MultiLineString","coordinates":[[[100.2312699,13.6912815],[100.2298833,13.6916536],[100.2253303,13.6988182],[100.2245985,13.6995624]],[[100.2362289,13.6883399],[100.2357312,13.6892114],[100.2314265,13.6912299]],[[100.2314265,13.6912299],[100.2312699,13.6912815]]]},"properties":{"key":"Khlong La To","name":"Khlong La To","name_th":"คลองลาโต๊ะ","waterway":"canal","length_km":1.9,"risk":null,"risk_type":null,"note":null,"note_th":null,"curated":false}},{"type":"Feature","geometry":{"type":"MultiLineString","coordinates":[[[100.8734085,13.5594743],[100.8741925,13.5589082],[100.8750293,13.557513],[100.8765229,13.5571583],[100.8785419,13.5576502],[100.8798554,13.5561415],[100.8803239,13.5532951],[100.8797964,13.551902],[100.8804872,13.5514425],[100.8800293,13.5509564],[100.8800451,13.5499637],[100.8796346,13.5492576],[100.8798215,13.5484273]]]},"properties":{"key":"คลองลัดตะกาด","name":"คลองลัดตะกาด","name_th":"คลองลัดตะกาด","waterway":"canal","length_km":1.9,"risk":null,"risk_type":null,"note":null,"note_th":null,"curated":false}},{"type":"Feature","geometry":{"type":"MultiLineString","coordinates":[[[100.5663007,13.8100386],[100.5659184,13.8095436],[100.5671647,13.8061163],[100.5672124,13.8040314],[100.5677195,13.8028764],[100.5678796,13.8014584],[100.5671541,13.7985771],[100.566993,13.7949106]],[[100.5667364,13.8104473],[100.566493,13.8102136]],[[100.566493,13.8102136],[100.5663007,13.8100386]]]},"properties":{"key":"Khlong Phaya Woek","name":"Khlong Phaya Woek","name_th":"คลองพญาเวิก","waterway":"canal","length_km":1.8,"risk":null,"risk_type":null,"note":null,"note_th":null,"curated":false}},{"type":"Feature","geometry":{"type":"MultiLineString","coordinates":[[[100.5946524,13.7641352],[100.5967103,13.7629691],[100.5982266,13.7614625],[100.6073545,13.7540594]]]},"properties":{"key":"Khlong Phlapphla","name":"Khlong Phlapphla","name_th":"คลองพลับพลา","waterway":"canal","length_km":1.8,"risk":null,"risk_type":null,"note":null,"note_th":null,"curated":false}},{"type":"Feature","geometry":{"type":"MultiLineString","coordinates":[[[100.4944971,13.7979798],[100.4990461,13.794458],[100.5031016,13.7923012],[100.5038741,13.7913739],[100.5048075,13.7909675],[100.5059876,13.790877],[100.5083244,13.7890796]]]},"properties":{"key":"Khlong Bang Phlat","name":"Khlong Bang Phlat","name_th":"คลองบางพลัด","waterway":"canal","length_km":1.8,"risk":null,"risk_type":null,"note":null,"note_th":null,"curated":false}},{"type":"Feature","geometry":{"type":"MultiLineString","coordinates":[[[100.399873,13.5939881],[100.4004585,13.5934029],[100.4010433,13.5915988],[100.400185,13.5908688],[100.4021001,13.586249],[100.404101,13.5875786],[100.4067778,13.5875682],[100.4072553,13.5883556],[100.408194,13.5889604]]]},"properties":{"key":"คลองลิง","name":"คลองลิง","name_th":"คลองลิง","waterway":"canal","length_km":1.8,"risk":null,"risk_type":null,"note":null,"note_th":null,"curated":false}},{"type":"Feature","geometry":{"type":"MultiLineString","coordinates":[[[100.5878575,13.6914392],[100.5896026,13.692154],[100.5938847,13.6926726],[100.595248,13.6931243],[100.5967326,13.6943592]],[[100.5970965,13.6947131],[100.6021287,13.6973108],[100.6031525,13.6974948]],[[100.5967326,13.6943592],[100.5970965,13.6947131]]]},"properties":{"key":"คลองเจ๊ก #2","name":"คลองเจ๊ก","name_th":"คลองเจ๊ก","waterway":"canal","length_km":1.8,"risk":null,"risk_type":null,"note":null,"note_th":null,"curated":false}},{"type":"Feature","geometry":{"type":"MultiLineString","coordinates":[[[100.4564791,13.7293317],[100.4535867,13.7284587],[100.4520472,13.7283626],[100.4501219,13.7289062],[100.4490656,13.72975],[100.447613,13.7295766],[100.446443,13.7300775]],[[100.4607321,13.7290708],[100.4593293,13.7287691],[100.4589401,13.72841],[100.4568244,13.7281252],[100.4569217,13.7290614],[100.4564791,13.7293317]]]},"properties":{"key":"Khlong Bang Phlia #2","name":"Khlong Bang Phlia","name_th":"คลองบางเพลี้ย","waterway":"canal","length_km":1.8,"risk":null,"risk_type":null,"note":null,"note_th":null,"curated":false}},{"type":"Feature","geometry":{"type":"MultiLineString","coordinates":[[[100.5164651,13.8003291],[100.5222913,13.7999238],[100.5257986,13.7991875],[100.5268728,13.7986219],[100.5289478,13.798813],[100.5323479,13.7982054]]]},"properties":{"key":"Khlong Bang Sue #3","name":"Khlong Bang Sue","name_th":"คลองบางซื่อ","waterway":"canal","length_km":1.8,"risk":3,"risk_type":"riverine","note":"Northern drainage line from the Chao Phraya (Khek Khai) past the raw-water canal to join Khlong Lat Phrao. The river end is the Bang Sue pumping station + drainage tunnel (Ø5 m, ~6.4 km, designed 60 m³/s): in monsoon peaks gates open and pumps lift water into the river, while surplus continues south to Lat Phrao.","note_th":"เส้นระบายน้ำฝั่งเหนือ จากเจ้าพระยา (เกียกกาย) ตัดคลองประปาจนบรรจบคลองลาดพร้าว ปลายแม่น้ำมีสถานีสูบน้ำบางซื่อ + อุโมงค์ระบายใต้คลอง (Ø5 ม. ยาว ~6.4 กม. ออกแบบ 60 ลบ.ม./วินาที) — ช่วงฝนหนักเปิดประตู/เดินปั๊มระบายลงเจ้าพระยา ส่วนที่เหลือไหลต่อลงลาดพร้าว","curated":true}},{"type":"Feature","geometry":{"type":"MultiLineString","coordinates":[[[100.651501,13.7180861],[100.650641,13.7146785],[100.6510645,13.713857],[100.650188,13.7127519],[100.6496456,13.7104627],[100.64957,13.7086745],[100.6491165,13.7074262],[100.6499426,13.7060367],[100.6509354,13.7028301]]]},"properties":{"key":"Klong Nong Bon","name":"Klong Nong Bon","name_th":"คลองหนองบอน","waterway":"canal","length_km":1.8,"risk":null,"risk_type":null,"note":null,"note_th":null,"curated":false}},{"type":"Feature","geometry":{"type":"MultiLineString","coordinates":[[[100.4522228,13.7890286],[100.4552225,13.7903936],[100.4579091,13.79309],[100.4617927,13.7908002],[100.4664194,13.7894151]]]},"properties":{"key":"Khlong Suan Daen","name":"Khlong Suan Daen","name_th":"คลองสวนแดน","waterway":"canal","length_km":1.8,"risk":null,"risk_type":null,"note":null,"note_th":null,"curated":false}},{"type":"Feature","geometry":{"type":"MultiLineString","coordinates":[[[100.5481139,13.7079907],[100.5456112,13.712283],[100.5453191,13.7146188],[100.5445366,13.7173302],[100.5440886,13.7180207],[100.5436929,13.7185949],[100.5417555,13.7176211]],[[100.5496858,13.7060553],[100.5487265,13.7070222]],[[100.5487265,13.7070222],[100.5481139,13.7079907]]]},"properties":{"key":"Khlong Khwang Thung Maha Mek","name":"Khlong Khwang Thung Maha Mek","name_th":"คลองขวางทุ่งมหาเมฆ","waterway":"canal","length_km":1.8,"risk":null,"risk_type":null,"note":null,"note_th":null,"curated":false}},{"type":"Feature","geometry":{"type":"MultiLineString","coordinates":[[[100.7821333,13.7589834],[100.7872616,13.7559092],[100.7977316,13.7528513]]]},"properties":{"key":"Khlong Lam Chuad Toei","name":"Khlong Lam Chuad Toei","name_th":"คลองลำชวดเตย","waterway":"canal","length_km":1.8,"risk":null,"risk_type":null,"note":null,"note_th":null,"curated":false}},{"type":"Feature","geometry":{"type":"MultiLineString","coordinates":[[[100.6593659,13.8112015],[100.659526,13.8058454],[100.6567389,13.8044949],[100.6565366,13.8034781],[100.6543921,13.8008664],[100.6522844,13.8016957],[100.6515098,13.8009185]]]},"properties":{"key":"Khlong Buapkhom","name":"Khlong Buapkhom","name_th":"คลองบวบขม","waterway":"canal","length_km":1.8,"risk":null,"risk_type":null,"note":null,"note_th":null,"curated":false}},{"type":"Feature","geometry":{"type":"MultiLineString","coordinates":[[[100.6530992,13.8606828],[100.6530101,13.8616105],[100.6539142,13.8629833],[100.6539926,13.8639948],[100.6532594,13.8647497],[100.6527818,13.8670617],[100.6514186,13.8698507],[100.6503,13.8729972],[100.6476111,13.872519]]]},"properties":{"key":"Khlong Kum Daeng","name":"Khlong Kum Daeng","name_th":"คลองกุ่มแดง","waterway":"canal","length_km":1.8,"risk":null,"risk_type":null,"note":null,"note_th":null,"curated":false}},{"type":"Feature","geometry":{"type":"MultiLineString","coordinates":[[[100.891437,13.9228755],[100.8858302,13.9238258],[100.8829547,13.9251409],[100.8806375,13.9256943],[100.8791536,13.9264605],[100.8784445,13.9271913],[100.8773762,13.9284731],[100.8770913,13.9293848]],[[100.8917554,13.9228471],[100.8915473,13.9228618]],[[100.8915473,13.9228618],[100.891437,13.9228755]]]},"properties":{"key":"Khlong Na Mon #2","name":"Khlong Na Mon","name_th":"คลองนาหมอน","waterway":"canal","length_km":1.8,"risk":null,"risk_type":null,"note":null,"note_th":null,"curated":false}},{"type":"Feature","geometry":{"type":"MultiLineString","coordinates":[[[100.4908858,13.9143518],[100.491666,13.9105665],[100.4909533,13.9064324]],[[100.4909533,13.9064324],[100.4908378,13.9036281],[100.4897359,13.9016384],[100.488825,13.8991792]]]},"properties":{"key":"Lat Kret River","name":"Lat Kret River","name_th":"แม่น้ำลัดเกร็ด","waterway":"river","length_km":1.8,"risk":null,"risk_type":null,"note":null,"note_th":null,"curated":false}},{"type":"Feature","geometry":{"type":"MultiLineString","coordinates":[[[100.3501041,13.5639229],[100.3501122,13.5632228],[100.3497679,13.5627989],[100.3500382,13.5619279],[100.3497048,13.5609506],[100.3499739,13.5600923],[100.3497217,13.5598159],[100.3498934,13.5580431],[100.3495822,13.5571304],[100.3497754,13.5567289],[100.3495662,13.5562387],[100.3497164,13.5545334],[100.349399,13.5485427]]]},"properties":{"key":"คลองเจ็ก","name":"คลองเจ็ก","name_th":"คลองเจ็ก","waterway":"canal","length_km":1.8,"risk":null,"risk_type":null,"note":null,"note_th":null,"curated":false}},{"type":"Feature","geometry":{"type":"MultiLineString","coordinates":[[[100.4768327,13.7998902],[100.4878881,13.8016677],[100.4895161,13.8023734],[100.4922514,13.8041455]]]},"properties":{"key":"คลองพระคุณแม่","name":"คลองพระคุณแม่","name_th":"คลองพระคุณแม่","waterway":"canal","length_km":1.8,"risk":null,"risk_type":null,"note":null,"note_th":null,"curated":false}},{"type":"Feature","geometry":{"type":"MultiLineString","coordinates":[[[100.4508759,13.8164993],[100.4534184,13.8202283],[100.4544486,13.8227516],[100.4555361,13.8267477],[100.4556277,13.8288763],[100.4541281,13.8298878],[100.4535183,13.8308314]]]},"properties":{"key":"Khlong Bang Khun Kong","name":"Khlong Bang Khun Kong","name_th":"คลองบางขุนกอง","waterway":"river","length_km":1.8,"risk":null,"risk_type":null,"note":null,"note_th":null,"curated":false}},{"type":"Feature","geometry":{"type":"MultiLineString","coordinates":[[[100.5960421,13.763384],[100.5972226,13.7645829],[100.5975907,13.7647767],[100.5980528,13.7646106],[100.6092087,13.7558314]]]},"properties":{"key":"Lam Rang Ta Puan","name":"Lam Rang Ta Puan","name_th":"ลำรางตาป่วน","waterway":"canal","length_km":1.8,"risk":null,"risk_type":null,"note":null,"note_th":null,"curated":false}},{"type":"Feature","geometry":{"type":"MultiLineString","coordinates":[[[100.3721229,13.6371494],[100.3735294,13.6322036],[100.3800736,13.6230222]]]},"properties":{"key":"คลองพิมพ์เสงี่ยม","name":"คลองพิมพ์เสงี่ยม","name_th":"คลองพิมพ์เสงี่ยม","waterway":"canal","length_km":1.8,"risk":null,"risk_type":null,"note":null,"note_th":null,"curated":false}},{"type":"Feature","geometry":{"type":"MultiLineString","coordinates":[[[100.3535156,13.8572812],[100.3546394,13.855398],[100.3548122,13.8545337],[100.3544341,13.8515861],[100.3547494,13.8501315],[100.3547516,13.8477],[100.3552243,13.8473262],[100.3566017,13.8415449]]]},"properties":{"key":"คลองลำลี","name":"คลองลำลี","name_th":"คลองลำลี","waterway":"canal","length_km":1.8,"risk":null,"risk_type":null,"note":null,"note_th":null,"curated":false}},{"type":"Feature","geometry":{"type":"MultiLineString","coordinates":[[[100.2077796,13.7021566],[100.2066568,13.7025485],[100.2054606,13.7020273],[100.2052514,13.7021107],[100.2055005,13.7027495],[100.2046809,13.7028303],[100.2045793,13.7024441],[100.2039908,13.7022466],[100.20339,13.7015581],[100.2032729,13.7011301],[100.2028138,13.7009834],[100.2028467,13.7000158],[100.2024397,13.699586],[100.2014888,13.6955246],[100.1983112,13.6943639]]]},"properties":{"key":"คลองแยกท่านา","name":"คลองแยกท่านา","name_th":"คลองแยกท่านา","waterway":"canal","length_km":1.8,"risk":null,"risk_type":null,"note":null,"note_th":null,"curated":false}},{"type":"Feature","geometry":{"type":"MultiLineString","coordinates":[[[100.469179,13.755767],[100.466996,13.7561844],[100.4624121,13.7548897],[100.4617917,13.7550742],[100.4601222,13.7548656]],[[100.4746733,13.757686],[100.4729358,13.7556323],[100.4694845,13.7557696]],[[100.4694845,13.7557696],[100.469179,13.755767]]]},"properties":{"key":"Khlong Wat Thong","name":"Khlong Wat Thong","name_th":"คลองวัดทอง","waterway":"canal","length_km":1.7,"risk":null,"risk_type":null,"note":null,"note_th":null,"curated":false}},{"type":"Feature","geometry":{"type":"MultiLineString","coordinates":[[[100.4791102,13.6998718],[100.4768271,13.6989628],[100.4753079,13.6976703],[100.4684234,13.7015889]],[[100.4669395,13.7023984],[100.4654523,13.7029072]],[[100.4684234,13.7015889],[100.4669395,13.7023984]]]},"properties":{"key":"Khlong Bang Kho #2","name":"Khlong Bang Kho","name_th":"คลองบางค้อ","waterway":"canal","length_km":1.7,"risk":null,"risk_type":null,"note":null,"note_th":null,"curated":false}},{"type":"Feature","geometry":{"type":"MultiLineString","coordinates":[[[100.5132889,13.8262134],[100.5169605,13.8228974],[100.5168611,13.822201],[100.5110489,13.8177715],[100.5095966,13.8156082]]]},"properties":{"key":"Khlong Bang Khen Mai","name":"Khlong Bang Khen Mai","name_th":"คลองบางเขนใหม่","waterway":"canal","length_km":1.7,"risk":null,"risk_type":null,"note":null,"note_th":null,"curated":false}},{"type":"Feature","geometry":{"type":"MultiLineString","coordinates":[[[100.4936775,13.6237479],[100.4942292,13.6210249],[100.4996534,13.6217772],[100.5034514,13.6215478],[100.5058654,13.6237062]]]},"properties":{"key":"คลองรางตัน","name":"คลองรางตัน","name_th":"คลองรางตัน","waterway":"canal","length_km":1.7,"risk":null,"risk_type":null,"note":null,"note_th":null,"curated":false}},{"type":"Feature","geometry":{"type":"MultiLineString","coordinates":[[[100.4773744,13.6352738],[100.4779103,13.634716],[100.4779854,13.6336004],[100.4788437,13.6328079],[100.4805067,13.6294714],[100.4829099,13.6273339],[100.4858174,13.6258121],[100.4874418,13.6239442]]]},"properties":{"key":"คลองราชพฤกษ์","name":"คลองราชพฤกษ์","name_th":"คลองราชพฤกษ์","waterway":"river","length_km":1.7,"risk":null,"risk_type":null,"note":null,"note_th":null,"curated":false}},{"type":"Feature","geometry":{"type":"MultiLineString","coordinates":[[[100.5008064,13.7999257],[100.4997649,13.7971358],[100.5035951,13.7955521],[100.5061379,13.7932077],[100.5076721,13.7925721],[100.5099315,13.7907689]]]},"properties":{"key":"Khlong Bang Phra Khru","name":"Khlong Bang Phra Khru","name_th":"คลองบางพระครู","waterway":"canal","length_km":1.7,"risk":null,"risk_type":null,"note":null,"note_th":null,"curated":false}},{"type":"Feature","geometry":{"type":"MultiLineString","coordinates":[[[100.5112896,13.6993748],[100.5073003,13.6946428],[100.5044629,13.6879204],[100.5041997,13.6860434]]]},"properties":{"key":"Khlong Bang Khlo Noi","name":"Khlong Bang Khlo Noi","name_th":"คลองบางโคล่น้อย","waterway":"canal","length_km":1.7,"risk":null,"risk_type":null,"note":null,"note_th":null,"curated":false}},{"type":"Feature","geometry":{"type":"MultiLineString","coordinates":[[[100.5139814,13.6982494],[100.5116367,13.6994536]],[[100.5143684,13.698064],[100.5221004,13.6952291],[100.5254882,13.6933432]],[[100.5139814,13.6982494],[100.5143684,13.698064]],[[100.5116367,13.6994536],[100.5112896,13.6993748]]]},"properties":{"key":"Khlong Bang Manao","name":"Khlong Bang Manao","name_th":"คลองบางมะนาว","waterway":"canal","length_km":1.7,"risk":null,"risk_type":null,"note":null,"note_th":null,"curated":false}},{"type":"Feature","geometry":{"type":"MultiLineString","coordinates":[[[100.5311157,13.8094967],[100.5229812,13.808444],[100.5210238,13.808425],[100.5208087,13.8079855],[100.5174861,13.8080692]],[[100.5324701,13.8096672],[100.5313164,13.8095318]],[[100.5313164,13.8095318],[100.5311157,13.8094967]]]},"properties":{"key":"Khlong Bang Pho","name":"Khlong Bang Pho","name_th":"คลองบางโพ","waterway":"canal","length_km":1.7,"risk":null,"risk_type":null,"note":null,"note_th":null,"curated":false}},{"type":"Feature","geometry":{"type":"MultiLineString","coordinates":[[[100.3739362,13.7535299],[100.3730095,13.7498522],[100.3761415,13.7439603],[100.3763124,13.7394753]]]},"properties":{"key":"คลองยายพรุ้น","name":"คลองยายพรุ้น","name_th":"คลองยายพรุ้น","waterway":"canal","length_km":1.7,"risk":null,"risk_type":null,"note":null,"note_th":null,"curated":false}},{"type":"Feature","geometry":{"type":"MultiLineString","coordinates":[[[100.4615846,13.7401673],[100.4629468,13.7401961],[100.4638263,13.7396628],[100.4641519,13.7398175],[100.4643359,13.7394463],[100.4657463,13.7393687]],[[100.4658356,13.7392861],[100.4671429,13.7390559],[100.4706173,13.7394934],[100.4741632,13.7410588],[100.4758289,13.7412615]],[[100.4657463,13.7393687],[100.4658356,13.7392861]]]},"properties":{"key":"Khlong Wat Di Duat","name":"Khlong Wat Di Duat","name_th":"คลองวัดดีดวด","waterway":"canal","length_km":1.7,"risk":null,"risk_type":null,"note":null,"note_th":null,"curated":false}},{"type":"Feature","geometry":{"type":"MultiLineString","coordinates":[[[100.5700439,13.7691639],[100.5693356,13.7682032],[100.5685196,13.7643249]],[[100.5682463,13.7633095],[100.5670447,13.759656],[100.5663041,13.7562812]],[[100.5685196,13.7643249],[100.5682463,13.7633095]],[[100.5700892,13.7704958],[100.5700687,13.7692289]],[[100.5700687,13.7692289],[100.5700439,13.7691639]]]},"properties":{"key":"Khlong Yai Sun","name":"Khlong Yai Sun","name_th":"คลองยายสุ่น","waterway":"canal","length_km":1.7,"risk":null,"risk_type":null,"note":null,"note_th":null,"curated":false}},{"type":"Feature","geometry":{"type":"MultiLineString","coordinates":[[[100.3591905,13.7688604],[100.3573619,13.7742187],[100.3566315,13.7755267],[100.3560137,13.7802977],[100.3556796,13.7803443]],[[100.3561961,13.7786392],[100.3560137,13.7802977],[100.3556796,13.7803443]],[[100.3562711,13.7777526],[100.3561961,13.7786392]]]},"properties":{"key":"Khlong Khut","name":"Khlong Khut","name_th":"คลองขุด","waterway":"canal","length_km":1.7,"risk":null,"risk_type":null,"note":null,"note_th":null,"curated":false}},{"type":"Feature","geometry":{"type":"MultiLineString","coordinates":[[[100.9044656,13.8126161],[100.90372,13.811866],[100.9037964,13.8097976],[100.9042739,13.8084588],[100.9069279,13.8056252],[100.9073571,13.8040728],[100.9081081,13.8040311],[100.9095672,13.8047812],[100.9101908,13.8046299],[100.910447,13.8026037]]]},"properties":{"key":"คลองลำสลิดทอง","name":"คลองลำสลิดทอง","name_th":"คลองลำสลิดทอง","waterway":"canal","length_km":1.7,"risk":null,"risk_type":null,"note":null,"note_th":null,"curated":false}},{"type":"Feature","geometry":{"type":"MultiLineString","coordinates":[[[100.4800659,13.6692636],[100.4788398,13.6688533],[100.4784388,13.6695608],[100.4774979,13.669307],[100.477451,13.6689319],[100.4752705,13.6682949],[100.4760204,13.6661617],[100.4689537,13.6643997]]]},"properties":{"key":"Khlong Lat Khi Lek","name":"Khlong Lat Khi Lek","name_th":"คลองลัดขี้เหล็ก","waterway":"ditch","length_km":1.7,"risk":null,"risk_type":null,"note":null,"note_th":null,"curated":false}},{"type":"Feature","geometry":{"type":"MultiLineString","coordinates":[[[100.3556796,13.7803443],[100.3504174,13.7793073],[100.3442497,13.7788071],[100.3424704,13.7789238],[100.3401218,13.7783833]]]},"properties":{"key":"Khlong Sawat","name":"Khlong Sawat","name_th":"คลองสวัสดิ์","waterway":"canal","length_km":1.7,"risk":null,"risk_type":null,"note":null,"note_th":null,"curated":false}},{"type":"Feature","geometry":{"type":"MultiLineString","coordinates":[[[100.5863916,13.8588484],[100.5865713,13.8582601]],[[100.5865713,13.8582601],[100.5873414,13.8564524],[100.5874684,13.8528633],[100.5887845,13.846427],[100.5897442,13.843833]]]},"properties":{"key":"Khlong Bang Bua","name":"Khlong Bang Bua","name_th":"คลองบางบัว","waterway":"canal","length_km":1.7,"risk":3,"risk_type":"riverine","note":"Drains Bang Khen / Lak Si lowlands past Kasetsart University. Heavily affected in 2011; widened with retention areas afterwards.","note_th":"ระบายน้ำจากที่ลุ่มบางเขน / หลักสี่ ผ่านมหาวิทยาลัยเกษตรศาสตร์ ได้รับผลกระทบหนักปี 2554 ต่อมาขุดขยายคู่กับพื้นที่กักเก็บน้ำ","curated":true}},{"type":"Feature","geometry":{"type":"MultiLineString","coordinates":[[[100.6268894,13.8555969],[100.626125,13.8558809]],[[100.6310735,13.8552635],[100.6300845,13.8545633],[100.6268894,13.8555969]],[[100.6402663,13.8587298],[100.639543,13.8571783],[100.6391835,13.8569562],[100.634603,13.8560471],[100.6325158,13.8561438],[100.6310735,13.8552635]]]},"properties":{"key":"Khlong Lam Phai","name":"Khlong Lam Phai","name_th":"คลองลำไผ่","waterway":"river","length_km":1.7,"risk":null,"risk_type":null,"note":null,"note_th":null,"curated":false}},{"type":"Feature","geometry":{"type":"MultiLineString","coordinates":[[[100.6707928,13.8527573],[100.6670765,13.8507887],[100.6632927,13.8504883],[100.6615389,13.8498844],[100.6612156,13.8491413],[100.6613165,13.8486418],[100.6638185,13.8455262]]]},"properties":{"key":"Khlong Khu Bon","name":"Khlong Khu Bon","name_th":"คลองคู้บอน","waterway":"canal","length_km":1.7,"risk":2,"risk_type":"flash","note":"Bang Kapi side drainage; local flash floods in intense monsoon rain.","note_th":"ทางระบายน้ำฝั่งบางกะปิ เกิดน้ำท่วมฉับพลันเฉพาะพื้นที่เวลามรสุมตกหนัก","curated":true}},{"type":"Feature","geometry":{"type":"MultiLineString","coordinates":[[[100.5220264,13.7849371],[100.5218805,13.7865359],[100.522601,13.7899311]],[[100.5225977,13.7900507],[100.5227714,13.7907474]],[[100.522601,13.7899311],[100.5225977,13.7900507]],[[100.5224561,13.7780401],[100.5225013,13.7782872]],[[100.5225013,13.7782872],[100.5223846,13.7798872]],[[100.5223846,13.7798872],[100.5220579,13.7846711]],[[100.5220579,13.7846711],[100.5220264,13.7849371]],[[100.5222272,13.7823146],[100.5222252,13.7823426]],[[100.5222252,13.7823426],[100.5222376,13.7829906]],[[100.5222376,13.7829906],[100.5222307,13.783008]],[[100.5222307,13.783008],[100.5220579,13.7846711]]]},"properties":{"key":"คลองวัดน้อย","name":"คลองวัดน้อย","name_th":"คลองวัดน้อย","waterway":"canal","length_km":1.7,"risk":null,"risk_type":null,"note":null,"note_th":null,"curated":false}},{"type":"Feature","geometry":{"type":"MultiLineString","coordinates":[[[100.5171534,13.7924808],[100.5196225,13.7913135],[100.5202678,13.7922979],[100.5229921,13.7920162],[100.5227714,13.7907474],[100.5243744,13.7904584]],[[100.5155038,13.7921021],[100.5166983,13.791466],[100.5170165,13.7920967]],[[100.5126166,13.793739],[100.513852,13.7929814]],[[100.513852,13.7929814],[100.5155038,13.7921021]],[[100.5170547,13.7921887],[100.5171834,13.7924653]],[[100.5170165,13.7920967],[100.5170547,13.7921887]]]},"properties":{"key":"คลองบางกระบือ","name":"คลองบางกระบือ","name_th":"คลองบางกระบือ","waterway":"canal","length_km":1.7,"risk":null,"risk_type":null,"note":null,"note_th":null,"curated":false}},{"type":"Feature","geometry":{"type":"MultiLineString","coordinates":[[[100.7479713,13.9123524],[100.7489515,13.9087332],[100.747885,13.9069284],[100.747905,13.9064316],[100.7502338,13.9052848],[100.7534947,13.904797],[100.7557228,13.9027212]]]},"properties":{"key":"Khlong Lam Kadan 1","name":"Khlong Lam Kadan 1","name_th":"คลองลำกระดาน 1","waterway":"canal","length_km":1.7,"risk":null,"risk_type":null,"note":null,"note_th":null,"curated":false}},{"type":"Feature","geometry":{"type":"MultiLineString","coordinates":[[[100.5116382,13.8998723],[100.5116294,13.8986784],[100.5111825,13.898425],[100.5111825,13.8977164],[100.5127133,13.8979269],[100.5128283,13.8969219],[100.5124788,13.896909],[100.5125009,13.8962605],[100.5130009,13.896209],[100.5129655,13.8959169],[100.5139521,13.8958353],[100.5137663,13.8941346],[100.5147529,13.8939843],[100.5132975,13.8891829]]]},"properties":{"key":"Khlong Wae #2","name":"Khlong Wae","name_th":"คลองแวะ","waterway":"drain","length_km":1.7,"risk":null,"risk_type":null,"note":null,"note_th":null,"curated":false}},{"type":"Feature","geometry":{"type":"MultiLineString","coordinates":[[[100.5604981,13.8806437],[100.5597135,13.8772762],[100.5593876,13.876921]],[[100.5538781,13.8847115],[100.5539839,13.8853031],[100.5551243,13.8852672],[100.555199,13.8854997],[100.5580877,13.8847337],[100.5588499,13.8849155],[100.5601295,13.8845602],[100.5610655,13.8830515]],[[100.5606939,13.8814598],[100.5606728,13.881372]],[[100.5610492,13.8829622],[100.5606939,13.8814598]],[[100.5610655,13.8830515],[100.5610492,13.8829622]],[[100.5606728,13.881372],[100.5605193,13.8807318]],[[100.5605193,13.8807318],[100.5604981,13.8806437]]]},"properties":{"key":"Lam Rang Bang Talat","name":"Lam Rang Bang Talat","name_th":"ลำรางบางตลาด","waterway":"canal","length_km":1.7,"risk":null,"risk_type":null,"note":null,"note_th":null,"curated":false}},{"type":"Feature","geometry":{"type":"MultiLineString","coordinates":[[[100.5678897,13.7468935],[100.5665737,13.7421515],[100.567081,13.7420101]],[[100.5687185,13.7432491],[100.5685423,13.7424264]],[[100.568834,13.746741],[100.567868,13.7426197]],[[100.5677582,13.7422787],[100.5672981,13.7423123]],[[100.567868,13.7426197],[100.5678488,13.7425469]],[[100.5678488,13.7425469],[100.5677582,13.7422787]],[[100.5685423,13.7424264],[100.5678488,13.7425469]],[[100.5672981,13.7423123],[100.5671573,13.741989]],[[100.5671414,13.7419934],[100.5667084,13.739606]],[[100.567081,13.7420101],[100.5671414,13.7419934]]]},"properties":{"key":"Soi Sawatdi Ditch","name":"Soi Sawatdi Ditch","name_th":"คูน้ำซอยสวัสดี","waterway":"ditch","length_km":1.7,"risk":null,"risk_type":null,"note":null,"note_th":null,"curated":false}},{"type":"Feature","geometry":{"type":"MultiLineString","coordinates":[[[100.7689843,13.5407839],[100.7678752,13.5394346],[100.7673173,13.5360968],[100.7674675,13.5353353],[100.7656651,13.5332491],[100.7647317,13.5314967],[100.7643306,13.5289222]],[[100.7694806,13.5429143],[100.7693937,13.5413367],[100.7689843,13.5407839]]]},"properties":{"key":"Khlong Ta Sa","name":"Khlong Ta Sa","name_th":"คลองตาสา","waterway":"river","length_km":1.7,"risk":null,"risk_type":null,"note":null,"note_th":null,"curated":false}},{"type":"Feature","geometry":{"type":"MultiLineString","coordinates":[[[100.482169,13.5580739],[100.4789747,13.554215],[100.4779847,13.5523445],[100.4776017,13.5493754],[100.4784237,13.5470963],[100.4796659,13.5457706],[100.4798716,13.5450603]]]},"properties":{"key":"คลองหลังขุน","name":"คลองหลังขุน","name_th":"คลองหลังขุน","waterway":"river","length_km":1.7,"risk":null,"risk_type":null,"note":null,"note_th":null,"curated":false}},{"type":"Feature","geometry":{"type":"MultiLineString","coordinates":[[[100.4769265,13.6029681],[100.4764208,13.6023743],[100.4752143,13.6018808],[100.4731028,13.5991051],[100.4728963,13.5973082],[100.4735909,13.5938618],[100.4697165,13.5926804]]]},"properties":{"key":"Khlong Bangduan","name":"Khlong Bangduan","name_th":"คลองบางด้วน","waterway":"canal","length_km":1.7,"risk":null,"risk_type":null,"note":null,"note_th":null,"curated":false}},{"type":"Feature","geometry":{"type":"MultiLineString","coordinates":[[[100.8032445,13.6505041],[100.8020423,13.6485826],[100.8011598,13.646242],[100.7995424,13.6444461],[100.7999448,13.6423713],[100.7983703,13.6406588],[100.7981128,13.6399655],[100.7973886,13.6399238],[100.7971928,13.6395458],[100.7958142,13.6389098]]]},"properties":{"key":"คลองบางฉมาน","name":"คลองบางฉมาน","name_th":"คลองบางฉมาน","waterway":"canal","length_km":1.7,"risk":null,"risk_type":null,"note":null,"note_th":null,"curated":false}},{"type":"Feature","geometry":{"type":"MultiLineString","coordinates":[[[100.8864555,13.5680046],[100.8883296,13.5706197],[100.8888016,13.5708179],[100.8901535,13.5727786],[100.8912156,13.5737694],[100.8916186,13.5764783]],[[100.8916492,13.5766631],[100.8927069,13.5793385],[100.8929537,13.5813617]],[[100.8916374,13.5765921],[100.8916492,13.5766631]],[[100.8916311,13.5765537],[100.8916374,13.5765921]],[[100.8916186,13.5764783],[100.8916311,13.5765537]]]},"properties":{"key":"คลองบางคล้า #2","name":"คลองบางคล้า","name_th":"คลองบางคล้า","waterway":"canal","length_km":1.7,"risk":null,"risk_type":null,"note":null,"note_th":null,"curated":false}},{"type":"Feature","geometry":{"type":"MultiLineString","coordinates":[[[100.2476993,13.6366967],[100.2443269,13.6422264],[100.2510797,13.6442552],[100.2519666,13.6444325],[100.2520935,13.643995],[100.2530029,13.6442097]]]},"properties":{"key":"คลองเกาะโพธิ์","name":"คลองเกาะโพธิ์","name_th":"คลองเกาะโพธิ์","waterway":"canal","length_km":1.7,"risk":null,"risk_type":null,"note":null,"note_th":null,"curated":false}},{"type":"Feature","geometry":{"type":"MultiLineString","coordinates":[[[100.3476735,13.8563856],[100.3542475,13.8575719],[100.353755,13.8606903],[100.3531211,13.8623693],[100.3532936,13.8641984],[100.3531017,13.8661107]]]},"properties":{"key":"คลองหลุมลี","name":"คลองหลุมลี","name_th":"คลองหลุมลี","waterway":"canal","length_km":1.7,"risk":null,"risk_type":null,"note":null,"note_th":null,"curated":false}},{"type":"Feature","geometry":{"type":"MultiLineString","coordinates":[[[100.8848441,13.7953958],[100.8806866,13.7962345],[100.8785087,13.7973702],[100.8740133,13.7981621],[100.8727956,13.8002459],[100.8708262,13.8008611]]]},"properties":{"key":"คลองลำตาเฟื่อง","name":"คลองลำตาเฟื่อง","name_th":"คลองลำตาเฟื่อง","waterway":"river","length_km":1.7,"risk":null,"risk_type":null,"note":null,"note_th":null,"curated":false}},{"type":"Feature","geometry":{"type":"MultiLineString","coordinates":[[[100.3674458,13.7684258],[100.3660223,13.7770535],[100.3660705,13.778301],[100.3651,13.7808179],[100.3657429,13.7811551],[100.3659224,13.7819358],[100.3671516,13.7820611]]]},"properties":{"key":"Khlong Tho","name":"Khlong Tho","name_th":"คลองท่อ","waterway":"canal","length_km":1.7,"risk":null,"risk_type":null,"note":null,"note_th":null,"curated":false}},{"type":"Feature","geometry":{"type":"MultiLineString","coordinates":[[[100.6539657,13.6859238],[100.6478044,13.6837085],[100.6391711,13.6829139]]]},"properties":{"key":"Klong Taschang","name":"Klong Taschang","name_th":"คลองตาช้าง","waterway":"canal","length_km":1.6,"risk":null,"risk_type":null,"note":null,"note_th":null,"curated":false}},{"type":"Feature","geometry":{"type":"MultiLineString","coordinates":[[[100.6937429,13.7549537],[100.6913225,13.754253],[100.6896071,13.7544296],[100.6875777,13.7535705],[100.6842166,13.7543691],[100.6824694,13.7539073],[100.6800617,13.7547727]]]},"properties":{"key":"Khlong Wang Yai Bon","name":"Khlong Wang Yai Bon","name_th":"คลองวังใหญ่บน","waterway":"river","length_km":1.6,"risk":null,"risk_type":null,"note":null,"note_th":null,"curated":false}},{"type":"Feature","geometry":{"type":"MultiLineString","coordinates":[[[100.5052911,13.7857904],[100.5035034,13.787035],[100.501271,13.7871044],[100.4970827,13.7880709],[100.4964605,13.7886335],[100.4953125,13.7887169],[100.4948833,13.7891441],[100.4936817,13.7893733],[100.4935529,13.7906237]]]},"properties":{"key":"Khlong Bang Phlu #2","name":"Khlong Bang Phlu","name_th":"คลองบางพลู","waterway":"river","length_km":1.6,"risk":null,"risk_type":null,"note":null,"note_th":null,"curated":false}},{"type":"Feature","geometry":{"type":"MultiLineString","coordinates":[[[100.5889173,13.6889448],[100.5965976,13.689647],[100.5988721,13.6904758],[100.5996654,13.6913586],[100.6016279,13.6887943]]]},"properties":{"key":"Khlong Bang Chak #3","name":"Khlong Bang Chak","name_th":"คลองบางจาก","waterway":"canal","length_km":1.6,"risk":null,"risk_type":null,"note":null,"note_th":null,"curated":false}},{"type":"Feature","geometry":{"type":"MultiLineString","coordinates":[[[100.6063747,13.849055],[100.6065205,13.8479437],[100.6056689,13.8465075],[100.6048186,13.8428177],[100.6065724,13.8393655],[100.6065259,13.8365749],[100.6061158,13.8359204]]]},"properties":{"key":"Khlong Wat Lat Pla Khao","name":"Khlong Wat Lat Pla Khao","name_th":"คลองวัดลาดปลาเค้า","waterway":"canal","length_km":1.6,"risk":null,"risk_type":null,"note":null,"note_th":null,"curated":false}},{"type":"Feature","geometry":{"type":"MultiLineString","coordinates":[[[100.5156331,13.6938697],[100.5143651,13.6921601]],[[100.5122142,13.6892222],[100.5132607,13.6898378],[100.5143651,13.6921601]],[[100.517506,13.6968971],[100.5156331,13.6938697]],[[100.5111126,13.6851847],[100.5110764,13.6869289],[100.5116702,13.688706],[100.5122142,13.6892222]]]},"properties":{"key":"Khlong Satharana","name":"Khlong Satharana","name_th":"คลองสาธารณะ","waterway":"canal","length_km":1.6,"risk":null,"risk_type":null,"note":null,"note_th":null,"curated":false}},{"type":"Feature","geometry":{"type":"MultiLineString","coordinates":[[[100.5314831,13.6894509],[100.5276822,13.6843418],[100.5257565,13.6823908]],[[100.5255034,13.6820459],[100.5222425,13.678628]],[[100.5257565,13.6823908],[100.5256399,13.6822254]],[[100.5256399,13.6822254],[100.5256104,13.6821841]],[[100.5256104,13.6821841],[100.5255034,13.6820459]]]},"properties":{"key":"Khlong Wat Dok Mai","name":"Khlong Wat Dok Mai","name_th":"คลองวัดดอกไม้","waterway":"canal","length_km":1.6,"risk":null,"risk_type":null,"note":null,"note_th":null,"curated":false}},{"type":"Feature","geometry":{"type":"MultiLineString","coordinates":[[[100.626125,13.8558809],[100.6247611,13.856543],[100.6210046,13.8572804],[100.6176037,13.8562857],[100.6147362,13.8569726],[100.6123135,13.8565614]]]},"properties":{"key":"Khlong Phrae Khiao","name":"Khlong Phrae Khiao","name_th":"คลองแพรเขียว","waterway":"river","length_km":1.6,"risk":null,"risk_type":null,"note":null,"note_th":null,"curated":false}},{"type":"Feature","geometry":{"type":"MultiLineString","coordinates":[[[100.53742,13.6824059],[100.5349609,13.6775464],[100.5310736,13.6716106]],[[100.5379889,13.6834692],[100.5374529,13.6824997]],[[100.5374529,13.6824997],[100.53742,13.6824059]],[[100.5383836,13.6838905],[100.5380613,13.6835513]],[[100.5380613,13.6835513],[100.5379889,13.6834692]]]},"properties":{"key":"Khlong Wat Pariwat","name":"Khlong Wat Pariwat","name_th":"คลองวัดปริวาส","waterway":"canal","length_km":1.6,"risk":null,"risk_type":null,"note":null,"note_th":null,"curated":false}},{"type":"Feature","geometry":{"type":"MultiLineString","coordinates":[[[100.5300567,13.6904318],[100.5271776,13.6861398],[100.5247591,13.6831537]],[[100.5244756,13.6827905],[100.5238522,13.6820027],[100.5233428,13.6823373],[100.5209418,13.6797769]],[[100.5247591,13.6831537],[100.5244756,13.6827905]]]},"properties":{"key":"Khlong Rong Nam Man","name":"Khlong Rong Nam Man","name_th":"คลองโรงน้ำมัน","waterway":"canal","length_km":1.6,"risk":null,"risk_type":null,"note":null,"note_th":null,"curated":false}},{"type":"Feature","geometry":{"type":"MultiLineString","coordinates":[[[100.66033,13.9074094],[100.6615224,13.906576],[100.6657684,13.9061663],[100.6667297,13.9047628],[100.6674177,13.9029768],[100.6681293,13.9021657],[100.6702883,13.900558],[100.6717664,13.9012009]]]},"properties":{"key":"Khlong O Ngoen Noi","name":"Khlong O Ngoen Noi","name_th":"คลองออเงินน้อย","waterway":"canal","length_km":1.6,"risk":null,"risk_type":null,"note":null,"note_th":null,"curated":false}},{"type":"Feature","geometry":{"type":"MultiLineString","coordinates":[[[100.6586941,13.847762],[100.6590108,13.8451093],[100.66087,13.8397474],[100.6613412,13.8363779]],[[100.6613412,13.8363779],[100.6613936,13.8357029]],[[100.6613936,13.8357029],[100.6613797,13.8334488]]]},"properties":{"key":"Khlong Lam Chala","name":"Khlong Lam Chala","name_th":"คลองลำชะล่า","waterway":"canal","length_km":1.6,"risk":null,"risk_type":null,"note":null,"note_th":null,"curated":false}},{"type":"Feature","geometry":{"type":"MultiLineString","coordinates":[[[100.5454882,13.7436001],[100.5455227,13.7437783]],[[100.5455227,13.7437783],[100.5462893,13.7484791]],[[100.5439286,13.7346971],[100.5454882,13.7436001]]]},"properties":{"key":"Khlong Som Khit","name":"Khlong Som Khit","name_th":"คลองสมคิด","waterway":"canal","length_km":1.6,"risk":null,"risk_type":null,"note":null,"note_th":null,"curated":false}},{"type":"Feature","geometry":{"type":"MultiLineString","coordinates":[[[100.4929923,13.7157403],[100.4964534,13.7153007],[100.4988431,13.7142404],[100.5000106,13.7132968],[100.5010473,13.7115879],[100.5020902,13.7106382],[100.5039136,13.7082088]]]},"properties":{"key":"คลองหลังซอยจำเริญ","name":"คลองหลังซอยจำเริญ","name_th":"คลองหลังซอยจำเริญ","waterway":"canal","length_km":1.6,"risk":null,"risk_type":null,"note":null,"note_th":null,"curated":false}},{"type":"Feature","geometry":{"type":"MultiLineString","coordinates":[[[100.848307,13.6471806],[100.8522928,13.645217]],[[100.8522928,13.645217],[100.8561498,13.6449234],[100.8622311,13.6432397]]]},"properties":{"key":"Khlong Chuat Yai #2","name":"Khlong Chuat Yai","name_th":"คลองชวดใหญ่","waterway":"canal","length_km":1.6,"risk":null,"risk_type":null,"note":null,"note_th":null,"curated":false}},{"type":"Feature","geometry":{"type":"MultiLineString","coordinates":[[[100.466011,13.9363386],[100.4649115,13.9365742],[100.4646299,13.9384815],[100.4628426,13.938577],[100.4618228,13.939437],[100.4606237,13.9393145],[100.4578768,13.9404531],[100.4557749,13.9402264],[100.4542639,13.9408798]]]},"properties":{"key":"Khlong Khoi","name":"Khlong Khoi","name_th":"คลองข่อย","waterway":"ditch","length_km":1.6,"risk":null,"risk_type":null,"note":null,"note_th":null,"curated":false}},{"type":"Feature","geometry":{"type":"MultiLineString","coordinates":[[[100.658992,13.7378595],[100.6581828,13.7366168],[100.6567728,13.7367554],[100.6557609,13.7345013],[100.654267,13.7340539],[100.6535045,13.7334029],[100.6520609,13.7313444],[100.6516745,13.7295046],[100.6497238,13.7288731]]]},"properties":{"key":"Khlong Bung","name":"Khlong Bung","name_th":"คลองบึง","waterway":"river","length_km":1.6,"risk":null,"risk_type":null,"note":null,"note_th":null,"curated":false}},{"type":"Feature","geometry":{"type":"MultiLineString","coordinates":[[[100.4648045,13.6496535],[100.4664247,13.6430264],[100.4659662,13.6429182],[100.4661122,13.6392243],[100.467145,13.6381734],[100.467514,13.636551]]]},"properties":{"key":"Khlong Ton Tan #2","name":"Khlong Ton Tan","name_th":"คลองต้นตาล","waterway":"canal","length_km":1.6,"risk":null,"risk_type":null,"note":null,"note_th":null,"curated":false}},{"type":"Feature","geometry":{"type":"MultiLineString","coordinates":[[[100.6309971,13.9165478],[100.6323112,13.9159486],[100.6337864,13.914657],[100.6353619,13.9147284],[100.636143,13.9080591],[100.6369857,13.9056404]]]},"properties":{"key":"Khlong Samngam","name":"Khlong Samngam","name_th":"คลองสามง่าม","waterway":"canal","length_km":1.6,"risk":null,"risk_type":null,"note":null,"note_th":null,"curated":false}},{"type":"Feature","geometry":{"type":"MultiLineString","coordinates":[[[100.8293921,13.8890807],[100.8359715,13.8885834],[100.8380261,13.8875627],[100.8390346,13.8874976],[100.8415103,13.8863571],[100.8431183,13.886102]]]},"properties":{"key":"คลองหนองปลาหมอ","name":"คลองหนองปลาหมอ","name_th":"คลองหนองปลาหมอ","waterway":"canal","length_km":1.6,"risk":null,"risk_type":null,"note":null,"note_th":null,"curated":false}},{"type":"Feature","geometry":{"type":"MultiLineString","coordinates":[[[100.8729693,13.7424509],[100.8670288,13.7420479]],[[100.8729693,13.7424509],[100.8742011,13.7399322],[100.8751237,13.7388275],[100.8757889,13.7384315],[100.8789181,13.7377769]]]},"properties":{"key":"Khlong Ta Faeng","name":"Khlong Ta Faeng","name_th":"คลองตาแฝง","waterway":"canal","length_km":1.6,"risk":null,"risk_type":null,"note":null,"note_th":null,"curated":false}},{"type":"Feature","geometry":{"type":"MultiLineString","coordinates":[[[100.4414787,13.56967],[100.4427816,13.572241],[100.4426784,13.573366],[100.4434826,13.5755422],[100.4443682,13.579831],[100.4454441,13.5802747],[100.4456941,13.5818117],[100.4467308,13.5822446]]]},"properties":{"key":"Khlong Luk Wya (Khao)","name":"Khlong Luk Wya (Khao)","name_th":"คลองลูกวัว (เก่า)","waterway":"canal","length_km":1.6,"risk":null,"risk_type":null,"note":null,"note_th":null,"curated":false}},{"type":"Feature","geometry":{"type":"MultiLineString","coordinates":[[[100.4316565,13.7625217],[100.4253399,13.7626885],[100.4252004,13.761761],[100.417937,13.76217]]]},"properties":{"key":"คลองบางพรม","name":"คลองบางพรม","name_th":"คลองบางพรม","waterway":"canal","length_km":1.6,"risk":null,"risk_type":null,"note":null,"note_th":null,"curated":false}},{"type":"Feature","geometry":{"type":"MultiLineString","coordinates":[[[100.6738156,13.8810118],[100.674553,13.8799541],[100.675904,13.8790454],[100.6778937,13.8795276],[100.6813243,13.8795708],[100.6818031,13.8776753],[100.6835472,13.8757274],[100.6837002,13.8749004],[100.6844,13.8740463]]]},"properties":{"key":"Khlong Bueng Phraya Suren","name":"Khlong Bueng Phraya Suren","name_th":"คลองบึงพระยาสุเรนทร์","waterway":"canal","length_km":1.6,"risk":null,"risk_type":null,"note":null,"note_th":null,"curated":false}},{"type":"Feature","geometry":{"type":"MultiLineString","coordinates":[[[100.8142776,13.8676411],[100.8149687,13.8623234],[100.8148101,13.8606866],[100.8143464,13.8594183],[100.8148108,13.8537312]]]},"properties":{"key":"Khlong Want To","name":"Khlong Want To","name_th":"คลองหวังโต","waterway":"canal","length_km":1.6,"risk":null,"risk_type":null,"note":null,"note_th":null,"curated":false}},{"type":"Feature","geometry":{"type":"MultiLineString","coordinates":[[[100.5716184,13.6822192],[100.5733487,13.6817691],[100.5745554,13.6808878],[100.5755572,13.680579],[100.5791366,13.6773852],[100.5797535,13.6777005],[100.5809028,13.6772692],[100.5842484,13.6752563]]]},"properties":{"key":"Khlong Bang Nam Phueng","name":"Khlong Bang Nam Phueng","name_th":"คลองบางน้ำผึ้ง","waterway":"canal","length_km":1.6,"risk":null,"risk_type":null,"note":null,"note_th":null,"curated":false}},{"type":"Feature","geometry":{"type":"MultiLineString","coordinates":[[[100.2307828,13.7080277],[100.2309052,13.7088421],[100.2301757,13.7093998],[100.2309858,13.7114935],[100.2312765,13.7142176],[100.230687,13.715091],[100.2292786,13.7210871]]]},"properties":{"key":"Khlong Lat","name":"Khlong Lat","name_th":"คลองลัด","waterway":"river","length_km":1.6,"risk":null,"risk_type":null,"note":null,"note_th":null,"curated":false}},{"type":"Feature","geometry":{"type":"MultiLineString","coordinates":[[[100.8648674,13.661077],[100.8646052,13.6598684],[100.8627182,13.6576066],[100.8610905,13.6562502],[100.8592162,13.6554131],[100.8578374,13.65404],[100.8570317,13.6526161],[100.8566949,13.6506293]]]},"properties":{"key":"คลองช้างตาย","name":"คลองช้างตาย","name_th":"คลองช้างตาย","waterway":"river","length_km":1.6,"risk":null,"risk_type":null,"note":null,"note_th":null,"curated":false}},{"type":"Feature","geometry":{"type":"MultiLineString","coordinates":[[[100.7029019,13.8330761],[100.7001767,13.8294112],[100.6991185,13.8249366],[100.697207,13.8225184],[100.6967897,13.8214978],[100.6967776,13.8204215]]]},"properties":{"key":"Khlong Lam Khwai Tai","name":"Khlong Lam Khwai Tai","name_th":"คลองลำควายตาย","waterway":"canal","length_km":1.6,"risk":null,"risk_type":null,"note":null,"note_th":null,"curated":false}},{"type":"Feature","geometry":{"type":"MultiLineString","coordinates":[[[100.463726,13.8270266],[100.4634405,13.82626],[100.4636249,13.8254795],[100.4621265,13.8241269],[100.4617578,13.822856],[100.4587121,13.8206446],[100.4546963,13.8162255]]]},"properties":{"key":"Khlong Bang Khanun","name":"Khlong Bang Khanun","name_th":"คลองบางขนุน","waterway":"canal","length_km":1.6,"risk":null,"risk_type":null,"note":null,"note_th":null,"curated":false}},{"type":"Feature","geometry":{"type":"MultiLineString","coordinates":[[[100.4021886,13.8621772],[100.4019311,13.8602176],[100.4024247,13.8591395],[100.4027696,13.8564628],[100.4023335,13.8550197],[100.4018238,13.8544625],[100.4021135,13.8539104],[100.4018024,13.8530406],[100.4023066,13.8523739],[100.4019687,13.8519156],[100.4022718,13.8493405]]]},"properties":{"key":"คลองบางโค","name":"คลองบางโค","name_th":"คลองบางโค","waterway":"canal","length_km":1.6,"risk":null,"risk_type":null,"note":null,"note_th":null,"curated":false}},{"type":"Feature","geometry":{"type":"MultiLineString","coordinates":[[[100.6734069,13.5438502],[100.6734353,13.5437512]],[[100.67505,13.5562167],[100.675363,13.5552724]],[[100.6734353,13.5437512],[100.6744526,13.5422925]],[[100.675363,13.5552724],[100.6751751,13.5512745]],[[100.6742874,13.5474488],[100.6731321,13.5448672],[100.6734069,13.5438502]],[[100.6751687,13.5511371],[100.6750266,13.5494411],[100.6742874,13.5474488]],[[100.6751751,13.5512745],[100.6751687,13.5511371]]]},"properties":{"key":"Khlong Lam Bang Phi","name":"Khlong Lam Bang Phi","name_th":"คลองลำบางผี","waterway":"river","length_km":1.6,"risk":null,"risk_type":null,"note":null,"note_th":null,"curated":false}},{"type":"Feature","geometry":{"type":"MultiLineString","coordinates":[[[100.7147862,13.6302048],[100.7167318,13.6278952],[100.718535,13.6285304]],[[100.718535,13.6285304],[100.7195958,13.628129],[100.721637,13.6263956],[100.7227609,13.6257986],[100.7268985,13.6247371]],[[100.7268985,13.6247371],[100.7270125,13.6247105]]]},"properties":{"key":"Khlong Ton Kluai","name":"Khlong Ton Kluai","name_th":"คลองต้นกล้วย","waterway":"canal","length_km":1.6,"risk":null,"risk_type":null,"note":null,"note_th":null,"curated":false}},{"type":"Feature","geometry":{"type":"MultiLineString","coordinates":[[[100.9080191,13.6525724],[100.9091932,13.6515699],[100.9097457,13.650152],[100.9117305,13.6479365],[100.9126371,13.6474882],[100.9149975,13.6453769],[100.9175348,13.6417434]]]},"properties":{"key":"Khlong Mo Khao Mo Kaeng","name":"Khlong Mo Khao Mo Kaeng","name_th":"คลองหม้อข้าวหม้อแกง","waterway":"river","length_km":1.6,"risk":null,"risk_type":null,"note":null,"note_th":null,"curated":false}},{"type":"Feature","geometry":{"type":"MultiLineString","coordinates":[[[100.5819354,14.0317888],[100.5835918,14.0311699],[100.5853111,14.0300484],[100.5863008,14.0300224],[100.5873523,14.0294134]],[[100.5937935,14.0279263],[100.5939347,14.0278841]],[[100.5936916,14.0279497],[100.5937935,14.0279263]],[[100.5874017,14.0293837],[100.5891868,14.028448],[100.5918691,14.0284532],[100.5936916,14.0279497]],[[100.5873523,14.0294134],[100.5874017,14.0293837]],[[100.5818796,14.0318131],[100.5819354,14.0317888]],[[100.5799815,14.032661],[100.5818796,14.0318131]]]},"properties":{"key":"Khlong Bang Phut 1","name":"Khlong Bang Phut 1","name_th":"คลองบางพูด 1","waterway":"river","length_km":1.6,"risk":null,"risk_type":null,"note":null,"note_th":null,"curated":false}},{"type":"Feature","geometry":{"type":"MultiLineString","coordinates":[[[100.2366949,13.6797807],[100.2436233,13.666808]]]},"properties":{"key":"คลองปล่องเหลี่ยม","name":"คลองปล่องเหลี่ยม","name_th":"คลองปล่องเหลี่ยม","waterway":"canal","length_km":1.6,"risk":null,"risk_type":null,"note":null,"note_th":null,"curated":false}},{"type":"Feature","geometry":{"type":"MultiLineString","coordinates":[[[100.5463085,13.9072479],[100.5461885,13.9061207],[100.5470222,13.9025488],[100.5465927,13.8982446]],[[100.5463326,13.8940563],[100.5461331,13.8926564]],[[100.5463414,13.8941556],[100.5463326,13.8940563]],[[100.5463977,13.894784],[100.5463414,13.8941556]],[[100.5464066,13.894883],[100.5463977,13.894784]],[[100.5465555,13.8978372],[100.5464066,13.894883]],[[100.5465927,13.8982446],[100.5465555,13.8978372]]]},"properties":{"key":"Khlong Klua","name":"Khlong Klua","name_th":"คลองเกลือ","waterway":"canal","length_km":1.6,"risk":null,"risk_type":null,"note":null,"note_th":null,"curated":false}},{"type":"Feature","geometry":{"type":"MultiLineString","coordinates":[[[100.8591616,13.7058204],[100.8724583,13.6994975]]]},"properties":{"key":"Khlong Yisip","name":"Khlong Yisip","name_th":"คลองยี่สิบ","waterway":"canal","length_km":1.6,"risk":null,"risk_type":null,"note":null,"note_th":null,"curated":false}},{"type":"Feature","geometry":{"type":"MultiLineString","coordinates":[[[100.8245106,13.694776],[100.829989,13.6886746],[100.8354941,13.6858933]]]},"properties":{"key":"Klong Klan Hom","name":"Klong Klan Hom","name_th":"คลองกลั่นหอม","waterway":"canal","length_km":1.6,"risk":null,"risk_type":null,"note":null,"note_th":null,"curated":false}},{"type":"Feature","geometry":{"type":"MultiLineString","coordinates":[[[100.6093702,13.8678361],[100.6093801,13.8689612],[100.6098314,13.8695429],[100.6098082,13.8724208],[100.610405,13.8734192],[100.6109886,13.8753537],[100.6109688,13.8762014]],[[100.6109759,13.876064],[100.6051648,13.8756513]]]},"properties":{"key":"ลำรางข้างหมู่บ้านไปรษณีย์นิเวศน์","name":"ลำรางข้างหมู่บ้านไปรษณีย์นิเวศน์","name_th":"ลำรางข้างหมู่บ้านไปรษณีย์นิเวศน์","waterway":"canal","length_km":1.6,"risk":null,"risk_type":null,"note":null,"note_th":null,"curated":false}},{"type":"Feature","geometry":{"type":"MultiLineString","coordinates":[[[100.708738,13.833892],[100.7051047,13.8327917],[100.7027873,13.8329834]],[[100.7027873,13.8329834],[100.701964,13.8335281],[100.7003497,13.8365421],[100.6988047,13.8370421],[100.6972769,13.8365686]]]},"properties":{"key":"Khlong Phak Ka Chet","name":"Khlong Phak Ka Chet","name_th":"คลองผักกะเฉด","waterway":"river","length_km":1.5,"risk":null,"risk_type":null,"note":null,"note_th":null,"curated":false}},{"type":"Feature","geometry":{"type":"MultiLineString","coordinates":[[[100.4771157,13.7441049],[100.477764,13.7433768],[100.4787187,13.7429225],[100.4809091,13.7426686]],[[100.4809091,13.7426686],[100.4819421,13.7426654],[100.4865701,13.744392]],[[100.4865701,13.744392],[100.4895687,13.7454531]]]},"properties":{"key":"Khlong Wat Arun","name":"Khlong Wat Arun","name_th":"คลองวัดอรุณ","waterway":"canal","length_km":1.5,"risk":null,"risk_type":null,"note":null,"note_th":null,"curated":false}},{"type":"Feature","geometry":{"type":"MultiLineString","coordinates":[[[100.4179039,13.6251496],[100.4194273,13.6213386],[100.4203875,13.6197407],[100.4200497,13.6191418],[100.4244056,13.6147438],[100.4248022,13.6140062]]]},"properties":{"key":"คลองตรง","name":"คลองตรง","name_th":"คลองตรง","waterway":"canal","length_km":1.5,"risk":null,"risk_type":null,"note":null,"note_th":null,"curated":false}},{"type":"Feature","geometry":{"type":"MultiLineString","coordinates":[[[100.5919925,13.6637414],[100.5815748,13.6677647],[100.5793479,13.669205]]]},"properties":{"key":"คลองวัดบางวัว","name":"คลองวัดบางวัว","name_th":"คลองวัดบางวัว","waterway":"canal","length_km":1.5,"risk":null,"risk_type":null,"note":null,"note_th":null,"curated":false}},{"type":"Feature","geometry":{"type":"MultiLineString","coordinates":[[[100.4265021,13.6609529],[100.4273989,13.6578572],[100.4270442,13.6559419],[100.4265038,13.6547404],[100.4259255,13.6543083],[100.4260906,13.6516873],[100.4267764,13.6494219],[100.4279352,13.6481708]]]},"properties":{"key":"Khlong Lat Lamphu","name":"Khlong Lat Lamphu","name_th":"คลองลาดลำภู","waterway":"river","length_km":1.5,"risk":null,"risk_type":null,"note":null,"note_th":null,"curated":false}},{"type":"Feature","geometry":{"type":"MultiLineString","coordinates":[[[100.507374,13.6856849],[100.5077341,13.6873219],[100.5089422,13.6893859]],[[100.5092785,13.6901736],[100.5107329,13.6935552],[100.51352,13.6972579]],[[100.5089422,13.6893859],[100.5092785,13.6901736]]]},"properties":{"key":"Khlong Bang Khlo San","name":"Khlong Bang Khlo San","name_th":"คลองบางโคล่สาร","waterway":"canal","length_km":1.5,"risk":null,"risk_type":null,"note":null,"note_th":null,"curated":false}},{"type":"Feature","geometry":{"type":"MultiLineString","coordinates":[[[100.5171165,13.6873032],[100.5159743,13.6860272],[100.5148133,13.6840519]],[[100.5215544,13.6953894],[100.5171165,13.6873032]]]},"properties":{"key":"Khlong Wat Sai","name":"Khlong Wat Sai","name_th":"คลองวัดไทร","waterway":"canal","length_km":1.5,"risk":null,"risk_type":null,"note":null,"note_th":null,"curated":false}},{"type":"Feature","geometry":{"type":"MultiLineString","coordinates":[[[100.4313228,13.6030071],[100.4302633,13.6100301],[100.4289168,13.6107288],[100.4259615,13.6146653]]]},"properties":{"key":"Khlong Yai Phian","name":"Khlong Yai Phian","name_th":"คลองยายเพียร","waterway":"canal","length_km":1.5,"risk":null,"risk_type":null,"note":null,"note_th":null,"curated":false}},{"type":"Feature","geometry":{"type":"MultiLineString","coordinates":[[[100.5334966,13.6703222],[100.5348222,13.6724828],[100.5350785,13.6740633],[100.5374507,13.6802967]],[[100.53746,13.6803252],[100.5379746,13.6827051]],[[100.5374507,13.6802967],[100.53746,13.6803252]]]},"properties":{"key":"Khlong Faet","name":"Khlong Faet","name_th":"คลองแฟด","waterway":"canal","length_km":1.5,"risk":null,"risk_type":null,"note":null,"note_th":null,"curated":false}},{"type":"Feature","geometry":{"type":"MultiLineString","coordinates":[[[100.5278454,13.6740074],[100.5316428,13.6782912],[100.5339338,13.6821317],[100.5352215,13.6849492]]]},"properties":{"key":"Bang Phong Phang Tai","name":"Bang Phong Phang Tai","name_th":"คลองบางโพงพางใต้","waterway":"canal","length_km":1.5,"risk":null,"risk_type":null,"note":null,"note_th":null,"curated":false}},{"type":"Feature","geometry":{"type":"MultiLineString","coordinates":[[[100.625162,13.9066939],[100.6266296,13.9047679],[100.627918,13.9039282],[100.6282361,13.9032172],[100.6296342,13.9036869],[100.6310553,13.9034871],[100.6327576,13.9037438],[100.6358887,13.9047412],[100.6369857,13.9056404]]]},"properties":{"key":"Khlong O Ko","name":"Khlong O Ko","name_th":"คลองออเกาะ","waterway":"canal","length_km":1.5,"risk":null,"risk_type":null,"note":null,"note_th":null,"curated":false}},{"type":"Feature","geometry":{"type":"MultiLineString","coordinates":[[[100.4374657,13.8513137],[100.4345478,13.8520813],[100.4337728,13.8525257],[100.4319576,13.8525812],[100.4278434,13.8545153],[100.4246491,13.8552465]]]},"properties":{"key":"Khlong Bang Sakae #2","name":"Khlong Bang Sakae","name_th":"คลองบางสะแก","waterway":"canal","length_km":1.5,"risk":null,"risk_type":null,"note":null,"note_th":null,"curated":false}},{"type":"Feature","geometry":{"type":"MultiLineString","coordinates":[[[100.5297709,13.6932052],[100.5269172,13.692207],[100.5247705,13.6905064],[100.5211488,13.6859819],[100.5218501,13.6852545]],[[100.5298708,13.6932457],[100.5297709,13.6932052]],[[100.5307803,13.6935918],[100.5298708,13.6932457]]]},"properties":{"key":"Khlong Mai #5","name":"Khlong Mai","name_th":"คลองใหม่","waterway":"canal","length_km":1.5,"risk":null,"risk_type":null,"note":null,"note_th":null,"curated":false}},{"type":"Feature","geometry":{"type":"MultiLineString","coordinates":[[[100.6114672,13.7252213],[100.6167882,13.724108],[100.6212509,13.7238492],[100.6232553,13.720288]]]},"properties":{"key":"Khlong Ong Ang","name":"Khlong Ong Ang","name_th":"คลองโอ่งอ่าง","waterway":"canal","length_km":1.5,"risk":null,"risk_type":null,"note":null,"note_th":null,"curated":false}},{"type":"Feature","geometry":{"type":"MultiLineString","coordinates":[[[100.4333704,13.582781],[100.4302289,13.5820746],[100.4292883,13.5810013],[100.4279519,13.5805423],[100.4252693,13.579007],[100.4215899,13.5782202],[100.4205879,13.5777159]]]},"properties":{"key":"Khlong Ton Tan #3","name":"Khlong Ton Tan","name_th":"คลองต้นตาล","waterway":"canal","length_km":1.5,"risk":null,"risk_type":null,"note":null,"note_th":null,"curated":false}},{"type":"Feature","geometry":{"type":"MultiLineString","coordinates":[[[100.6663459,13.8718776],[100.6682925,13.872216],[100.6682265,13.8730383],[100.6712949,13.8733039],[100.6726284,13.8741209],[100.6732423,13.87493],[100.6733073,13.8771639],[100.674528,13.8799849]]]},"properties":{"key":"Khlong Nong Kong","name":"Khlong Nong Kong","name_th":"คลองหนองกง","waterway":"canal","length_km":1.5,"risk":null,"risk_type":null,"note":null,"note_th":null,"curated":false}},{"type":"Feature","geometry":{"type":"MultiLineString","coordinates":[[[100.4268417,13.5798632],[100.4288389,13.5760333],[100.4294394,13.5752808],[100.4307236,13.5752843],[100.4321573,13.5724482],[100.433118,13.5725137],[100.4330362,13.5733691],[100.4341836,13.5743163]]]},"properties":{"key":"Khlong Rang","name":"Khlong Rang","name_th":"คลองราง","waterway":"canal","length_km":1.5,"risk":null,"risk_type":null,"note":null,"note_th":null,"curated":false}},{"type":"Feature","geometry":{"type":"MultiLineString","coordinates":[[[100.4043005,13.7411031],[100.403673,13.7376065],[100.4016292,13.7377003],[100.4018062,13.7351938],[100.4034852,13.7319213],[100.4034686,13.7299028]]]},"properties":{"key":"คลองนายสร้อย","name":"คลองนายสร้อย","name_th":"คลองนายสร้อย","waterway":"canal","length_km":1.5,"risk":null,"risk_type":null,"note":null,"note_th":null,"curated":false}},{"type":"Feature","geometry":{"type":"MultiLineString","coordinates":[[[100.3499552,13.723917],[100.3495078,13.7278171],[100.3484832,13.7288021],[100.3481681,13.7370878]]]},"properties":{"key":"คลองกำนันเทียน","name":"คลองกำนันเทียน","name_th":"คลองกำนันเทียน","waterway":"canal","length_km":1.5,"risk":null,"risk_type":null,"note":null,"note_th":null,"curated":false}},{"type":"Feature","geometry":{"type":"MultiLineString","coordinates":[[[100.5393078,13.6850291],[100.5410521,13.6833542],[100.5441739,13.6818506],[100.5483929,13.681551],[100.5517372,13.6806366]]]},"properties":{"key":"Khlong Phum","name":"Khlong Phum","name_th":"คลองภูมิ","waterway":"canal","length_km":1.5,"risk":null,"risk_type":null,"note":null,"note_th":null,"curated":false}},{"type":"Feature","geometry":{"type":"MultiLineString","coordinates":[[[100.6568831,13.7925046],[100.6517975,13.7873626],[100.6535946,13.7855371],[100.6554233,13.7830232],[100.6553509,13.7826082]]]},"properties":{"key":"ลำรางแยกคลองบางเตย ตอน 3","name":"ลำรางแยกคลองบางเตย ตอน 3","name_th":"ลำรางแยกคลองบางเตย ตอน 3","waterway":"canal","length_km":1.5,"risk":null,"risk_type":null,"note":null,"note_th":null,"curated":false}},{"type":"Feature","geometry":{"type":"MultiLineString","coordinates":[[[100.6920999,13.8524963],[100.7008918,13.8511412]],[[100.6873473,13.8535367],[100.6908678,13.852626]],[[100.6908678,13.852626],[100.691433,13.8526031]],[[100.691433,13.8526031],[100.6917396,13.852554]],[[100.6917396,13.852554],[100.6920999,13.8524963]]]},"properties":{"key":"Khlong Thai Erawan","name":"Khlong Thai Erawan","name_th":"คลองไทยเอราวัณ","waterway":"canal","length_km":1.5,"risk":null,"risk_type":null,"note":null,"note_th":null,"curated":false}},{"type":"Feature","geometry":{"type":"MultiLineString","coordinates":[[[100.5485511,14.0364122],[100.5492507,14.0357029],[100.5502357,14.0355967],[100.5531229,14.0341456],[100.5606694,14.0313192]],[[100.5610336,14.0312313],[100.5611962,14.0312074]],[[100.5606694,14.0313192],[100.5610336,14.0312313]]]},"properties":{"key":"Khlong Krachaeng","name":"Khlong Krachaeng","name_th":"คลองกระแชง","waterway":"canal","length_km":1.5,"risk":null,"risk_type":null,"note":null,"note_th":null,"curated":false}},{"type":"Feature","geometry":{"type":"MultiLineString","coordinates":[[[100.3544681,13.6588394],[100.355645,13.6519782],[100.3553453,13.6456862]]]},"properties":{"key":"Khlong Nai Phon","name":"Khlong Nai Phon","name_th":"คลองนายผล","waterway":"canal","length_km":1.5,"risk":null,"risk_type":null,"note":null,"note_th":null,"curated":false}},{"type":"Feature","geometry":{"type":"MultiLineString","coordinates":[[[100.8137611,13.6148299],[100.8105223,13.6146226],[100.809149,13.6148677],[100.8007221,13.6108341]]]},"properties":{"key":"คลองเกษรา","name":"คลองเกษรา","name_th":"คลองเกษรา","waterway":"canal","length_km":1.5,"risk":null,"risk_type":null,"note":null,"note_th":null,"curated":false}},{"type":"Feature","geometry":{"type":"MultiLineString","coordinates":[[[100.7909148,13.5927312],[100.7906706,13.5917712],[100.7890505,13.5895917],[100.7897801,13.5887261],[100.790849,13.5880473],[100.7921217,13.5887142],[100.7950078,13.5890166],[100.7954155,13.5896632],[100.7950844,13.5916669]]]},"properties":{"key":"Khlong Charoen Rat #2","name":"Khlong Charoen Rat","name_th":"คลองเจริญราษฎร์","waterway":"river","length_km":1.5,"risk":null,"risk_type":null,"note":null,"note_th":null,"curated":false}},{"type":"Feature","geometry":{"type":"MultiLineString","coordinates":[[[100.4666082,13.8087874],[100.4660962,13.8083211],[100.4656385,13.8071987],[100.4631668,13.8048328]],[[100.4729189,13.8132638],[100.4705564,13.8120286],[100.4666899,13.8091423],[100.4666082,13.8087874]]]},"properties":{"key":"Khlong Wat Sak Noi","name":"Khlong Wat Sak Noi","name_th":"คลองวัดสักน้อย","waterway":"river","length_km":1.5,"risk":null,"risk_type":null,"note":null,"note_th":null,"curated":false}},{"type":"Feature","geometry":{"type":"MultiLineString","coordinates":[[[100.5716331,13.702784],[100.5701793,13.6984911],[100.5697475,13.6980337],[100.570374,13.6976589],[100.5701722,13.6972841],[100.5705722,13.6970228],[100.5701559,13.6966903],[100.5704116,13.6963131],[100.5701436,13.6961156],[100.5704116,13.6957144],[100.5700911,13.695293],[100.5701559,13.6948134],[100.5696475,13.6946607],[100.5692377,13.6938675],[100.5692932,13.6933346],[100.5680429,13.692214],[100.5680892,13.6918912]]]},"properties":{"key":"Khlong Yai Khap","name":"Khlong Yai Khap","name_th":"คลองยายขาบ","waterway":"canal","length_km":1.5,"risk":null,"risk_type":null,"note":null,"note_th":null,"curated":false}},{"type":"Feature","geometry":{"type":"MultiLineString","coordinates":[[[100.5468,14.050101],[100.5471003,14.0510341],[100.5478057,14.0513906],[100.5495181,14.0541005]],[[100.5401614,14.0469776],[100.5421328,14.0461996],[100.544402,14.0490202],[100.5461602,14.0501117],[100.5468,14.050101]]]},"properties":{"key":"Khlong Khanon","name":"Khlong Khanon","name_th":"คลองขนอน","waterway":"canal","length_km":1.5,"risk":null,"risk_type":null,"note":null,"note_th":null,"curated":false}},{"type":"Feature","geometry":{"type":"MultiLineString","coordinates":[[[100.5915522,13.593597],[100.5857636,13.5933731],[100.584775,13.5937785],[100.5836931,13.5931447],[100.5815771,13.5935098],[100.5790253,13.5928945],[100.5780752,13.5933197]]]},"properties":{"key":"Khlong Pom","name":"Khlong Pom","name_th":"คลองป้อม","waterway":"canal","length_km":1.5,"risk":null,"risk_type":null,"note":null,"note_th":null,"curated":false}},{"type":"Feature","geometry":{"type":"MultiLineString","coordinates":[[[100.8300949,13.6643117],[100.833759,13.6644093],[100.8359883,13.6651891],[100.8374311,13.6647971],[100.8402805,13.6630567],[100.8417134,13.661522],[100.8425231,13.6613552]]]},"properties":{"key":"Khlong Pak Kapang","name":"Khlong Pak Kapang","name_th":"คลองปากกะพัง","waterway":"canal","length_km":1.5,"risk":null,"risk_type":null,"note":null,"note_th":null,"curated":false}},{"type":"Feature","geometry":{"type":"MultiLineString","coordinates":[[[100.2810191,13.5588701],[100.2809559,13.5580791],[100.280165,13.5578858],[100.2799988,13.5573371]],[[100.278691,13.5563397],[100.2775423,13.5552141],[100.2772266,13.5541566],[100.2763274,13.5537143],[100.276914,13.5533744],[100.2773386,13.5524402],[100.2782462,13.55211],[100.2777924,13.5506851]],[[100.278691,13.5563397],[100.2787795,13.5564499]],[[100.2790858,13.5567317],[100.2787795,13.5564499]],[[100.2790858,13.5567317],[100.2792665,13.5567714]],[[100.2799435,13.5572418],[100.2796569,13.5567475],[100.2792665,13.5567714]],[[100.2799435,13.5572418],[100.2799988,13.5573371]],[[100.2809989,13.5589674],[100.2809737,13.5590884]],[[100.2810191,13.5588701],[100.2809989,13.5589674]],[[100.2776395,13.5503124],[100.2771251,13.5494962]],[[100.2776395,13.5503124],[100.2777924,13.5506851]]]},"properties":{"key":"คลองยม","name":"คลองยม","name_th":"คลองยม","waterway":"ditch","length_km":1.5,"risk":null,"risk_type":null,"note":null,"note_th":null,"curated":false}},{"type":"Feature","geometry":{"type":"MultiLineString","coordinates":[[[100.3013551,13.6407289],[100.302144,13.6440501],[100.3019294,13.6442951],[100.3023465,13.6495642],[100.3035656,13.6494091],[100.3042361,13.6496124],[100.3053895,13.6517288]]]},"properties":{"key":"คลองสะพานดำ #2","name":"คลองสะพานดำ","name_th":"คลองสะพานดำ","waterway":"canal","length_km":1.5,"risk":null,"risk_type":null,"note":null,"note_th":null,"curated":false}},{"type":"Feature","geometry":{"type":"MultiLineString","coordinates":[[[100.7137775,13.8123989],[100.7124924,13.811266],[100.7093826,13.8101361],[100.7068399,13.8082137],[100.7049446,13.8078865],[100.7030292,13.8068976],[100.7019972,13.80695]]]},"properties":{"key":"Lam Rang Krathiam","name":"Lam Rang Krathiam","name_th":"ลำรางกระเทียม","waterway":"river","length_km":1.5,"risk":null,"risk_type":null,"note":null,"note_th":null,"curated":false}},{"type":"Feature","geometry":{"type":"MultiLineString","coordinates":[[[100.7055858,13.812221],[100.7050053,13.8113189],[100.7047991,13.8102003],[100.7048381,13.8089958],[100.7052473,13.8079595]],[[100.7059117,13.8125334],[100.7058064,13.8123865]],[[100.7058064,13.8123865],[100.7055858,13.812221]],[[100.711207,13.819282],[100.7086228,13.8159944],[100.7083564,13.8154798],[100.7084234,13.8147429],[100.707544,13.8142885],[100.70641,13.8130356]],[[100.70641,13.8130356],[100.7059117,13.8125334]]]},"properties":{"key":"Lam Rang Ko Kha","name":"Lam Rang Ko Kha","name_th":"ลำรางเกาะข่า","waterway":"canal","length_km":1.5,"risk":null,"risk_type":null,"note":null,"note_th":null,"curated":false}},{"type":"Feature","geometry":{"type":"MultiLineString","coordinates":[[[100.2055,13.6872442],[100.2065895,13.6865109],[100.207922,13.6899057],[100.2084428,13.6902445],[100.2089892,13.6901957],[100.2108563,13.6941294],[100.2113685,13.6970163]]]},"properties":{"key":"Khlong Tontan","name":"Khlong Tontan","name_th":"คลองต้นตาล","waterway":"canal","length_km":1.5,"risk":null,"risk_type":null,"note":null,"note_th":null,"curated":false}},{"type":"Feature","geometry":{"type":"MultiLineString","coordinates":[[[100.4077726,13.8364631],[100.4061849,13.8392956],[100.4058945,13.8392255],[100.4054369,13.840363],[100.4054398,13.8413949],[100.4056008,13.8425475],[100.4067113,13.8442289],[100.4082098,13.8478082]]]},"properties":{"key":"คลองส้มป่อย 2","name":"คลองส้มป่อย 2","name_th":"คลองส้มป่อย 2","waterway":"canal","length_km":1.5,"risk":null,"risk_type":null,"note":null,"note_th":null,"curated":false}},{"type":"Feature","geometry":{"type":"MultiLineString","coordinates":[[[100.5643037,14.066371],[100.5650392,14.0641344],[100.5630657,14.0596587],[100.5611132,14.0573395],[100.5601975,14.0566121],[100.5596618,14.0567268],[100.5595224,14.0563298],[100.5584141,14.0555479]]]},"properties":{"key":"Lam Phak Chi","name":"Lam Phak Chi","name_th":"ลำผักชี","waterway":"canal","length_km":1.5,"risk":3,"risk_type":"riverine","note":"Low-lying Lat Krabang farmland canal in the eastern flood-retention zone used in 2011; still floods in heavy monsoon.","note_th":"คลองที่ลุ่มเกษตรกรรมลาดกระบังในเขตกักเก็บน้ำฝั่งตะวันออกที่ใช้งานปี 2554 ยังท่วมเวลามรสุมตกหนัก","curated":true}},{"type":"Feature","geometry":{"type":"MultiLineString","coordinates":[[[100.7977341,13.8398223],[100.7959387,13.8433416],[100.7963606,13.8442033],[100.7949604,13.8469757]],[[100.799807,13.8348547],[100.7977781,13.8397321]],[[100.7977781,13.8397321],[100.7977341,13.8398223]]]},"properties":{"key":"Khlong Sa La Khoo","name":"Khlong Sa La Khoo","name_th":"คลองศาลาคู้","waterway":"canal","length_km":1.5,"risk":null,"risk_type":null,"note":null,"note_th":null,"curated":false}},{"type":"Feature","geometry":{"type":"MultiLineString","coordinates":[[[100.6528844,13.7772602],[100.6485206,13.7736599],[100.6491729,13.7716842],[100.6523271,13.7679614]]]},"properties":{"key":"Khlong Lam Phang Phuai #2","name":"Khlong Lam Phang Phuai","name_th":"คลองลำพังพวย","waterway":"canal","length_km":1.4,"risk":null,"risk_type":null,"note":null,"note_th":null,"curated":false}},{"type":"Feature","geometry":{"type":"MultiLineString","coordinates":[[[100.5844694,13.8904022],[100.5867836,13.8899648],[100.5881225,13.8892815],[100.5887577,13.8895315],[100.5899138,13.8893739],[100.5946709,13.8876072]],[[100.58281,13.8906846],[100.5844694,13.8904022]]]},"properties":{"key":"Khlong Wat Lak Si","name":"Khlong Wat Lak Si","name_th":"คลองวัดหลักสี่","waterway":"canal","length_km":1.4,"risk":null,"risk_type":null,"note":null,"note_th":null,"curated":false}},{"type":"Feature","geometry":{"type":"MultiLineString","coordinates":[[[100.6502419,13.7128612],[100.6490908,13.7129685],[100.6478265,13.7123036],[100.6470106,13.7128395],[100.6458892,13.7129836],[100.6449574,13.7139362],[100.6400555,13.7140666],[100.6393388,13.7142436],[100.639267,13.7149187]]]},"properties":{"key":"Khlong Phra Khanong Kao","name":"Khlong Phra Khanong Kao","name_th":"คลองพระโขนงเก่า","waterway":"river","length_km":1.4,"risk":3,"risk_type":"mixed","note":"Main Sukhumvit-side drainage — the collection sump of the eastern drainage cone. Water flows toward the mouth, where the Lat Pho 8-gate barrage and Phra Khanong pumping station (173 m³/s, the city's largest) decide the outflow: gates shut against high tide while pumps lift water into the river. The far end continues as Khlong Prawet Burirom toward the Bang Pakong River.","note_th":"ทางระบายน้ำหลักฝั่งสุขุมวิท — \"ปลายท่อรวม\" ของกรวยระบายฝั่งตะวันออก น้ำไหลเข้าหาปากคลองซึ่งคุมด้วยประตูระบายน้ำคลองลัดโพธิ์ 8 ประตู และสถานีสูบน้ำพระโขนง (173 ลบ.ม./วินาที ใหญ่สุดใน กทม.) — ช่วงน้ำทะเลหนุนปิดประตูแล้วปั๊มสูบออกแม่น้ำ ปลายตะวันออกไหลต่อเป็นคลองประเวศบุรีรมย์สู่บางปะกง","curated":true}},{"type":"Feature","geometry":{"type":"MultiLineString","coordinates":[[[100.5019638,13.6986156],[100.5011933,13.6980031],[100.4992862,13.6951146]],[[100.4991034,13.694622],[100.498225,13.6929356],[100.4981427,13.6921633],[100.4975801,13.6920122],[100.4963134,13.6909683],[100.4951948,13.6889777]],[[100.4992862,13.6951146],[100.4991034,13.694622]]]},"properties":{"key":"Khlong Bang Kho Laem","name":"Khlong Bang Kho Laem","name_th":"คลองบางคอแหลม","waterway":"canal","length_km":1.4,"risk":null,"risk_type":null,"note":null,"note_th":null,"curated":false}},{"type":"Feature","geometry":{"type":"MultiLineString","coordinates":[[[100.6254955,13.8174685],[100.6230031,13.8088879],[100.6220162,13.8073901]],[[100.6259787,13.8192273],[100.6254955,13.8174685]]]},"properties":{"key":"Khlong Kriang","name":"Khlong Kriang","name_th":"คลองเกรียง","waterway":"canal","length_km":1.4,"risk":null,"risk_type":null,"note":null,"note_th":null,"curated":false}},{"type":"Feature","geometry":{"type":"MultiLineString","coordinates":[[[100.7011233,13.8035991],[100.6985272,13.8009625],[100.696907,13.7979199]],[[100.696907,13.7979199],[100.6959308,13.7950211],[100.6958301,13.793519],[100.6961469,13.7926828]]]},"properties":{"key":"Khlong Lo Lae","name":"Khlong Lo Lae","name_th":"คลองหลอแหล","waterway":"river","length_km":1.4,"risk":null,"risk_type":null,"note":null,"note_th":null,"curated":false}},{"type":"Feature","geometry":{"type":"MultiLineString","coordinates":[[[100.5274402,13.6803292],[100.526872,13.6796538],[100.5254408,13.6791419],[100.5237893,13.6772911]],[[100.5325167,13.6868667],[100.5277833,13.6806556]],[[100.5277833,13.6806556],[100.5274402,13.6803292]]]},"properties":{"key":"Khlong Wat Thong Bon","name":"Khlong Wat Thong Bon","name_th":"คลองวัดทองบน","waterway":"canal","length_km":1.4,"risk":null,"risk_type":null,"note":null,"note_th":null,"curated":false}},{"type":"Feature","geometry":{"type":"MultiLineString","coordinates":[[[100.6439871,13.5920763],[100.6440478,13.5913555],[100.6416211,13.589034],[100.6380149,13.5830575],[100.6367559,13.5822763]]]},"properties":{"key":"Khlong Na #4","name":"Khlong Na","name_th":"คลองนา","waterway":"river","length_km":1.4,"risk":null,"risk_type":null,"note":null,"note_th":null,"curated":false}},{"type":"Feature","geometry":{"type":"MultiLineString","coordinates":[[[100.6401712,13.8694231],[100.6351197,13.8676595],[100.6341457,13.866936],[100.6310015,13.8656985],[100.6278703,13.864975]]]},"properties":{"key":"Khlong Yaek Khlong Ka Chet 1","name":"Khlong Yaek Khlong Ka Chet 1","name_th":"คลองแยกคลองกะเฉด 1","waterway":"canal","length_km":1.4,"risk":null,"risk_type":null,"note":null,"note_th":null,"curated":false}},{"type":"Feature","geometry":{"type":"MultiLineString","coordinates":[[[100.5400888,13.6795858],[100.5415079,13.6768437],[100.5426236,13.6755785],[100.54515,13.673655],[100.5466857,13.6716664]],[[100.538992,13.6815534],[100.5398475,13.6801468]],[[100.5398475,13.6801468],[100.5400888,13.6795858]]]},"properties":{"key":"Khlong San #2","name":"Khlong San","name_th":"คลองสาน","waterway":"canal","length_km":1.4,"risk":null,"risk_type":null,"note":null,"note_th":null,"curated":false}},{"type":"Feature","geometry":{"type":"MultiLineString","coordinates":[[[100.4437603,13.7868817],[100.4437589,13.787473],[100.4447132,13.7882771],[100.4449136,13.7992128]]]},"properties":{"key":"Khlong San Chao","name":"Khlong San Chao","name_th":"คลองศาลเจ้า","waterway":"canal","length_km":1.4,"risk":null,"risk_type":null,"note":null,"note_th":null,"curated":false}},{"type":"Feature","geometry":{"type":"MultiLineString","coordinates":[[[100.5167961,13.7037689],[100.5142246,13.7044415],[100.5090724,13.7082995],[100.5087323,13.7089375],[100.506371,13.7103811]]]},"properties":{"key":"Khlong Khwang #4","name":"Khlong Khwang","name_th":"คลองขวาง","waterway":"canal","length_km":1.4,"risk":null,"risk_type":null,"note":null,"note_th":null,"curated":false}},{"type":"Feature","geometry":{"type":"MultiLineString","coordinates":[[[100.547532,13.6869069],[100.5432202,13.6876851],[100.5406707,13.6890035]],[[100.5525513,13.6870004],[100.548679,13.6867276],[100.5480405,13.6869138]],[[100.5480405,13.6869138],[100.547532,13.6869069]]]},"properties":{"key":"Khlong Ta Huang","name":"Khlong Ta Huang","name_th":"คลองตาห่วง","waterway":"canal","length_km":1.4,"risk":null,"risk_type":null,"note":null,"note_th":null,"curated":false}},{"type":"Feature","geometry":{"type":"MultiLineString","coordinates":[[[100.6839309,13.6837132],[100.6931572,13.6808188],[100.6967007,13.680276]]]},"properties":{"key":"Khlong Kratum Jae","name":"Khlong Kratum Jae","name_th":"คลองกระทุ่มแจ้","waterway":"canal","length_km":1.4,"risk":null,"risk_type":null,"note":null,"note_th":null,"curated":false}},{"type":"Feature","geometry":{"type":"MultiLineString","coordinates":[[[100.8539048,13.7792166],[100.8483821,13.7783908]],[[100.8419444,13.7805902],[100.8442326,13.7791897],[100.8483012,13.7783459]]]},"properties":{"key":"Khlong Cha Am","name":"Khlong Cha Am","name_th":"คลองชะอำ","waterway":"river","length_km":1.4,"risk":null,"risk_type":null,"note":null,"note_th":null,"curated":false}},{"type":"Feature","geometry":{"type":"MultiLineString","coordinates":[[[100.8321451,13.7674797],[100.8314525,13.7665054],[100.8308861,13.7649486],[100.8307922,13.7632238],[100.8317259,13.7595506],[100.8317475,13.7581125],[100.8322272,13.7568098],[100.8330502,13.7562179]]]},"properties":{"key":"Khlong Malako Nuea","name":"Khlong Malako Nuea","name_th":"คลองมะละกอเหนือ","waterway":"river","length_km":1.4,"risk":null,"risk_type":null,"note":null,"note_th":null,"curated":false}},{"type":"Feature","geometry":{"type":"MultiLineString","coordinates":[[[100.4179164,13.5884814],[100.4192181,13.5883592]],[[100.4202371,13.5894166],[100.4192181,13.5883592]],[[100.4122174,13.5881366],[100.4148459,13.5893208],[100.4156667,13.5885485],[100.4179164,13.5884814]],[[100.4237427,13.5915918],[100.4202371,13.5894166]]]},"properties":{"key":"คลองบางกระดี่","name":"คลองบางกระดี่","name_th":"คลองบางกระดี่","waterway":"river","length_km":1.4,"risk":null,"risk_type":null,"note":null,"note_th":null,"curated":false}},{"type":"Feature","geometry":{"type":"MultiLineString","coordinates":[[[100.7287082,13.9079245],[100.720731,13.9064007],[100.7200771,13.9067575],[100.7163328,13.9064216]]]},"properties":{"key":"คลองลำแบน","name":"คลองลำแบน","name_th":"คลองลำแบน","waterway":"canal","length_km":1.4,"risk":null,"risk_type":null,"note":null,"note_th":null,"curated":false}},{"type":"Feature","geometry":{"type":"MultiLineString","coordinates":[[[100.538946,13.677637],[100.5390116,13.6800013],[100.5387415,13.6806961],[100.538992,13.6815534]],[[100.5404343,13.6692225],[100.5399799,13.6719485],[100.539532,13.6728477]],[[100.539532,13.6728477],[100.5394867,13.6730448]],[[100.5394867,13.6730448],[100.5394718,13.6731149]],[[100.5394718,13.6731149],[100.5394335,13.6733234]],[[100.5394335,13.6733234],[100.5393285,13.67513]],[[100.5393285,13.67513],[100.5391232,13.6762912]],[[100.5391232,13.6762912],[100.5389509,13.6772798]],[[100.5389509,13.6772798],[100.5389463,13.6773788]],[[100.5389463,13.6773788],[100.5389418,13.677533]],[[100.5389418,13.677533],[100.538946,13.677637]]]},"properties":{"key":"Khlong Wat Dan","name":"Khlong Wat Dan","name_th":"คลองวัดด่าน","waterway":"canal","length_km":1.4,"risk":null,"risk_type":null,"note":null,"note_th":null,"curated":false}},{"type":"Feature","geometry":{"type":"MultiLineString","coordinates":[[[100.423987,13.5689184],[100.425045,13.5686588],[100.4260577,13.5690131],[100.4282303,13.5689142],[100.4351749,13.5672161],[100.4363138,13.5661477]]]},"properties":{"key":"คลองรางยายเพียร","name":"คลองรางยายเพียร","name_th":"คลองรางยายเพียร","waterway":"canal","length_km":1.4,"risk":null,"risk_type":null,"note":null,"note_th":null,"curated":false}},{"type":"Feature","geometry":{"type":"MultiLineString","coordinates":[[[100.4363985,13.5554672],[100.4374949,13.5595731],[100.4370936,13.562501],[100.4374099,13.5634189],[100.4374005,13.5667185],[100.4370281,13.5672285]]]},"properties":{"key":"คลองรางนางแสน","name":"คลองรางนางแสน","name_th":"คลองรางนางแสน","waterway":"canal","length_km":1.4,"risk":null,"risk_type":null,"note":null,"note_th":null,"curated":false}},{"type":"Feature","geometry":{"type":"MultiLineString","coordinates":[[[100.8654097,13.8011337],[100.8661251,13.8063251],[100.8701886,13.8066924],[100.8728707,13.8085774]]]},"properties":{"key":"คลองแมะดำ","name":"คลองแมะดำ","name_th":"คลองแมะดำ","waterway":"canal","length_km":1.4,"risk":null,"risk_type":null,"note":null,"note_th":null,"curated":false}},{"type":"Feature","geometry":{"type":"MultiLineString","coordinates":[[[100.5630283,13.8891069],[100.5626235,13.8809758],[100.562134,13.8768921]]]},"properties":{"key":"คลองแยกคลองบางตลาด","name":"คลองแยกคลองบางตลาด","name_th":"คลองแยกคลองบางตลาด","waterway":"canal","length_km":1.4,"risk":null,"risk_type":null,"note":null,"note_th":null,"curated":false}},{"type":"Feature","geometry":{"type":"MultiLineString","coordinates":[[[100.7614674,13.8286346],[100.7647338,13.8227616],[100.7658859,13.8165826]]]},"properties":{"key":"Khlong Si Prawe","name":"Khlong Si Prawe","name_th":"คลองสี่ประเวศ","waterway":"canal","length_km":1.4,"risk":null,"risk_type":null,"note":null,"note_th":null,"curated":false}},{"type":"Feature","geometry":{"type":"MultiLineString","coordinates":[[[100.566734,13.5553782],[100.5674206,13.5546794],[100.5693089,13.5553156],[100.5710148,13.5543039],[100.5726134,13.5543874],[100.5780195,13.5568912]]]},"properties":{"key":"Khlong Laem Fa Pha","name":"Khlong Laem Fa Pha","name_th":"คลองแหลมฟ้าผ่า","waterway":"river","length_km":1.4,"risk":null,"risk_type":null,"note":null,"note_th":null,"curated":false}},{"type":"Feature","geometry":{"type":"MultiLineString","coordinates":[[[100.3816594,13.6791727],[100.3813399,13.6810314],[100.3805085,13.6816777],[100.378863,13.6907854]]]},"properties":{"key":"Khlong Si Ri Thon","name":"Khlong Si Ri Thon","name_th":"คลองศิริธร","waterway":"canal","length_km":1.4,"risk":null,"risk_type":null,"note":null,"note_th":null,"curated":false}},{"type":"Feature","geometry":{"type":"MultiLineString","coordinates":[[[100.4142613,13.858718],[100.4156378,13.8599908],[100.418328,13.8588357],[100.4215113,13.8579096],[100.4213505,13.8573268],[100.4250614,13.8562948]]]},"properties":{"key":"Khlong Sao Thong Hin","name":"Khlong Sao Thong Hin","name_th":"คลองเสาธงหิน","waterway":"canal","length_km":1.4,"risk":null,"risk_type":null,"note":null,"note_th":null,"curated":false}},{"type":"Feature","geometry":{"type":"MultiLineString","coordinates":[[[100.4812558,13.5452372],[100.4810389,13.5463971],[100.4883614,13.5548597]]]},"properties":{"key":"คลองขุด #2","name":"คลองขุด","name_th":"คลองขุด","waterway":"canal","length_km":1.4,"risk":null,"risk_type":null,"note":null,"note_th":null,"curated":false}},{"type":"Feature","geometry":{"type":"MultiLineString","coordinates":[[[100.4458547,13.8397194],[100.4452164,13.8367381],[100.443721,13.8357133],[100.4425905,13.8300701],[100.4428102,13.8281239]]]},"properties":{"key":"Khlong Bang Nang Kroek","name":"Khlong Bang Nang Kroek","name_th":"คลองบางนางเกริก","waterway":"canal","length_km":1.4,"risk":null,"risk_type":null,"note":null,"note_th":null,"curated":false}},{"type":"Feature","geometry":{"type":"MultiLineString","coordinates":[[[100.5213323,14.093939],[100.5227995,14.0932262],[100.5249989,14.0910201],[100.526002,14.0911554],[100.5265599,14.0919566],[100.5271826,14.0916925],[100.5276543,14.0907808],[100.5275041,14.0897662],[100.5283731,14.0890404],[100.5294378,14.0871377]]]},"properties":{"key":"Khlong Wua #2","name":"Khlong Wua","name_th":"คลองวัว","waterway":"canal","length_km":1.4,"risk":null,"risk_type":null,"note":null,"note_th":null,"curated":false}},{"type":"Feature","geometry":{"type":"MultiLineString","coordinates":[[[100.5067423,13.560315],[100.5058426,13.5597054],[100.5061399,13.5584116],[100.5060026,13.5577892],[100.5054081,13.557478],[100.5045506,13.5574891],[100.5041161,13.5570667],[100.5050308,13.5551661],[100.5036473,13.5552883],[100.5027898,13.5550216],[100.502504,13.5544658],[100.5029385,13.5539323],[100.5041504,13.5534877],[100.5046829,13.5529027]]]},"properties":{"key":"Khlong Kra-om","name":"Khlong Kra-om","name_th":"คลองกระออม","waterway":"river","length_km":1.4,"risk":null,"risk_type":null,"note":null,"note_th":null,"curated":false}},{"type":"Feature","geometry":{"type":"MultiLineString","coordinates":[[[100.283036,13.5765035],[100.2878274,13.5782196],[100.2889164,13.5782031],[100.2901979,13.5794342],[100.290782,13.5795582]],[[100.283036,13.5765035],[100.2824868,13.5751853],[100.2806998,13.5729523]]]},"properties":{"key":"หวายลิง","name":"หวายลิง","name_th":"หวายลิง","waterway":"canal","length_km":1.4,"risk":null,"risk_type":null,"note":null,"note_th":null,"curated":false}},{"type":"Feature","geometry":{"type":"MultiLineString","coordinates":[[[100.2684323,13.5432375],[100.2655534,13.5476063],[100.265127,13.5474394],[100.2620237,13.5516532],[100.2625556,13.5529262]]]},"properties":{"key":"Klong Lad Pom","name":"Klong Lad Pom","name_th":"คลองลัดป้อม","waterway":"canal","length_km":1.4,"risk":null,"risk_type":null,"note":null,"note_th":null,"curated":false}},{"type":"Feature","geometry":{"type":"MultiLineString","coordinates":[[[100.9404127,13.5264873],[100.9377917,13.5262736],[100.9369602,13.5266074],[100.9356084,13.5288136],[100.9347608,13.5308373],[100.9327706,13.5319638],[100.9329944,13.5338039]]]},"properties":{"key":"คลองบ้านบน","name":"คลองบ้านบน","name_th":"คลองบ้านบน","waterway":"canal","length_km":1.4,"risk":null,"risk_type":null,"note":null,"note_th":null,"curated":false}},{"type":"Feature","geometry":{"type":"MultiLineString","coordinates":[[[100.2258024,13.6648678],[100.2248822,13.6654939],[100.2229173,13.6704088],[100.2199815,13.6757716]]]},"properties":{"key":"คลองตาอู๊","name":"คลองตาอู๊","name_th":"คลองตาอู๊","waterway":"canal","length_km":1.4,"risk":null,"risk_type":null,"note":null,"note_th":null,"curated":false}},{"type":"Feature","geometry":{"type":"MultiLineString","coordinates":[[[100.2402782,13.6536199],[100.2414518,13.6510509],[100.2442022,13.6489333],[100.2448994,13.6467473],[100.2455449,13.6426467]]]},"properties":{"key":"คลองเกาะโพธิ์ #2","name":"คลองเกาะโพธิ์","name_th":"คลองเกาะโพธิ์","waterway":"canal","length_km":1.4,"risk":null,"risk_type":null,"note":null,"note_th":null,"curated":false}},{"type":"Feature","geometry":{"type":"MultiLineString","coordinates":[[[100.3591334,13.7657055],[100.3590148,13.7608298],[100.3597898,13.7569002],[100.3599738,13.7533204]]]},"properties":{"key":"คลองผู้ใหญ่","name":"คลองผู้ใหญ่","name_th":"คลองผู้ใหญ่","waterway":"canal","length_km":1.4,"risk":null,"risk_type":null,"note":null,"note_th":null,"curated":false}},{"type":"Feature","geometry":{"type":"MultiLineString","coordinates":[[[100.349399,13.5485427],[100.347576,13.5391851],[100.347533,13.5383976],[100.3478764,13.5375684],[100.3475094,13.5359741]]]},"properties":{"key":"คลองสันดาบ","name":"คลองสันดาบ","name_th":"คลองสันดาบ","waterway":"canal","length_km":1.4,"risk":null,"risk_type":null,"note":null,"note_th":null,"curated":false}},{"type":"Feature","geometry":{"type":"MultiLineString","coordinates":[[[100.7235237,13.6313056],[100.7233661,13.632463],[100.7223361,13.6345014],[100.7209146,13.6360914],[100.7204378,13.6374632]],[[100.7263326,13.6276068],[100.7251095,13.6288502],[100.7238972,13.6296009],[100.7235237,13.6313056]]]},"properties":{"key":"Khlong Ton Sai #4","name":"Khlong Ton Sai","name_th":"คลองต้นไทร","waterway":"canal","length_km":1.3,"risk":null,"risk_type":null,"note":null,"note_th":null,"curated":false}},{"type":"Feature","geometry":{"type":"MultiLineString","coordinates":[[[100.6931646,13.651235],[100.6927925,13.6519029],[100.6934842,13.6570998],[100.6881211,13.6582922]]]},"properties":{"key":"คลองจันทร์เก็จ","name":"คลองจันทร์เก็จ","name_th":"คลองจันทร์เก็จ","waterway":"canal","length_km":1.3,"risk":null,"risk_type":null,"note":null,"note_th":null,"curated":false}},{"type":"Feature","geometry":{"type":"MultiLineString","coordinates":[[[100.4501462,13.6220084],[100.4513287,13.6211504],[100.4523082,13.6175839],[100.4527364,13.6131817],[100.4514968,13.6114965]]]},"properties":{"key":"คลองเฉลิมชัยพัฒนา","name":"คลองเฉลิมชัยพัฒนา","name_th":"คลองเฉลิมชัยพัฒนา","waterway":"canal","length_km":1.3,"risk":null,"risk_type":null,"note":null,"note_th":null,"curated":false}},{"type":"Feature","geometry":{"type":"MultiLineString","coordinates":[[[100.4706254,13.6252178],[100.4670634,13.6283349],[100.4677608,13.6311501],[100.467514,13.6317236],[100.467793,13.6325681],[100.4671171,13.6333918],[100.4674068,13.6351539]]]},"properties":{"key":"Khlong Rang Pho Bon","name":"Khlong Rang Pho Bon","name_th":"คลองรางโพธิ์บน","waterway":"canal","length_km":1.3,"risk":null,"risk_type":null,"note":null,"note_th":null,"curated":false}},{"type":"Feature","geometry":{"type":"MultiLineString","coordinates":[[[100.5041591,13.8022606],[100.5050227,13.8020237],[100.5051124,13.8022688],[100.5084372,13.801045],[100.5149523,13.7969833]]]},"properties":{"key":"Khlong Saphan Yao","name":"Khlong Saphan Yao","name_th":"คลองสะพานยาว","waterway":"canal","length_km":1.3,"risk":null,"risk_type":null,"note":null,"note_th":null,"curated":false}},{"type":"Feature","geometry":{"type":"MultiLineString","coordinates":[[[100.5042598,13.8019603],[100.5048541,13.8010562],[100.5086988,13.7988858],[100.5090761,13.7990752],[100.510538,13.7978813],[100.5142987,13.7958627]]]},"properties":{"key":"Khlong Mon #2","name":"Khlong Mon","name_th":"คลองมอญ","waterway":"canal","length_km":1.3,"risk":null,"risk_type":null,"note":null,"note_th":null,"curated":false}},{"type":"Feature","geometry":{"type":"MultiLineString","coordinates":[[[100.5051536,13.803623],[100.50926,13.8029705],[100.512559,13.801297],[100.5164651,13.8003291]]]},"properties":{"key":"Khlong Bang O #2","name":"Khlong Bang O","name_th":"คลองบางอ้อ","waterway":"canal","length_km":1.3,"risk":null,"risk_type":null,"note":null,"note_th":null,"curated":false}},{"type":"Feature","geometry":{"type":"MultiLineString","coordinates":[[[100.5013331,13.7245219],[100.5090008,13.7256557]],[[100.5092329,13.7256596],[100.5127623,13.7257667]],[[100.5090008,13.7256557],[100.5092329,13.7256596]]]},"properties":{"key":"Khlong Wat Thong Phleng","name":"Khlong Wat Thong Phleng","name_th":"คลองวัดทองเพลง","waterway":"canal","length_km":1.3,"risk":null,"risk_type":null,"note":null,"note_th":null,"curated":false}},{"type":"Feature","geometry":{"type":"MultiLineString","coordinates":[[[100.5213652,13.7360697],[100.5234715,13.7473642]]]},"properties":{"key":"Khlong Suanluang","name":"Khlong Suanluang","name_th":"คลองสวนหลวง","waterway":"canal","length_km":1.3,"risk":null,"risk_type":null,"note":null,"note_th":null,"curated":false}},{"type":"Feature","geometry":{"type":"MultiLineString","coordinates":[[[100.7925277,13.773514],[100.7807912,13.7733222]]]},"properties":{"key":"คลองภายใน","name":"คลองภายใน","name_th":"คลองภายใน","waterway":"canal","length_km":1.3,"risk":null,"risk_type":null,"note":null,"note_th":null,"curated":false}},{"type":"Feature","geometry":{"type":"MultiLineString","coordinates":[[[100.5261278,13.6902602],[100.5244266,13.6886452],[100.5231433,13.6869253]],[[100.5214788,13.6848298],[100.5188202,13.6814022]],[[100.5218136,13.685232],[100.5214788,13.6848298]],[[100.5230842,13.6868509],[100.5218136,13.685232]],[[100.5231433,13.6869253],[100.5230842,13.6868509]]]},"properties":{"key":"Khlong ao Hin","name":"Khlong ao Hin","name_th":"คลองเสาหิน","waterway":"canal","length_km":1.3,"risk":null,"risk_type":null,"note":null,"note_th":null,"curated":false}},{"type":"Feature","geometry":{"type":"MultiLineString","coordinates":[[[100.51735,13.753102],[100.5060098,13.7554853]]]},"properties":{"key":"Khlong Maha Nak","name":"Khlong Maha Nak","name_th":"คลองมหานาค","waterway":"canal","length_km":1.3,"risk":null,"risk_type":null,"note":null,"note_th":null,"curated":false}},{"type":"Feature","geometry":{"type":"MultiLineString","coordinates":[[[100.4669892,13.7697969],[100.4658348,13.7691726],[100.4655791,13.7686897],[100.4647457,13.7659375],[100.4647476,13.7635608],[100.4623426,13.7636016],[100.4623476,13.7644205],[100.4606388,13.7645338]]]},"properties":{"key":"Khlong Wat Chai Thid","name":"Khlong Wat Chai Thid","name_th":"คลองวัดไชยทิศ","waterway":"canal","length_km":1.3,"risk":null,"risk_type":null,"note":null,"note_th":null,"curated":false}},{"type":"Feature","geometry":{"type":"MultiLineString","coordinates":[[[100.4701776,13.7768453],[100.4687821,13.776275],[100.4686606,13.7753588],[100.467764,13.7746422],[100.4664234,13.7720249],[100.4672359,13.7688148],[100.468151,13.7673495]]]},"properties":{"key":"Khlong Wat Mai Phawana","name":"Khlong Wat Mai Phawana","name_th":"คลองวัดใหม่ภาวนา","waterway":"river","length_km":1.3,"risk":null,"risk_type":null,"note":null,"note_th":null,"curated":false}},{"type":"Feature","geometry":{"type":"MultiLineString","coordinates":[[[100.5461785,13.6777957],[100.5445294,13.6780761],[100.5434198,13.6787219],[100.54149,13.680658]],[[100.5463385,13.6777153],[100.5461785,13.6777957]],[[100.5465928,13.6776288],[100.5464391,13.6776776]],[[100.5464391,13.6776776],[100.5463385,13.6777153]],[[100.5499867,13.6758338],[100.5477522,13.6773327],[100.5465928,13.6776288]],[[100.5408926,13.6814827],[100.5405924,13.6818133]],[[100.5405924,13.6818133],[100.5402922,13.682125]],[[100.54143,13.6807145],[100.5408926,13.6814827]],[[100.54149,13.680658],[100.54143,13.6807145]]]},"properties":{"key":"Khlong Mai #6","name":"Khlong Mai","name_th":"คลองใหม่","waterway":"canal","length_km":1.3,"risk":null,"risk_type":null,"note":null,"note_th":null,"curated":false}},{"type":"Feature","geometry":{"type":"MultiLineString","coordinates":[[[100.4205879,13.5777159],[100.4206173,13.5764561],[100.4229294,13.5745868],[100.4244017,13.5740013],[100.4246796,13.57364],[100.4249629,13.5712205],[100.4235315,13.5682958]]]},"properties":{"key":"Klong Na","name":"Klong Na","name_th":"คลองนา","waterway":"canal","length_km":1.3,"risk":null,"risk_type":null,"note":null,"note_th":null,"curated":false}},{"type":"Feature","geometry":{"type":"MultiLineString","coordinates":[[[100.4811601,13.7777818],[100.4794435,13.7762836]],[[100.4791,13.7760024],[100.4749982,13.7724437],[100.4728126,13.771396],[100.4716818,13.7712202]],[[100.4794435,13.7762836],[100.4791,13.7760024]]]},"properties":{"key":"Khlong Pak Nam #3","name":"Khlong Pak Nam","name_th":"คลองผักหนาม","waterway":"canal","length_km":1.3,"risk":null,"risk_type":null,"note":null,"note_th":null,"curated":false}},{"type":"Feature","geometry":{"type":"MultiLineString","coordinates":[[[100.459961,13.7134748],[100.459038,13.7164142]],[[100.4615998,13.7053051],[100.4613903,13.7079455],[100.459961,13.7134748]]]},"properties":{"key":"Khlong Suan Liap","name":"Khlong Suan Liap","name_th":"คลองสวนเลียบ","waterway":"canal","length_km":1.3,"risk":null,"risk_type":null,"note":null,"note_th":null,"curated":false}},{"type":"Feature","geometry":{"type":"MultiLineString","coordinates":[[[100.3660406,13.6473786],[100.3661264,13.6463568],[100.3679589,13.6440329],[100.3699995,13.6398929],[100.3707881,13.6390953],[100.3719075,13.6370844]]]},"properties":{"key":"Khlong Chuea Sak","name":"Khlong Chuea Sak","name_th":"คลองเจือศักดิ์","waterway":"canal","length_km":1.3,"risk":null,"risk_type":null,"note":null,"note_th":null,"curated":false}},{"type":"Feature","geometry":{"type":"MultiLineString","coordinates":[[[100.3302625,13.7730009],[100.3346157,13.7732484],[100.3369224,13.7737538],[100.3420651,13.7742274]]]},"properties":{"key":"Khlong Bang Krathuek","name":"Khlong Bang Krathuek","name_th":"คลองบางกระทึก","waterway":"canal","length_km":1.3,"risk":null,"risk_type":null,"note":null,"note_th":null,"curated":false}},{"type":"Feature","geometry":{"type":"MultiLineString","coordinates":[[[100.6481383,13.8225084],[100.6516657,13.8229229],[100.6520469,13.8231971],[100.6601408,13.8237533]]]},"properties":{"key":"Khlong Don Ika","name":"Khlong Don Ika","name_th":"คลองดอนอีกา","waterway":"canal","length_km":1.3,"risk":null,"risk_type":null,"note":null,"note_th":null,"curated":false}},{"type":"Feature","geometry":{"type":"MultiLineString","coordinates":[[[100.6668237,13.7551738],[100.6638543,13.7559493],[100.6552523,13.7591969]]]},"properties":{"key":"Khlong Hua Mak Noi","name":"Khlong Hua Mak Noi","name_th":"คลองหัวหมากน้อย","waterway":"canal","length_km":1.3,"risk":3,"risk_type":"flash","note":"Bang Kapi's chronic flash-flood corridor; short intense storms overwhelm drainage here almost every rainy season.","note_th":"ทางเดินน้ำท่วมฉับพลันเรื้อรังของบางกะปิ พายุฝนตกหนักช่วงสั้น ๆ ท่วมระบบระบายน้ำที่นี่เกือบทุกฤดูฝน","curated":true}},{"type":"Feature","geometry":{"type":"MultiLineString","coordinates":[[[100.8796875,13.8051902],[100.8789112,13.8028266],[100.8779318,13.802327],[100.8760531,13.80195],[100.8734222,13.8030405],[100.8721883,13.8025044]],[[100.8720546,13.8022897],[100.8708262,13.8008611]],[[100.8721883,13.8025044],[100.8720546,13.8022897]]]},"properties":{"key":"คลองลำต้อยติ่ง","name":"คลองลำต้อยติ่ง","name_th":"คลองลำต้อยติ่ง","waterway":"canal","length_km":1.3,"risk":null,"risk_type":null,"note":null,"note_th":null,"curated":false}},{"type":"Feature","geometry":{"type":"MultiLineString","coordinates":[[[100.8940163,13.8348622],[100.8983148,13.8455078]]]},"properties":{"key":"Khlong Luang Narong","name":"Khlong Luang Narong","name_th":"คลองหลวงณรงค์","waterway":"canal","length_km":1.3,"risk":null,"risk_type":null,"note":null,"note_th":null,"curated":false}},{"type":"Feature","geometry":{"type":"MultiLineString","coordinates":[[[100.5659719,14.0380229],[100.5640197,14.0376964],[100.5632151,14.0378941],[100.55453,14.0419039]]]},"properties":{"key":"Khlong Nam Om","name":"Khlong Nam Om","name_th":"คลองน้ำอ้อม","waterway":"canal","length_km":1.3,"risk":null,"risk_type":null,"note":null,"note_th":null,"curated":false}},{"type":"Feature","geometry":{"type":"MultiLineString","coordinates":[[[100.5051129,13.9116052],[100.5041634,13.9130267],[100.5029671,13.9140265],[100.5013256,13.91487],[100.5010359,13.9144951],[100.4998826,13.9149065],[100.4962626,13.9176074]]]},"properties":{"key":"Khlong Thonglang","name":"Khlong Thonglang","name_th":"คลองทองหลาง","waterway":"canal","length_km":1.3,"risk":null,"risk_type":null,"note":null,"note_th":null,"curated":false}},{"type":"Feature","geometry":{"type":"MultiLineString","coordinates":[[[100.4977417,13.9040844],[100.4962991,13.9035887],[100.4926649,13.9044218],[100.4920828,13.9040287],[100.4909516,13.9040853]],[[100.5009982,13.9044658],[100.4992549,13.9048462],[100.4977417,13.9040844]],[[100.5022215,13.9041198],[100.5009982,13.9044658]]]},"properties":{"key":"Khlong Bang Talat Noi","name":"Khlong Bang Talat Noi","name_th":"คลองบางตลาดน้อย","waterway":"canal","length_km":1.3,"risk":null,"risk_type":null,"note":null,"note_th":null,"curated":false}},{"type":"Feature","geometry":{"type":"MultiLineString","coordinates":[[[100.561024,14.1172214],[100.5539151,14.1116097]],[[100.5609116,14.1196586],[100.5616316,14.1181467],[100.561024,14.1172214]]]},"properties":{"key":"Khlong Chiang Rak Mai","name":"Khlong Chiang Rak Mai","name_th":"คลองเชียงรากใหม่","waterway":"canal","length_km":1.3,"risk":null,"risk_type":null,"note":null,"note_th":null,"curated":false}},{"type":"Feature","geometry":{"type":"MultiLineString","coordinates":[[[100.6632646,13.585936],[100.6624782,13.585232],[100.6619316,13.5834935],[100.6608713,13.5817703],[100.658874,13.5807429]],[[100.658874,13.5807429],[100.6582845,13.579119],[100.6566709,13.5770075]]]},"properties":{"key":"Khlong Krasong","name":"Khlong Krasong","name_th":"คลองกระสง","waterway":"river","length_km":1.3,"risk":null,"risk_type":null,"note":null,"note_th":null,"curated":false}},{"type":"Feature","geometry":{"type":"MultiLineString","coordinates":[[[100.5693248,13.5735721],[100.5698568,13.5727253]],[[100.5660045,13.5809067],[100.5662848,13.5805547],[100.5665557,13.5808141],[100.5669755,13.5804843],[100.5669782,13.5795979],[100.5674288,13.5793815],[100.5665168,13.5776294],[100.5675012,13.5759086],[100.5671498,13.5749074],[100.5693248,13.5735721]]]},"properties":{"key":"Khlong Sam Phraek","name":"Khlong Sam Phraek","name_th":"คลองสามแพรก","waterway":"canal","length_km":1.3,"risk":null,"risk_type":null,"note":null,"note_th":null,"curated":false}},{"type":"Feature","geometry":{"type":"MultiLineString","coordinates":[[[100.5940886,13.5748735],[100.5926791,13.5759921],[100.5874836,13.5773374],[100.5837795,13.5806344]]]},"properties":{"key":"Khlong Ta Phon","name":"Khlong Ta Phon","name_th":"คลองตาพอน","waterway":"canal","length_km":1.3,"risk":null,"risk_type":null,"note":null,"note_th":null,"curated":false}},{"type":"Feature","geometry":{"type":"MultiLineString","coordinates":[[[100.8651111,13.5404889],[100.8769789,13.5386196]]]},"properties":{"key":"Khlong Yai Fai","name":"Khlong Yai Fai","name_th":"คลองยายไฝ","waterway":"canal","length_km":1.3,"risk":null,"risk_type":null,"note":null,"note_th":null,"curated":false}},{"type":"Feature","geometry":{"type":"MultiLineString","coordinates":[[[100.6182631,13.8946789],[100.6182449,13.8954038],[100.6191629,13.896302],[100.6196474,13.8983529],[100.619549,13.8990601],[100.6165952,13.8986521],[100.6136485,13.9014681]]]},"properties":{"key":"Khlong Krathum Pho","name":"Khlong Krathum Pho","name_th":"คลองกระทุ่มโพธิ์","waterway":"canal","length_km":1.3,"risk":null,"risk_type":null,"note":null,"note_th":null,"curated":false}},{"type":"Feature","geometry":{"type":"MultiLineString","coordinates":[[[100.5352048,13.8734926],[100.5354161,13.8790936],[100.5342089,13.8792692],[100.5341798,13.8820307]],[[100.5342391,13.8822838],[100.5344942,13.8836155]],[[100.5341798,13.8820307],[100.5342391,13.8822838]]]},"properties":{"key":"ลำรางวัดบัวขวัญ","name":"ลำรางวัดบัวขวัญ","name_th":"ลำรางวัดบัวขวัญ","waterway":"canal","length_km":1.3,"risk":null,"risk_type":null,"note":null,"note_th":null,"curated":false}},{"type":"Feature","geometry":{"type":"MultiLineString","coordinates":[[[100.3923273,13.8580986],[100.392303,13.8571025],[100.3909793,13.8554769],[100.3910976,13.8541439],[100.3917883,13.8529157],[100.3916778,13.8517834],[100.3911371,13.8509286],[100.3915513,13.849043],[100.3913548,13.84735]]]},"properties":{"key":"คลองวัดหลังบาง","name":"คลองวัดหลังบาง","name_th":"คลองวัดหลังบาง","waterway":"canal","length_km":1.3,"risk":null,"risk_type":null,"note":null,"note_th":null,"curated":false}},{"type":"Feature","geometry":{"type":"MultiLineString","coordinates":[[[100.1909822,13.6330981],[100.1916855,13.6322842],[100.1925027,13.6322802],[100.1937859,13.6302284],[100.1929107,13.625799],[100.1917527,13.622816]]]},"properties":{"key":"คลองเกาะ","name":"คลองเกาะ","name_th":"คลองเกาะ","waterway":"canal","length_km":1.3,"risk":null,"risk_type":null,"note":null,"note_th":null,"curated":false}},{"type":"Feature","geometry":{"type":"MultiLineString","coordinates":[[[100.4438811,13.8182007],[100.4452634,13.821573],[100.4455743,13.8239155]],[[100.4455947,13.8244909],[100.4459265,13.827183],[100.4456935,13.8291737]],[[100.4455743,13.8239155],[100.4455823,13.8240519]],[[100.4455823,13.8240519],[100.4455844,13.8240853]],[[100.4455844,13.8240853],[100.4455883,13.8241889]],[[100.4455883,13.8241889],[100.4455899,13.8242204]],[[100.4455899,13.8242204],[100.4455968,13.8243458]],[[100.4455962,13.8243717],[100.4455947,13.8244909]],[[100.4455968,13.8243458],[100.4455962,13.8243717]]]},"properties":{"key":"Khlong Wat Thai Charoen","name":"Khlong Wat Thai Charoen","name_th":"คลองวัดไทยเจริญ","waterway":"canal","length_km":1.3,"risk":null,"risk_type":null,"note":null,"note_th":null,"curated":false}},{"type":"Feature","geometry":{"type":"MultiLineString","coordinates":[[[100.7750947,13.906841],[100.774122,13.904652],[100.7741306,13.9030928],[100.7731464,13.901819],[100.7697461,13.899249],[100.7675046,13.8987487]]]},"properties":{"key":"ลำบึงแยกลำไทร","name":"ลำบึงแยกลำไทร","name_th":"ลำบึงแยกลำไทร","waterway":"canal","length_km":1.3,"risk":null,"risk_type":null,"note":null,"note_th":null,"curated":false}},{"type":"Feature","geometry":{"type":"MultiLineString","coordinates":[[[100.5169485,13.7096437],[100.513252,13.7103944]],[[100.513252,13.7103944],[100.5094796,13.7113617],[100.5081763,13.712323]],[[100.5184327,13.7093189],[100.5169485,13.7096437]]]},"properties":{"key":"Khlong Kruai","name":"Khlong Kruai","name_th":"คลองกรวย","waterway":"canal","length_km":1.2,"risk":null,"risk_type":null,"note":null,"note_th":null,"curated":false}},{"type":"Feature","geometry":{"type":"MultiLineString","coordinates":[[[100.5049323,13.7977145],[100.5059053,13.7993544],[100.5065805,13.7988593],[100.5063643,13.7985975],[100.5073536,13.7978459],[100.5130136,13.7942402]]]},"properties":{"key":"Khlong Tao It","name":"Khlong Tao It","name_th":"คลองเตาอิฐ","waterway":"canal","length_km":1.2,"risk":null,"risk_type":null,"note":null,"note_th":null,"curated":false}},{"type":"Feature","geometry":{"type":"MultiLineString","coordinates":[[[100.4633786,13.7313266],[100.4648855,13.7320485],[100.4650786,13.7316004],[100.4657223,13.7317567],[100.4657974,13.7314753],[100.4665699,13.7315378],[100.4665485,13.7318192],[100.4672995,13.7315587],[100.4688659,13.7317775],[100.4709142,13.7327275],[100.4723551,13.7327152]],[[100.4726763,13.7327084],[100.4729364,13.7327015]],[[100.4723551,13.7327152],[100.4726763,13.7327084]]]},"properties":{"key":"Khlong Wat Tha Phra","name":"Khlong Wat Tha Phra","name_th":"คลองวัดท่าพระ","waterway":"canal","length_km":1.2,"risk":null,"risk_type":null,"note":null,"note_th":null,"curated":false}},{"type":"Feature","geometry":{"type":"MultiLineString","coordinates":[[[100.7784679,13.675042],[100.7789406,13.6713906],[100.7779213,13.6675829],[100.777533,13.6646546]]]},"properties":{"key":"คลองควาย #2","name":"คลองควาย","name_th":"คลองควาย","waterway":"canal","length_km":1.2,"risk":null,"risk_type":null,"note":null,"note_th":null,"curated":false}},{"type":"Feature","geometry":{"type":"MultiLineString","coordinates":[[[100.495204,13.7565996],[100.4952605,13.7565838]],[[100.495441,13.7565195],[100.50553,13.7537917]],[[100.4952605,13.7565838],[100.495441,13.7565195]]]},"properties":{"key":"Khlong Lot Wat Ratchanatda","name":"Khlong Lot Wat Ratchanatda","name_th":"คลองหลอดวัดราชนัดดา","waterway":"canal","length_km":1.2,"risk":null,"risk_type":null,"note":null,"note_th":null,"curated":false}},{"type":"Feature","geometry":{"type":"MultiLineString","coordinates":[[[100.626125,13.8558809],[100.625821,13.8551145],[100.6244776,13.8537284],[100.6209564,13.8502266],[100.6196737,13.8494829],[100.618927,13.8484943]]]},"properties":{"key":"Khlong Phai Khiao","name":"Khlong Phai Khiao","name_th":"คลองไผ่เขียว","waterway":"canal","length_km":1.2,"risk":null,"risk_type":null,"note":null,"note_th":null,"curated":false}},{"type":"Feature","geometry":{"type":"MultiLineString","coordinates":[[[100.5930809,13.7188168],[100.5942941,13.717136],[100.5953738,13.7169677]],[[100.5953738,13.7169677],[100.5955886,13.7169321]],[[100.5955886,13.7169321],[100.5978091,13.7163712],[100.5975913,13.7157582],[100.5989467,13.7147076],[100.5985264,13.7121647]]]},"properties":{"key":"คลองบางมะเขือ","name":"คลองบางมะเขือ","name_th":"คลองบางมะเขือ","waterway":"river","length_km":1.2,"risk":null,"risk_type":null,"note":null,"note_th":null,"curated":false}},{"type":"Feature","geometry":{"type":"MultiLineString","coordinates":[[[100.4163653,13.7689383],[100.414903,13.7585415]]]},"properties":{"key":"คลองลัดมะยม","name":"คลองลัดมะยม","name_th":"คลองลัดมะยม","waterway":"canal","length_km":1.2,"risk":null,"risk_type":null,"note":null,"note_th":null,"curated":false}},{"type":"Feature","geometry":{"type":"MultiLineString","coordinates":[[[100.5459241,13.6907495],[100.5431242,13.6917118]],[[100.552345,13.6907324],[100.5493228,13.6909979],[100.5477654,13.6907685]],[[100.547539,13.6907098],[100.5474691,13.6906986]],[[100.5474691,13.6906986],[100.5472742,13.6906792]],[[100.5477654,13.6907685],[100.547539,13.6907098]],[[100.5472742,13.6906792],[100.5460203,13.6906997]],[[100.5460203,13.6906997],[100.5459241,13.6907495]],[[100.543015,13.6917673],[100.5417338,13.6922563]],[[100.5431242,13.6917118],[100.543015,13.6917673]]]},"properties":{"key":"Khlong Ta Roek","name":"Khlong Ta Roek","name_th":"คลองตาเริก","waterway":"canal","length_km":1.2,"risk":null,"risk_type":null,"note":null,"note_th":null,"curated":false}},{"type":"Feature","geometry":{"type":"MultiLineString","coordinates":[[[100.8786321,13.5748155],[100.8783406,13.5784607],[100.8778095,13.5807759]],[[100.8775962,13.5809293],[100.876978,13.5816728],[100.8771979,13.5837794],[100.8763823,13.5850655]],[[100.8778095,13.5807759],[100.8775962,13.5809293]]]},"properties":{"key":"คลองสาธารณประโยชน์","name":"คลองสาธารณประโยชน์","name_th":"คลองสาธารณประโยชน์","waterway":"canal","length_km":1.2,"risk":null,"risk_type":null,"note":null,"note_th":null,"curated":false}},{"type":"Feature","geometry":{"type":"MultiLineString","coordinates":[[[100.4705401,13.6797114],[100.4709397,13.6796876],[100.4714986,13.679132],[100.4755616,13.6704844]]]},"properties":{"key":"Khlong Chao Khun","name":"Khlong Chao Khun","name_th":"คลองเจ้าคุณ","waterway":"ditch","length_km":1.2,"risk":null,"risk_type":null,"note":null,"note_th":null,"curated":false}},{"type":"Feature","geometry":{"type":"MultiLineString","coordinates":[[[100.7517297,13.8178638],[100.7544153,13.8211657]],[[100.751734,13.8112809],[100.7520673,13.8122508],[100.7518044,13.8151061]],[[100.7518044,13.8151061],[100.7517297,13.8178638]]]},"properties":{"key":"Khlong Ta Not #2","name":"Khlong Ta Not","name_th":"คลองตะโหนด","waterway":"canal","length_km":1.2,"risk":null,"risk_type":null,"note":null,"note_th":null,"curated":false}},{"type":"Feature","geometry":{"type":"MultiLineString","coordinates":[[[100.5208539,13.877588],[100.5215779,13.8807285],[100.5213546,13.8816546],[100.5208792,13.8816675],[100.520399,13.8826856],[100.5208338,13.8852561]],[[100.5208475,13.8853498],[100.5213191,13.8856721],[100.5216947,13.886925]],[[100.5208338,13.8852561],[100.5208475,13.8853498]]]},"properties":{"key":"Khlong Ta Suk","name":"Khlong Ta Suk","name_th":"คลองตาสุก","waterway":"canal","length_km":1.2,"risk":null,"risk_type":null,"note":null,"note_th":null,"curated":false}},{"type":"Feature","geometry":{"type":"MultiLineString","coordinates":[[[100.4729477,13.8316457],[100.4699772,13.8292825],[100.4659441,13.8253827]],[[100.4737209,13.832756],[100.4730045,13.8317289]],[[100.4730045,13.8317289],[100.4729477,13.8316457]]]},"properties":{"key":"Wat Daeng Pracharat Canal","name":"Wat Daeng Pracharat Canal","name_th":"คลองวัดแดงประชาราษฎร์","waterway":"canal","length_km":1.2,"risk":null,"risk_type":null,"note":null,"note_th":null,"curated":false}},{"type":"Feature","geometry":{"type":"MultiLineString","coordinates":[[[100.8575007,13.5462652],[100.8563983,13.5470318],[100.8551537,13.5474177],[100.8539628,13.5484086],[100.847569,13.5504728]]]},"properties":{"key":"คลองบางนางเพ็ง","name":"คลองบางนางเพ็ง","name_th":"คลองบางนางเพ็ง","waterway":"canal","length_km":1.2,"risk":null,"risk_type":null,"note":null,"note_th":null,"curated":false}},{"type":"Feature","geometry":{"type":"MultiLineString","coordinates":[[[100.8279475,13.5231717],[100.8233732,13.5173578],[100.8216673,13.5159808],[100.8205437,13.5154804]]]},"properties":{"key":"Khlong Rabai Khut Mai","name":"Khlong Rabai Khut Mai","name_th":"คลองระบายขุดใหม่","waterway":"canal","length_km":1.2,"risk":null,"risk_type":null,"note":null,"note_th":null,"curated":false}},{"type":"Feature","geometry":{"type":"MultiLineString","coordinates":[[[100.6080167,13.9484283],[100.6126943,13.9490385]],[[100.6127937,13.9490458],[100.6161315,13.9494245]],[[100.6126943,13.9490385],[100.6127937,13.9490458]],[[100.6052259,13.948046],[100.6080167,13.9484283]]]},"properties":{"key":"Lam Rang Liap Phahon Yothin School","name":"Lam Rang Liap Phahon Yothin School","name_th":"ลำรางเลียบโรงเรียนพหลโยธิน","waterway":"canal","length_km":1.2,"risk":null,"risk_type":null,"note":null,"note_th":null,"curated":false}},{"type":"Feature","geometry":{"type":"MultiLineString","coordinates":[[[100.8868018,13.5811807],[100.8851963,13.5821994],[100.8824014,13.5823506],[100.8816075,13.5836542],[100.8815699,13.584598],[100.8810281,13.5857973],[100.8788125,13.587195]]]},"properties":{"key":"คลองบางกระยาง #2","name":"คลองบางกระยาง","name_th":"คลองบางกระยาง","waterway":"canal","length_km":1.2,"risk":null,"risk_type":null,"note":null,"note_th":null,"curated":false}},{"type":"Feature","geometry":{"type":"MultiLineString","coordinates":[[[100.2554591,13.6809429],[100.2535621,13.6811345],[100.2517005,13.680725],[100.251898,13.6823646],[100.25146,13.6847236]],[[100.2585644,13.6796517],[100.2571713,13.6803565]],[[100.2555599,13.6809273],[100.2554591,13.6809429]],[[100.2570773,13.6803979],[100.2555599,13.6809273]],[[100.2571713,13.6803565],[100.2570773,13.6803979]]]},"properties":{"key":"คลองสวนผัก","name":"คลองสวนผัก","name_th":"คลองสวนผัก","waterway":"canal","length_km":1.2,"risk":null,"risk_type":null,"note":null,"note_th":null,"curated":false}},{"type":"Feature","geometry":{"type":"MultiLineString","coordinates":[[[100.2965526,13.5472889],[100.29667,13.5480057],[100.2960684,13.5480163],[100.2960381,13.5487606],[100.2957521,13.5489157],[100.295942,13.5497696],[100.2951978,13.5496884],[100.2952509,13.5500058],[100.2958382,13.5500624],[100.2957241,13.5510299],[100.2946914,13.5518106],[100.2940935,13.5514714],[100.2940638,13.5508586],[100.2936878,13.5507798],[100.2929973,13.5517656]]]},"properties":{"key":"คลองกระเจ็ดใหญ่","name":"คลองกระเจ็ดใหญ่","name_th":"คลองกระเจ็ดใหญ่","waterway":"canal","length_km":1.2,"risk":null,"risk_type":null,"note":null,"note_th":null,"curated":false}},{"type":"Feature","geometry":{"type":"MultiLineString","coordinates":[[[100.6019606,13.7644537],[100.6099832,13.757885],[100.6104919,13.7570199]]]},"properties":{"key":"ลำรางหลังวิทยาลัยอินทราชัย","name":"ลำรางหลังวิทยาลัยอินทราชัย","name_th":"ลำรางหลังวิทยาลัยอินทราชัย","waterway":"canal","length_km":1.2,"risk":null,"risk_type":null,"note":null,"note_th":null,"curated":false}},{"type":"Feature","geometry":{"type":"MultiLineString","coordinates":[[[100.4030309,13.8239952],[100.4117264,13.8287774]]]},"properties":{"key":"Khlong Bang Kho #3","name":"Khlong Bang Kho","name_th":"คลองบางค้อ","waterway":"canal","length_km":1.1,"risk":null,"risk_type":null,"note":null,"note_th":null,"curated":false}},{"type":"Feature","geometry":{"type":"MultiLineString","coordinates":[[[100.4819421,13.7426654],[100.4820628,13.7407675],[100.4827943,13.7401959],[100.4850664,13.7370303],[100.4873358,13.7353493]]]},"properties":{"key":"Khlong Wat Ratchasittharam","name":"Khlong Wat Ratchasittharam","name_th":"คลองวัดราชสิทธาราม","waterway":"canal","length_km":1.1,"risk":null,"risk_type":null,"note":null,"note_th":null,"curated":false}},{"type":"Feature","geometry":{"type":"MultiLineString","coordinates":[[[100.483795,13.7354107],[100.4836857,13.7357872],[100.482444,13.7352156],[100.4820862,13.7355315],[100.4811421,13.7367665],[100.4808256,13.7390906],[100.4788448,13.7392099],[100.4767655,13.7386698]]]},"properties":{"key":"Khlong Lang Wat Ratchasittharam","name":"Khlong Lang Wat Ratchasittharam","name_th":"คลองหลังวัดราชสิทธาราม","waterway":"canal","length_km":1.1,"risk":null,"risk_type":null,"note":null,"note_th":null,"curated":false}},{"type":"Feature","geometry":{"type":"MultiLineString","coordinates":[[[100.6063891,13.7052939],[100.6088821,13.7058895],[100.6099751,13.7057696],[100.6139005,13.706253],[100.615895,13.7068424]]]},"properties":{"key":"Khlong Khwang Bon","name":"Khlong Khwang Bon","name_th":"คลองขวางบน","waterway":"canal","length_km":1.1,"risk":null,"risk_type":null,"note":null,"note_th":null,"curated":false}},{"type":"Feature","geometry":{"type":"MultiLineString","coordinates":[[[100.5894732,13.7054058],[100.5893605,13.7046742],[100.5903983,13.7029327],[100.5927674,13.7006546],[100.593513,13.6992474],[100.5944875,13.6984181],[100.595056,13.6974685]]]},"properties":{"key":"คลองบางจาก","name":"คลองบางจาก","name_th":"คลองบางจาก","waterway":"canal","length_km":1.1,"risk":null,"risk_type":null,"note":null,"note_th":null,"curated":false}},{"type":"Feature","geometry":{"type":"MultiLineString","coordinates":[[[100.8694775,13.5480019],[100.874144,13.5477562],[100.8792224,13.5467016]]]},"properties":{"key":"คลองควาย #3","name":"คลองควาย","name_th":"คลองควาย","waterway":"canal","length_km":1.1,"risk":null,"risk_type":null,"note":null,"note_th":null,"curated":false}},{"type":"Feature","geometry":{"type":"MultiLineString","coordinates":[[[100.4457953,13.6609392],[100.4553485,13.6574519]]]},"properties":{"key":"Khlong Nai O","name":"Khlong Nai O","name_th":"คลองนายโอ๋","waterway":"ditch","length_km":1.1,"risk":null,"risk_type":null,"note":null,"note_th":null,"curated":false}},{"type":"Feature","geometry":{"type":"MultiLineString","coordinates":[[[100.6509672,13.7137161],[100.6563801,13.7097784],[100.6589721,13.7073163]]]},"properties":{"key":"Klong Nong Bon #2","name":"Klong Nong Bon","name_th":"คลองหนองบอน","waterway":"canal","length_km":1.1,"risk":null,"risk_type":null,"note":null,"note_th":null,"curated":false}},{"type":"Feature","geometry":{"type":"MultiLineString","coordinates":[[[100.4984443,13.7051425],[100.4994375,13.7033419],[100.5003586,13.70239],[100.5059778,13.6989321]]]},"properties":{"key":"Khlong Suan Luang","name":"Khlong Suan Luang","name_th":"คลองสวนหลวง","waterway":"canal","length_km":1.1,"risk":null,"risk_type":null,"note":null,"note_th":null,"curated":false}},{"type":"Feature","geometry":{"type":"MultiLineString","coordinates":[[[100.6717664,13.9012009],[100.6763256,13.9028128],[100.6761748,13.9057042],[100.6780955,13.9067948]]]},"properties":{"key":"Khlong Nong Khoen","name":"Khlong Nong Khoen","name_th":"คลองหนองเขิน","waterway":"canal","length_km":1.1,"risk":null,"risk_type":null,"note":null,"note_th":null,"curated":false}},{"type":"Feature","geometry":{"type":"MultiLineString","coordinates":[[[100.7771408,13.8487893],[100.7821408,13.8399419]]]},"properties":{"key":"คลองโต๊ะเจริญ","name":"คลองโต๊ะเจริญ","name_th":"คลองโต๊ะเจริญ","waterway":"canal","length_km":1.1,"risk":null,"risk_type":null,"note":null,"note_th":null,"curated":false}},{"type":"Feature","geometry":{"type":"MultiLineString","coordinates":[[[100.4769787,13.7892375],[100.4744733,13.7901496],[100.4721108,13.7899812],[100.471909,13.790492],[100.4694667,13.7913362],[100.4680185,13.7922646]]]},"properties":{"key":"Khlong Wat Phikun","name":"Khlong Wat Phikun","name_th":"คลองวัดพิกุล","waterway":"canal","length_km":1.1,"risk":null,"risk_type":null,"note":null,"note_th":null,"curated":false}},{"type":"Feature","geometry":{"type":"MultiLineString","coordinates":[[[100.5073193,13.8047428],[100.5141241,13.8050513]],[[100.51492,13.8050227],[100.5175265,13.8045775]],[[100.5141241,13.8050513],[100.51492,13.8050227]]]},"properties":{"key":"Khlong Toei","name":"Khlong Toei","name_th":"คลอง เตย","waterway":"canal","length_km":1.1,"risk":null,"risk_type":null,"note":null,"note_th":null,"curated":false}},{"type":"Feature","geometry":{"type":"MultiLineString","coordinates":[[[100.5011412,13.6694787],[100.5085544,13.6673198],[100.5109465,13.6669679]]]},"properties":{"key":"Khlong Khang Praisani","name":"Khlong Khang Praisani","name_th":"คลองข้างไปรษณีย์","waterway":"canal","length_km":1.1,"risk":null,"risk_type":null,"note":null,"note_th":null,"curated":false}},{"type":"Feature","geometry":{"type":"MultiLineString","coordinates":[[[100.6610472,13.9157185],[100.6661508,13.9174517],[100.6686204,13.91893],[100.6706445,13.9194243]]]},"properties":{"key":"Khlong Ma Long","name":"Khlong Ma Long","name_th":"คลองหมาหลง","waterway":"canal","length_km":1.1,"risk":null,"risk_type":null,"note":null,"note_th":null,"curated":false}},{"type":"Feature","geometry":{"type":"MultiLineString","coordinates":[[[100.6353619,13.9147284],[100.6371362,13.9148961],[100.6420581,13.9136172],[100.6428063,13.9164404]]]},"properties":{"key":"Khlong Samngam #2","name":"Khlong Samngam","name_th":"คลองสามง่าม","waterway":"canal","length_km":1.1,"risk":null,"risk_type":null,"note":null,"note_th":null,"curated":false}},{"type":"Feature","geometry":{"type":"MultiLineString","coordinates":[[[100.6619379,13.8787531],[100.6635681,13.8758777],[100.6641528,13.8716117],[100.6663459,13.8718776]]]},"properties":{"key":"Khlong Yaek Khlong Nong Bua Mon","name":"Khlong Yaek Khlong Nong Bua Mon","name_th":"คลองแยกคลองหนองบัวมน","waterway":"canal","length_km":1.1,"risk":null,"risk_type":null,"note":null,"note_th":null,"curated":false}},{"type":"Feature","geometry":{"type":"MultiLineString","coordinates":[[[100.4808243,13.6569965],[100.4709033,13.6561144]]]},"properties":{"key":"คลองบางช้าง #3","name":"คลองบางช้าง","name_th":"คลองบางช้าง","waterway":"ditch","length_km":1.1,"risk":null,"risk_type":null,"note":null,"note_th":null,"curated":false}},{"type":"Feature","geometry":{"type":"MultiLineString","coordinates":[[[100.4786543,13.6568395],[100.4773632,13.6532806],[100.4752696,13.6538035],[100.4713437,13.6535]]]},"properties":{"key":"คลองตาเม้ง","name":"คลองตาเม้ง","name_th":"คลองตาเม้ง","waterway":"ditch","length_km":1.1,"risk":null,"risk_type":null,"note":null,"note_th":null,"curated":false}},{"type":"Feature","geometry":{"type":"MultiLineString","coordinates":[[[100.5614883,13.8631992],[100.5599098,13.8544506]],[[100.561576,13.8644803],[100.561492,13.8633084]],[[100.561492,13.8633084],[100.5614883,13.8631992]]]},"properties":{"key":"Khlong Lat Tanot","name":"Khlong Lat Tanot","name_th":"คลองลาดโตนด","waterway":"canal","length_km":1.1,"risk":null,"risk_type":null,"note":null,"note_th":null,"curated":false}},{"type":"Feature","geometry":{"type":"MultiLineString","coordinates":[[[100.6378911,13.8377017],[100.634402,13.8352656],[100.6338012,13.8378878],[100.6341903,13.8384769],[100.6335254,13.8389636],[100.631933,13.8391152]]]},"properties":{"key":"Lam Rang Yaek Khlong Bang Khuat Section 1","name":"Lam Rang Yaek Khlong Bang Khuat Section 1","name_th":"ลำรางแยกคลองบางขวด ตอน 1","waterway":"canal","length_km":1.1,"risk":null,"risk_type":null,"note":null,"note_th":null,"curated":false}},{"type":"Feature","geometry":{"type":"MultiLineString","coordinates":[[[100.7417743,13.9155625],[100.7438801,13.9164391],[100.745064,13.9165716],[100.7466954,13.9161437],[100.7482848,13.9137103],[100.7478359,13.9123168]]]},"properties":{"key":"Khlong Lam Kradan 2","name":"Khlong Lam Kradan 2","name_th":"คลองลำกระดาน 2","waterway":"canal","length_km":1.1,"risk":null,"risk_type":null,"note":null,"note_th":null,"curated":false}},{"type":"Feature","geometry":{"type":"MultiLineString","coordinates":[[[100.6776791,13.9125423],[100.6781651,13.9121227],[100.6807028,13.9119929],[100.6815578,13.911556],[100.6837326,13.9112438]],[[100.6777196,13.9159485],[100.6772859,13.915188],[100.6775839,13.9126659]],[[100.6775839,13.9126659],[100.6776791,13.9125423]]]},"properties":{"key":"Khlong Tao Pun","name":"Khlong Tao Pun","name_th":"คลองเต้าปูน","waterway":"canal","length_km":1.1,"risk":null,"risk_type":null,"note":null,"note_th":null,"curated":false}},{"type":"Feature","geometry":{"type":"MultiLineString","coordinates":[[[100.5834132,13.696863],[100.5803656,13.6928491],[100.5782044,13.691084],[100.5782717,13.6906351],[100.5770886,13.6900583]]]},"properties":{"key":"Pat","name":"Pat","name_th":"คลองแพ","waterway":"canal","length_km":1.1,"risk":null,"risk_type":null,"note":null,"note_th":null,"curated":false}},{"type":"Feature","geometry":{"type":"MultiLineString","coordinates":[[[100.6830535,13.5168631],[100.682163,13.5130878],[100.6801782,13.5111329],[100.6792614,13.5085368],[100.6793194,13.50772]]]},"properties":{"key":"Khlong Tamru #2","name":"Khlong Tamru","name_th":"คลองตำหรุ","waterway":"river","length_km":1.1,"risk":null,"risk_type":null,"note":null,"note_th":null,"curated":false}},{"type":"Feature","geometry":{"type":"MultiLineString","coordinates":[[[100.6276584,13.5834669],[100.6275198,13.5757378]],[[100.6278287,13.5854515],[100.6276584,13.5834669]]]},"properties":{"key":"คลองแขก #2","name":"คลองแขก","name_th":"คลองแขก","waterway":"canal","length_km":1.1,"risk":null,"risk_type":null,"note":null,"note_th":null,"curated":false}},{"type":"Feature","geometry":{"type":"MultiLineString","coordinates":[[[100.8571428,13.6235614],[100.854427,13.6239863],[100.8516911,13.6249692],[100.8497921,13.6265722],[100.8477268,13.6275231]]]},"properties":{"key":"คลองนางทิ้ม","name":"คลองนางทิ้ม","name_th":"คลองนางทิ้ม","waterway":"canal","length_km":1.1,"risk":null,"risk_type":null,"note":null,"note_th":null,"curated":false}},{"type":"Feature","geometry":{"type":"MultiLineString","coordinates":[[[100.9126747,13.846822],[100.911425,13.8444685],[100.9089303,13.8410179],[100.9077202,13.8381544]]]},"properties":{"key":"Bueng Thonglang Thao","name":"Bueng Thonglang Thao","name_th":"บึงทองหลางเฒ่า","waterway":"canal","length_km":1.1,"risk":null,"risk_type":null,"note":null,"note_th":null,"curated":false}},{"type":"Feature","geometry":{"type":"MultiLineString","coordinates":[[[100.8230377,13.6755524],[100.8215076,13.6768429],[100.8171289,13.6822248],[100.8166846,13.683114]]]},"properties":{"key":"Khlong Sai Ta Mak","name":"Khlong Sai Ta Mak","name_th":"คลองไทรตามาก","waterway":"canal","length_km":1.1,"risk":null,"risk_type":null,"note":null,"note_th":null,"curated":false}},{"type":"Feature","geometry":{"type":"MultiLineString","coordinates":[[[100.8613338,13.6670715],[100.8632255,13.6653992],[100.8661705,13.66489]],[[100.8591726,13.6703823],[100.8604574,13.6694233],[100.8613338,13.6670715]]]},"properties":{"key":"Khlong Ka Long #2","name":"Khlong Ka Long","name_th":"คลองกาหลง","waterway":"river","length_km":1.1,"risk":null,"risk_type":null,"note":null,"note_th":null,"curated":false}},{"type":"Feature","geometry":{"type":"MultiLineString","coordinates":[[[100.4391633,13.7468625],[100.4388475,13.7566916]]]},"properties":{"key":"Khlong Lat Wat Saphan","name":"Khlong Lat Wat Saphan","name_th":"คลองลัดวัดสะพาน","waterway":"canal","length_km":1.1,"risk":null,"risk_type":null,"note":null,"note_th":null,"curated":false}},{"type":"Feature","geometry":{"type":"MultiLineString","coordinates":[[[100.5384751,13.88218],[100.5394307,13.8845358],[100.5393906,13.8863559],[100.5397288,13.8875776],[100.5401216,13.8877529],[100.5410293,13.8899483]],[[100.5411313,13.8899988],[100.5413744,13.8902938],[100.542393,13.8902419]],[[100.5410293,13.8899483],[100.5411313,13.8899988]]]},"properties":{"key":"Khlong Khilek","name":"Khlong Khilek","name_th":"คลองขี้เหล็ก","waterway":"canal","length_km":1.1,"risk":null,"risk_type":null,"note":null,"note_th":null,"curated":false}},{"type":"Feature","geometry":{"type":"MultiLineString","coordinates":[[[100.8325359,13.7510582],[100.8344405,13.7512046],[100.838389,13.7529307],[100.8420501,13.7536829]]]},"properties":{"key":"คลองลำรางตาทุย","name":"คลองลำรางตาทุย","name_th":"คลองลำรางตาทุย","waterway":"canal","length_km":1.1,"risk":null,"risk_type":null,"note":null,"note_th":null,"curated":false}},{"type":"Feature","geometry":{"type":"MultiLineString","coordinates":[[[100.5376104,13.6353623],[100.5397698,13.6359698],[100.5417132,13.6353965],[100.5437246,13.6364753],[100.5463976,13.6372314]]]},"properties":{"key":"Khlong Bang Hua Suea","name":"Khlong Bang Hua Suea","name_th":"คลองบางหัวเสือ","waterway":"river","length_km":1.1,"risk":null,"risk_type":null,"note":null,"note_th":null,"curated":false}},{"type":"Feature","geometry":{"type":"MultiLineString","coordinates":[[[100.8222484,13.6104583],[100.8218305,13.6117916],[100.8195077,13.612631],[100.8188855,13.6140856],[100.8180647,13.6151283],[100.8168738,13.6151596],[100.8154571,13.6158391]]]},"properties":{"key":"คลองชวดลาน","name":"คลองชวดลาน","name_th":"คลองชวดลาน","waterway":"canal","length_km":1.1,"risk":null,"risk_type":null,"note":null,"note_th":null,"curated":false}},{"type":"Feature","geometry":{"type":"MultiLineString","coordinates":[[[100.8566949,13.6506293],[100.8529602,13.651614],[100.85039,13.6530592],[100.8482616,13.6534781],[100.8478081,13.6539834]]]},"properties":{"key":"Khlong Chang Tai","name":"Khlong Chang Tai","name_th":"คลองช้างตาย","waterway":"canal","length_km":1.1,"risk":null,"risk_type":null,"note":null,"note_th":null,"curated":false}},{"type":"Feature","geometry":{"type":"MultiLineString","coordinates":[[[100.6223321,13.8570068],[100.6223287,13.8582727],[100.6220998,13.8582727],[100.6220209,13.8590066],[100.6220356,13.8645676],[100.6237805,13.8643476],[100.6240293,13.865101]]]},"properties":{"key":"ลำรางข้างโรงงานท่อ ซีซีเอ็ม","name":"ลำรางข้างโรงงานท่อ ซีซีเอ็ม","name_th":"ลำรางข้างโรงงานท่อ ซีซีเอ็ม","waterway":"canal","length_km":1.1,"risk":null,"risk_type":null,"note":null,"note_th":null,"curated":false}},{"type":"Feature","geometry":{"type":"MultiLineString","coordinates":[[[100.6977907,13.8516449],[100.6977005,13.8612377]]]},"properties":{"key":"Lock 4 Canal","name":"Lock 4 Canal","name_th":"ลำรางล็อก 4","waterway":"canal","length_km":1.1,"risk":null,"risk_type":null,"note":null,"note_th":null,"curated":false}},{"type":"Feature","geometry":{"type":"MultiLineString","coordinates":[[[100.7188167,13.8009372],[100.7208624,13.7955187]],[[100.7174592,13.8044219],[100.7186608,13.801369]],[[100.7186608,13.801369],[100.7188167,13.8009372]]]},"properties":{"key":"Lam Rang Khang Soi Ramkhamhaeng 174","name":"Lam Rang Khang Soi Ramkhamhaeng 174","name_th":"ลำรางข้างซอยรามคำแหง 174","waterway":"canal","length_km":1.1,"risk":null,"risk_type":null,"note":null,"note_th":null,"curated":false}},{"type":"Feature","geometry":{"type":"MultiLineString","coordinates":[[[100.6359073,13.9096074],[100.6286962,13.9078285],[100.6284357,13.9085085],[100.6261523,13.9080933]]]},"properties":{"key":"Khlong Lang Wat Ko","name":"Khlong Lang Wat Ko","name_th":"คลองหลังวัดเกาะ","waterway":"canal","length_km":1.1,"risk":null,"risk_type":null,"note":null,"note_th":null,"curated":false}},{"type":"Feature","geometry":{"type":"MultiLineString","coordinates":[[[100.5207946,13.7154957],[100.514409,13.7167673]],[[100.512616,13.7171474],[100.5114207,13.7175152]],[[100.514409,13.7167673],[100.5132834,13.7169961]],[[100.5132834,13.7169961],[100.5129655,13.7170672]],[[100.5129655,13.7170672],[100.512616,13.7171474]]]},"properties":{"key":"Khlong Wat Yannawa","name":"Khlong Wat Yannawa","name_th":"คลองวัดยานนาวา","waterway":"canal","length_km":1,"risk":null,"risk_type":null,"note":null,"note_th":null,"curated":false}},{"type":"Feature","geometry":{"type":"MultiLineString","coordinates":[[[100.6341607,13.7231285],[100.6333816,13.7227573],[100.6331198,13.721887],[100.6336135,13.7214785],[100.6336058,13.7199689],[100.634611,13.7147565]]]},"properties":{"key":"Khlong Chuan","name":"Khlong Chuan","name_th":"คลองจวน","waterway":"canal","length_km":1,"risk":null,"risk_type":null,"note":null,"note_th":null,"curated":false}},{"type":"Feature","geometry":{"type":"MultiLineString","coordinates":[[[100.4711988,13.7367773],[100.4670313,13.7359881],[100.462106,13.7358132]]]},"properties":{"key":"Khlong Wat Chao Mun","name":"Khlong Wat Chao Mun","name_th":"คลองวัดเจ้ามูล","waterway":"canal","length_km":1,"risk":null,"risk_type":null,"note":null,"note_th":null,"curated":false}},{"type":"Feature","geometry":{"type":"MultiLineString","coordinates":[[[100.5994447,13.7038366],[100.5988945,13.7036069],[100.5963963,13.7090146]],[[100.5963963,13.7090146],[100.596331,13.7090842]],[[100.5972657,13.7070908],[100.5963963,13.7090146]]]},"properties":{"key":"คลองคาง","name":"คลองคาง","name_th":"คลองคาง","waterway":"canal","length_km":1,"risk":null,"risk_type":null,"note":null,"note_th":null,"curated":false}},{"type":"Feature","geometry":{"type":"MultiLineString","coordinates":[[[100.6163245,13.7040905],[100.6157281,13.7038425],[100.6162516,13.7014569]],[[100.615895,13.7068424],[100.616317,13.7076726],[100.6162224,13.7086132],[100.6165451,13.7097997]],[[100.615895,13.7068424],[100.6163245,13.7040905]]]},"properties":{"key":"Khlong Suan Oi","name":"Khlong Suan Oi","name_th":"คลองสวนอ้อย","waterway":"canal","length_km":1,"risk":null,"risk_type":null,"note":null,"note_th":null,"curated":false}},{"type":"Feature","geometry":{"type":"MultiLineString","coordinates":[[[100.4065174,13.7929106],[100.4048925,13.7957422],[100.4039484,13.7958881],[100.4022854,13.7974197],[100.4009773,13.7996037]]]},"properties":{"key":"คลองชวนชื่น","name":"คลองชวนชื่น","name_th":"คลองชวนชื่น","waterway":"canal","length_km":1,"risk":null,"risk_type":null,"note":null,"note_th":null,"curated":false}},{"type":"Feature","geometry":{"type":"MultiLineString","coordinates":[[[100.7663403,13.7240776],[100.7667547,13.720882],[100.7666511,13.7153128]]]},"properties":{"key":"Khlong Nong Kha","name":"Khlong Nong Kha","name_th":"คลองหนองคา","waterway":"canal","length_km":1,"risk":null,"risk_type":null,"note":null,"note_th":null,"curated":false}},{"type":"Feature","geometry":{"type":"MultiLineString","coordinates":[[[100.4555827,13.6671488],[100.4526804,13.6759436]]]},"properties":{"key":"Khlong Wat Kok","name":"Khlong Wat Kok","name_th":"คลองวัดกก","waterway":"ditch","length_km":1,"risk":null,"risk_type":null,"note":null,"note_th":null,"curated":false}},{"type":"Feature","geometry":{"type":"MultiLineString","coordinates":[[[100.5243744,13.7904584],[100.5286034,13.7988043]]]},"properties":{"key":"คลองหลังกรมสื่อสารฯ","name":"คลองหลังกรมสื่อสารฯ","name_th":"คลองหลังกรมสื่อสารฯ","waterway":"canal","length_km":1,"risk":null,"risk_type":null,"note":null,"note_th":null,"curated":false}},{"type":"Feature","geometry":{"type":"MultiLineString","coordinates":[[[100.4550079,13.7174647],[100.4551703,13.7126334],[100.4559098,13.7083545]]]},"properties":{"key":"Khlong Wat Kho Non","name":"Khlong Wat Kho Non","name_th":"คลองวัดโคนอน","waterway":"canal","length_km":1,"risk":null,"risk_type":null,"note":null,"note_th":null,"curated":false}},{"type":"Feature","geometry":{"type":"MultiLineString","coordinates":[[[100.5264778,13.6750501],[100.528293,13.6772118],[100.5297152,13.6781162]],[[100.5309521,13.6801351],[100.5300627,13.6784021]],[[100.5300627,13.6784021],[100.5297152,13.6781162]],[[100.5320237,13.6815073],[100.5310115,13.6802268]]]},"properties":{"key":"Bang Phong Phang Nuea","name":"Bang Phong Phang Nuea","name_th":"คลองบางโพงพางเหนือ","waterway":"canal","length_km":1,"risk":null,"risk_type":null,"note":null,"note_th":null,"curated":false}},{"type":"Feature","geometry":{"type":"MultiLineString","coordinates":[[[100.4312089,13.7378197],[100.4268542,13.738903]],[[100.431609,13.7333853],[100.4316259,13.7376467],[100.4312089,13.7378197]]]},"properties":{"key":"Khlong Khi Mu Lai","name":"Khlong Khi Mu Lai","name_th":"คลองขี้หมูไหล","waterway":"canal","length_km":1,"risk":null,"risk_type":null,"note":null,"note_th":null,"curated":false}},{"type":"Feature","geometry":{"type":"MultiLineString","coordinates":[[[100.6657684,13.9061663],[100.6662614,13.9068824],[100.6670972,13.9094549],[100.6669417,13.9145116]]]},"properties":{"key":"Khlong Lam Ton","name":"Khlong Lam Ton","name_th":"คลองลำต้น","waterway":"canal","length_km":1,"risk":null,"risk_type":null,"note":null,"note_th":null,"curated":false}},{"type":"Feature","geometry":{"type":"MultiLineString","coordinates":[[[100.4627682,13.7178785],[100.4691246,13.7158788]],[[100.4604269,13.7193936],[100.4627682,13.7178785]]]},"properties":{"key":"Khlong Wat Phleng - Wat Nang Chi","name":"Khlong Wat Phleng - Wat Nang Chi","name_th":"คลองวัดเพลง-วัดนางชี","waterway":"canal","length_km":1,"risk":null,"risk_type":null,"note":null,"note_th":null,"curated":false}},{"type":"Feature","geometry":{"type":"MultiLineString","coordinates":[[[100.6485235,13.8338371],[100.6539807,13.8353261],[100.6573244,13.8355621]]]},"properties":{"key":"Khlong Luang Wichit","name":"Khlong Luang Wichit","name_th":"คลองหลวงวิจิตร","waterway":"canal","length_km":1,"risk":null,"risk_type":null,"note":null,"note_th":null,"curated":false}},{"type":"Feature","geometry":{"type":"MultiLineString","coordinates":[[[100.7607784,13.8282576],[100.7562769,13.8356234]]]},"properties":{"key":"คลองสันนิธิ","name":"คลองสันนิธิ","name_th":"คลองสันนิธิ","waterway":"canal","length_km":1,"risk":null,"risk_type":null,"note":null,"note_th":null,"curated":false}},{"type":"Feature","geometry":{"type":"MultiLineString","coordinates":[[[100.7600452,13.8383001],[100.7644162,13.8302481]]]},"properties":{"key":"คลองสิทธิโสม","name":"คลองสิทธิโสม","name_th":"คลองสิทธิโสม","waterway":"canal","length_km":1,"risk":null,"risk_type":null,"note":null,"note_th":null,"curated":false}},{"type":"Feature","geometry":{"type":"MultiLineString","coordinates":[[[100.5033567,13.7276673],[100.5119108,13.7307434]]]},"properties":{"key":"Khlong San #3","name":"Khlong San","name_th":"คลองสาน","waterway":"canal","length_km":1,"risk":null,"risk_type":null,"note":null,"note_th":null,"curated":false}},{"type":"Feature","geometry":{"type":"MultiLineString","coordinates":[[[100.5007088,13.7063345],[100.499184,13.7090335],[100.4980912,13.7099358],[100.4961969,13.7124036],[100.4951518,13.7129847]]]},"properties":{"key":"Rong Phasi Canal","name":"Rong Phasi Canal","name_th":"คลองโรงภาษี","waterway":"canal","length_km":1,"risk":null,"risk_type":null,"note":null,"note_th":null,"curated":false}},{"type":"Feature","geometry":{"type":"MultiLineString","coordinates":[[[100.4999259,13.7154455],[100.5011277,13.7145549],[100.5007432,13.7141953],[100.5025152,13.7117929],[100.5050502,13.7091582]]]},"properties":{"key":"Khlong Phraya Kasem","name":"Khlong Phraya Kasem","name_th":"คลองพระยาเกษม","waterway":"canal","length_km":1,"risk":null,"risk_type":null,"note":null,"note_th":null,"curated":false}},{"type":"Feature","geometry":{"type":"MultiLineString","coordinates":[[[100.5003619,13.6671477],[100.5049929,13.6657289],[100.5049444,13.6655069],[100.5087623,13.6635583]]]},"properties":{"key":"Khlonh Ta Mang","name":"Khlonh Ta Mang","name_th":"คลองตามั่ง","waterway":"canal","length_km":1,"risk":null,"risk_type":null,"note":null,"note_th":null,"curated":false}},{"type":"Feature","geometry":{"type":"MultiLineString","coordinates":[[[100.5477421,13.6839078],[100.5434744,13.6843437]],[[100.5521805,13.683143],[100.5481927,13.6838671]],[[100.5479204,13.6838792],[100.5477421,13.6839078]],[[100.5480294,13.683866],[100.5479204,13.6838792]],[[100.5481927,13.6838671],[100.5480294,13.683866]]]},"properties":{"key":"Khlong Hip","name":"Khlong Hip","name_th":"คลองหีบ","waterway":"canal","length_km":1,"risk":null,"risk_type":null,"note":null,"note_th":null,"curated":false}},{"type":"Feature","geometry":{"type":"MultiLineString","coordinates":[[[100.4943605,13.7307426],[100.4899853,13.7291324]],[[100.4962136,13.7340617],[100.4953519,13.7310689],[100.4950148,13.7309222]],[[100.4950148,13.7309222],[100.4943605,13.7307426]]]},"properties":{"key":"Somdet Chao Phraya Canal","name":"Somdet Chao Phraya Canal","name_th":"คลองสมเด็จเจ้าพระยา","waterway":"canal","length_km":1,"risk":null,"risk_type":null,"note":null,"note_th":null,"curated":false}},{"type":"Feature","geometry":{"type":"MultiLineString","coordinates":[[[100.668608,13.8624193],[100.6654041,13.8594302]],[[100.6653,13.8593639],[100.6637149,13.858359],[100.6635574,13.8566533],[100.6632181,13.8560631]],[[100.6654041,13.8594302],[100.6653,13.8593639]]]},"properties":{"key":"ลำรางแยกคลองหกขุด (ลำรางทะลาย)","name":"ลำรางแยกคลองหกขุด (ลำรางทะลาย)","name_th":"ลำรางแยกคลองหกขุด (ลำรางทะลาย)","waterway":"canal","length_km":1,"risk":null,"risk_type":null,"note":null,"note_th":null,"curated":false}},{"type":"Feature","geometry":{"type":"MultiLineString","coordinates":[[[100.7645282,13.8398808],[100.765872,13.8391686],[100.76783,13.8386164],[100.7689995,13.8378195],[100.7718119,13.8342948]]]},"properties":{"key":"Khlong Bueng Sai Kong Din","name":"Khlong Bueng Sai Kong Din","name_th":"คลองบึงทรายกองดิน","waterway":"river","length_km":1,"risk":null,"risk_type":null,"note":null,"note_th":null,"curated":false}},{"type":"Feature","geometry":{"type":"MultiLineString","coordinates":[[[100.8287067,13.8642467],[100.8294725,13.8632575],[100.8299071,13.861242],[100.8311731,13.8590753],[100.8317754,13.8556871]]]},"properties":{"key":"คลองบึงเขมร","name":"คลองบึงเขมร","name_th":"คลองบึงเขมร","waterway":"canal","length_km":1,"risk":null,"risk_type":null,"note":null,"note_th":null,"curated":false}},{"type":"Feature","geometry":{"type":"MultiLineString","coordinates":[[[100.5401454,13.6781369],[100.5409727,13.6748675],[100.5412785,13.6693787]]]},"properties":{"key":"Khlong Bot","name":"Khlong Bot","name_th":"คลองโบสถ์","waterway":"canal","length_km":1,"risk":null,"risk_type":null,"note":null,"note_th":null,"curated":false}},{"type":"Feature","geometry":{"type":"MultiLineString","coordinates":[[[100.4874418,13.6239442],[100.4874911,13.6201503],[100.4879632,13.6194829],[100.4887357,13.6191076],[100.4893043,13.6181691],[100.4891818,13.6154703]]]},"properties":{"key":"คลองค้างคาว","name":"คลองค้างคาว","name_th":"คลองค้างคาว","waterway":"river","length_km":1,"risk":null,"risk_type":null,"note":null,"note_th":null,"curated":false}},{"type":"Feature","geometry":{"type":"MultiLineString","coordinates":[[[100.4019912,13.7158121],[100.4008483,13.7199407],[100.3997405,13.7198574],[100.3993597,13.7232652]]]},"properties":{"key":"คลองบางลัด","name":"คลองบางลัด","name_th":"คลองบางลัด","waterway":"canal","length_km":1,"risk":null,"risk_type":null,"note":null,"note_th":null,"curated":false}},{"type":"Feature","geometry":{"type":"MultiLineString","coordinates":[[[100.3280752,13.7840258],[100.3308286,13.7839307],[100.3367697,13.7846632]],[[100.3367697,13.7846632],[100.3369733,13.784699]],[[100.3369733,13.784699],[100.337079,13.7847163]]]},"properties":{"key":"คลองนา #2","name":"คลองนา","name_th":"คลองนา","waterway":"canal","length_km":1,"risk":null,"risk_type":null,"note":null,"note_th":null,"curated":false}},{"type":"Feature","geometry":{"type":"MultiLineString","coordinates":[[[100.5120328,13.7930019],[100.5101075,13.7945414],[100.5086806,13.7945726],[100.5079189,13.7950207],[100.5046398,13.7979354]]]},"properties":{"key":"Khlong Bang Rak","name":"Khlong Bang Rak","name_th":"คลองบางรัก","waterway":"canal","length_km":1,"risk":null,"risk_type":null,"note":null,"note_th":null,"curated":false}},{"type":"Feature","geometry":{"type":"MultiLineString","coordinates":[[[100.4731502,13.7824319],[100.4705251,13.7786588],[100.4696448,13.7778552]],[[100.4743312,13.7848067],[100.4747156,13.7844575],[100.4733923,13.7827623]],[[100.4733923,13.7827623],[100.4731502,13.7824319]]]},"properties":{"key":"คลองวัดพิกุล","name":"คลองวัดพิกุล","name_th":"คลองวัดพิกุล","waterway":"canal","length_km":1,"risk":null,"risk_type":null,"note":null,"note_th":null,"curated":false}},{"type":"Feature","geometry":{"type":"MultiLineString","coordinates":[[[100.4787042,13.9432445],[100.4722407,13.9404402],[100.4714028,13.9396137],[100.4710881,13.9388703]]]},"properties":{"key":"คลองไทร","name":"คลองไทร","name_th":"คลองไทร","waterway":"canal","length_km":1,"risk":null,"risk_type":null,"note":null,"note_th":null,"curated":false}},{"type":"Feature","geometry":{"type":"MultiLineString","coordinates":[[[100.3830251,13.5229833],[100.3830846,13.5137671]]]},"properties":{"key":"คลองหัวถนน","name":"คลองหัวถนน","name_th":"คลองหัวถนน","waterway":"canal","length_km":1,"risk":null,"risk_type":null,"note":null,"note_th":null,"curated":false}},{"type":"Feature","geometry":{"type":"MultiLineString","coordinates":[[[100.5304223,14.0018727],[100.5319726,13.9993899],[100.5323669,13.9977867],[100.5351103,13.9946457]]]},"properties":{"key":"Khlong Wat Khok","name":"Khlong Wat Khok","name_th":"คลองวัดโคก","waterway":"canal","length_km":1,"risk":null,"risk_type":null,"note":null,"note_th":null,"curated":false}},{"type":"Feature","geometry":{"type":"MultiLineString","coordinates":[[[100.6080167,13.9484283],[100.6081771,13.9473511],[100.6094804,13.9453203],[100.6100353,13.9425495],[100.6099,13.9410067],[100.6106107,13.9400593]]]},"properties":{"key":"ลำรางเปรมประชา (ข้าง ม.ธนินทร)","name":"ลำรางเปรมประชา (ข้าง ม.ธนินทร)","name_th":"ลำรางเปรมประชา (ข้าง ม.ธนินทร)","waterway":"canal","length_km":1,"risk":null,"risk_type":null,"note":null,"note_th":null,"curated":false}},{"type":"Feature","geometry":{"type":"MultiLineString","coordinates":[[[100.4450149,13.807977],[100.4450394,13.8085965]],[[100.4449304,13.7992117],[100.4450149,13.807977]]]},"properties":{"key":"คลองสะพานผัก","name":"คลองสะพานผัก","name_th":"คลองสะพานผัก","waterway":"canal","length_km":1,"risk":null,"risk_type":null,"note":null,"note_th":null,"curated":false}},{"type":"Feature","geometry":{"type":"MultiLineString","coordinates":[[[100.9234174,13.5292001],[100.9247991,13.5314775],[100.9257271,13.5319312],[100.9255689,13.5337619],[100.9266901,13.536865]]]},"properties":{"key":"คลองหนองหัวไร่","name":"คลองหนองหัวไร่","name_th":"คลองหนองหัวไร่","waterway":"canal","length_km":1,"risk":null,"risk_type":null,"note":null,"note_th":null,"curated":false}},{"type":"Feature","geometry":{"type":"MultiLineString","coordinates":[[[100.3086752,13.5516963],[100.308505,13.5546466],[100.3090189,13.5557414],[100.3083305,13.5556674],[100.3082766,13.5561207],[100.3087715,13.556426],[100.3086224,13.5569688],[100.3090534,13.5570679],[100.3087818,13.5591351]]]},"properties":{"key":"คลองขุด 2","name":"คลองขุด 2","name_th":"คลองขุด 2","waterway":"canal","length_km":1,"risk":null,"risk_type":null,"note":null,"note_th":null,"curated":false}},{"type":"Feature","geometry":{"type":"MultiLineString","coordinates":[[[100.8367702,13.5956687],[100.8335927,13.5980163],[100.8326688,13.5983668],[100.830026,13.5985058],[100.829002,13.5989791]]]},"properties":{"key":"คลองบางเซา","name":"คลองบางเซา","name_th":"คลองบางเซา","waterway":"canal","length_km":1,"risk":null,"risk_type":null,"note":null,"note_th":null,"curated":false}},{"type":"Feature","geometry":{"type":"MultiLineString","coordinates":[[[100.6350278,13.8807938],[100.6324271,13.8805],[100.6320811,13.8810082],[100.6309226,13.8817033],[100.6299992,13.8817597],[100.6298466,13.8855196]]]},"properties":{"key":"ลำรางหมู่บ้านอนันต์สุขสันต์ที่ 18","name":"ลำรางหมู่บ้านอนันต์สุขสันต์ที่ 18","name_th":"ลำรางหมู่บ้านอนันต์สุขสันต์ที่ 18","waterway":"canal","length_km":1,"risk":null,"risk_type":null,"note":null,"note_th":null,"curated":false}},{"type":"Feature","geometry":{"type":"MultiLineString","coordinates":[[[100.5629786,13.9091554],[100.5662326,13.9134857]],[[100.5611168,13.9058338],[100.5612909,13.9061859]],[[100.5612909,13.9061859],[100.5613372,13.9062796]],[[100.5613372,13.9062796],[100.5626851,13.908648]],[[100.5626851,13.908648],[100.5629786,13.9091554]]]},"properties":{"key":"ลำรางสาธารณะประโยชน์หมู่บ้านเมืองทอง","name":"ลำรางสาธารณะประโยชน์หมู่บ้านเมืองทอง","name_th":"ลำรางสาธารณะประโยชน์หมู่บ้านเมืองทอง","waterway":"canal","length_km":1,"risk":null,"risk_type":null,"note":null,"note_th":null,"curated":false}},{"type":"Feature","geometry":{"type":"MultiLineString","coordinates":[[[100.6171628,13.7701381],[100.6184806,13.7616183]]]},"properties":{"key":"ลำรางแยกซอยลาดพร้าว 112","name":"ลำรางแยกซอยลาดพร้าว 112","name_th":"ลำรางแยกซอยลาดพร้าว 112","waterway":"ditch","length_km":1,"risk":null,"risk_type":null,"note":null,"note_th":null,"curated":false}},{"type":"Feature","geometry":{"type":"MultiLineString","coordinates":[[[100.7517579,13.833486],[100.7560104,13.8256532]]]},"properties":{"key":"ลำรางโต๊ะสมัน","name":"ลำรางโต๊ะสมัน","name_th":"ลำรางโต๊ะสมัน","waterway":"canal","length_km":1,"risk":null,"risk_type":null,"note":null,"note_th":null,"curated":false}},{"type":"Feature","geometry":{"type":"MultiLineString","coordinates":[[[100.4117028,13.839347],[100.4090882,13.8441712],[100.4088786,13.8466752],[100.4082098,13.8478082]]]},"properties":{"key":"คลองส้มป่อย 1","name":"คลองส้มป่อย 1","name_th":"คลองส้มป่อย 1","waterway":"canal","length_km":1,"risk":null,"risk_type":null,"note":null,"note_th":null,"curated":false}},{"type":"Feature","geometry":{"type":"MultiLineString","coordinates":[[[100.5574066,14.064446],[100.5589835,14.0632491],[100.5651388,14.060327]]]},"properties":{"key":"คลองมะขาม","name":"คลองมะขาม","name_th":"คลองมะขาม","waterway":"canal","length_km":1,"risk":null,"risk_type":null,"note":null,"note_th":null,"curated":false}},{"type":"Feature","geometry":{"type":"MultiLineString","coordinates":[[[100.7107009,13.7902064],[100.7119038,13.790658],[100.7143692,13.7878591],[100.7162279,13.7872724],[100.7164802,13.7855508]]]},"properties":{"key":"Lam Rang Bua Khao Fang Nok","name":"Lam Rang Bua Khao Fang Nok","name_th":"ลำรางบัวขาวฝั่งนอก","waterway":"canal","length_km":1,"risk":null,"risk_type":null,"note":null,"note_th":null,"curated":false}},{"type":"Feature","geometry":{"type":"MultiLineString","coordinates":[[[100.5716008,13.7545438],[100.5713876,13.7530171],[100.5703908,13.7516637],[100.568834,13.746741]]]},"properties":{"key":"Khlong Bang Kapi","name":"Khlong Bang Kapi","name_th":"คลองบางกะปิ","waterway":"canal","length_km":0.9,"risk":2,"risk_type":"flash","note":"Surviving stub of the old Bang Kapi canal: it branches off Khlong Saen Saep and runs north to join Khlong Sam Sen, exchanging water with Saen Saep at the junction (the BMA canal register documents the northward flow). The dense Phetchaburi-side streets still flash-flood when storms outpace pumping.","note_th":"คลองบางกะปิเดิมที่เหลือช่วงแถวประตูน้ำ แยกจากคลองแสนแสบไหลขึ้นเหนือบรรจบคลองสามเสน — รับ-จ่ายน้ำกับแสนแสบ แต่ทิศไหลตามทำเนียบคลอง กทม. คือขึ้นเหนือ ย่านเพชรบุรีที่อาคารแน่นยังท่วมฉับพลันเมื่อฝนจัดเกินกำลังสูบ","curated":true}},{"type":"Feature","geometry":{"type":"MultiLineString","coordinates":[[[100.4962996,13.7485036],[100.5011977,13.7480348]],[[100.5011977,13.7480348],[100.501418,13.7480117]],[[100.501418,13.7480117],[100.5039859,13.747748]],[[100.5040577,13.7477337],[100.5041296,13.7477195]],[[100.5039859,13.747748],[100.5040577,13.7477337]]]},"properties":{"key":"Khlong Lot Wat Ratchabophit","name":"Khlong Lot Wat Ratchabophit","name_th":"คลองหลอดวัดราชบพิธ","waterway":"canal","length_km":0.9,"risk":null,"risk_type":null,"note":null,"note_th":null,"curated":false}},{"type":"Feature","geometry":{"type":"MultiLineString","coordinates":[[[100.5492534,13.7050494],[100.5479689,13.7036062],[100.547799,13.7020697],[100.5482591,13.7011608],[100.5494134,13.7000527],[100.551372,13.6996642]]]},"properties":{"key":"Khlong Khut Wat Chong Lom","name":"Khlong Khut Wat Chong Lom","name_th":"คลองขุดวัดช่องลม","waterway":"canal","length_km":0.9,"risk":null,"risk_type":null,"note":null,"note_th":null,"curated":false}},{"type":"Feature","geometry":{"type":"MultiLineString","coordinates":[[[100.6970009,13.8364265],[100.6942557,13.8350003],[100.6908568,13.8344002],[100.6901766,13.8327768]]]},"properties":{"key":"Khlong Phak Ka Chet #2","name":"Khlong Phak Ka Chet","name_th":"คลองผักกะเฉด","waterway":"river","length_km":0.9,"risk":null,"risk_type":null,"note":null,"note_th":null,"curated":false}},{"type":"Feature","geometry":{"type":"MultiLineString","coordinates":[[[100.4116003,13.670049],[100.4098836,13.6722174],[100.4087509,13.6749931],[100.4076093,13.6767066]]]},"properties":{"key":"Khwang Canal","name":"Khwang Canal","name_th":"คลองขวาง","waterway":"canal","length_km":0.9,"risk":null,"risk_type":null,"note":null,"note_th":null,"curated":false}},{"type":"Feature","geometry":{"type":"MultiLineString","coordinates":[[[100.761797,13.7240465],[100.7616777,13.7162685]]]},"properties":{"key":"Khlong Nong Takra","name":"Khlong Nong Takra","name_th":"คลองหนองตะกร้า","waterway":"canal","length_km":0.9,"risk":null,"risk_type":null,"note":null,"note_th":null,"curated":false}},{"type":"Feature","geometry":{"type":"MultiLineString","coordinates":[[[100.4528423,13.6673429],[100.4534509,13.6688632],[100.4515169,13.6753608]]]},"properties":{"key":"Khlong Lamrang Khwang Ton Pho","name":"Khlong Lamrang Khwang Ton Pho","name_th":"คลองลำรางขวางต้นโพ","waterway":"ditch","length_km":0.9,"risk":null,"risk_type":null,"note":null,"note_th":null,"curated":false}},{"type":"Feature","geometry":{"type":"MultiLineString","coordinates":[[[100.4602499,13.6659374],[100.4568759,13.6651932]],[[100.4523003,13.6663079],[100.4561169,13.6650343],[100.4568759,13.6651932]]]},"properties":{"key":"Khlong Ta Rung","name":"Khlong Ta Rung","name_th":"คลองตารุ่ง","waterway":"ditch","length_km":0.9,"risk":null,"risk_type":null,"note":null,"note_th":null,"curated":false}},{"type":"Feature","geometry":{"type":"MultiLineString","coordinates":[[[100.6485809,13.7843745],[100.6511282,13.7840147],[100.653852,13.7826605],[100.6553851,13.7825979],[100.6558791,13.7818375]]]},"properties":{"key":"ลำรางแยกคลองพังพวย ตอน 1","name":"ลำรางแยกคลองพังพวย ตอน 1","name_th":"ลำรางแยกคลองพังพวย ตอน 1","waterway":"canal","length_km":0.9,"risk":null,"risk_type":null,"note":null,"note_th":null,"curated":false}},{"type":"Feature","geometry":{"type":"MultiLineString","coordinates":[[[100.4179528,13.7078094],[100.4178438,13.7157822]]]},"properties":{"key":"Khlong Yai Thiap","name":"Khlong Yai Thiap","name_th":"คลองยายเทียบ","waterway":"canal","length_km":0.9,"risk":null,"risk_type":null,"note":null,"note_th":null,"curated":false}},{"type":"Feature","geometry":{"type":"MultiLineString","coordinates":[[[100.3923814,13.7035834],[100.3927948,13.7004269],[100.3927559,13.6968724],[100.3931194,13.6957171]]]},"properties":{"key":"Khlong Tep Lart","name":"Khlong Tep Lart","name_th":"คลองเทพราช","waterway":"canal","length_km":0.9,"risk":null,"risk_type":null,"note":null,"note_th":null,"curated":false}},{"type":"Feature","geometry":{"type":"MultiLineString","coordinates":[[[100.5082274,13.6084121],[100.5044858,13.6041954],[100.5017739,13.6028867]]]},"properties":{"key":"Khlong Yai Sang","name":"Khlong Yai Sang","name_th":"คลองยายแสง","waterway":"canal","length_km":0.9,"risk":null,"risk_type":null,"note":null,"note_th":null,"curated":false}},{"type":"Feature","geometry":{"type":"MultiLineString","coordinates":[[[100.4499514,13.779071],[100.4497479,13.7747562],[100.4515245,13.7741705],[100.4510344,13.7719469]]]},"properties":{"key":"Khlong Wat Ang Kula","name":"Khlong Wat Ang Kula","name_th":"คลองวัดอังกุลา","waterway":"canal","length_km":0.9,"risk":null,"risk_type":null,"note":null,"note_th":null,"curated":false}},{"type":"Feature","geometry":{"type":"MultiLineString","coordinates":[[[100.5481196,13.685445],[100.5524461,13.6852477]],[[100.5441685,13.6848639],[100.5475742,13.6854438]],[[100.5475742,13.6854438],[100.5481196,13.685445]]]},"properties":{"key":"Khlong Suan #3","name":"Khlong Suan","name_th":"คลองสวน","waterway":"canal","length_km":0.9,"risk":null,"risk_type":null,"note":null,"note_th":null,"curated":false}},{"type":"Feature","geometry":{"type":"MultiLineString","coordinates":[[[100.4246796,13.57364],[100.4256978,13.573719],[100.4263866,13.5733538],[100.4273,13.5734804],[100.4277342,13.5724963],[100.4298293,13.5728425],[100.4304612,13.5725295],[100.4319262,13.5727629]]]},"properties":{"key":"Khlong Rang #2","name":"Khlong Rang","name_th":"คลองราง","waterway":"canal","length_km":0.9,"risk":null,"risk_type":null,"note":null,"note_th":null,"curated":false}},{"type":"Feature","geometry":{"type":"MultiLineString","coordinates":[[[100.5478552,13.6890068],[100.5525406,13.688716]],[[100.5459006,13.6893516],[100.5473856,13.6891127]],[[100.5476255,13.689053],[100.5478552,13.6890068]],[[100.5474202,13.6891041],[100.5476076,13.6890573]],[[100.5473856,13.6891127],[100.5474202,13.6891041]],[[100.5476076,13.6890573],[100.5476255,13.689053]],[[100.5446561,13.6897425],[100.545792,13.689379]],[[100.545792,13.689379],[100.5459006,13.6893516]]]},"properties":{"key":"Khlonh Yai Rung","name":"Khlonh Yai Rung","name_th":"คลองยายหรั่ง","waterway":"canal","length_km":0.9,"risk":null,"risk_type":null,"note":null,"note_th":null,"curated":false}},{"type":"Feature","geometry":{"type":"MultiLineString","coordinates":[[[100.5669944,13.9024771],[100.5705418,13.9023506]],[[100.56215,13.9036216],[100.5628605,13.9034169]],[[100.5654054,13.9028114],[100.5658584,13.9027134]],[[100.5663795,13.902605],[100.5669944,13.9024771]],[[100.5628605,13.9034169],[100.5640107,13.9031159]],[[100.5640107,13.9031159],[100.5642935,13.9030498]],[[100.5642935,13.9030498],[100.5643961,13.903025]],[[100.5643961,13.903025],[100.5648355,13.9029302]],[[100.5648355,13.9029302],[100.5648903,13.9029192]],[[100.5648903,13.9029192],[100.5653395,13.9028254]],[[100.5653395,13.9028254],[100.5654054,13.9028114]],[[100.5659379,13.9026968],[100.5663795,13.902605]],[[100.5658584,13.9027134],[100.5659379,13.9026968]]]},"properties":{"key":"Khlong Bang Phut 2","name":"Khlong Bang Phut 2","name_th":"คลองบางพูด 2","waterway":"canal","length_km":0.9,"risk":2,"risk_type":"tidal","note":"Pak Kret-side canal (Nonthaburi fringe); tidal influence from the river.","note_th":"คลองฝั่งปากเกร็ด (ชายเขตนนทบุรี) รับอิทธิพลน้ำขึ้นน้ำลงจากแม่น้ำ","curated":true}},{"type":"Feature","geometry":{"type":"MultiLineString","coordinates":[[[100.5545504,13.7137021],[100.555488,13.7097764]],[[100.555488,13.7097764],[100.556509,13.706145]]]},"properties":{"key":"คลองบ้านคุ้ง","name":"คลองบ้านคุ้ง","name_th":"คลองบ้านคุ้ง","waterway":"canal","length_km":0.9,"risk":null,"risk_type":null,"note":null,"note_th":null,"curated":false}},{"type":"Feature","geometry":{"type":"MultiLineString","coordinates":[[[100.5870057,13.77128],[100.5865959,13.7687278],[100.5869079,13.7669135]],[[100.587184,13.7663523],[100.5879238,13.7630909]],[[100.5869079,13.7669135],[100.587184,13.7663523]]]},"properties":{"key":"Lam Rang Chuat Ta Chiang","name":"Lam Rang Chuat Ta Chiang","name_th":"ลำรางชวดตาเชียง","waterway":"canal","length_km":0.9,"risk":null,"risk_type":null,"note":null,"note_th":null,"curated":false}},{"type":"Feature","geometry":{"type":"MultiLineString","coordinates":[[[100.5391522,13.6690876],[100.5396579,13.6606818]]]},"properties":{"key":"Khlong Lat Pho","name":"Khlong Lat Pho","name_th":"คลองลัดโพธิ์","waterway":"canal","length_km":0.9,"risk":null,"risk_type":null,"note":null,"note_th":null,"curated":false}},{"type":"Feature","geometry":{"type":"MultiLineString","coordinates":[[[100.3487877,13.5733887],[100.3489605,13.5729165],[100.3502144,13.5727629],[100.3505223,13.5722383],[100.3506023,13.5712334],[100.3495117,13.570435],[100.3494228,13.5691183]],[[100.3478652,13.5750751],[100.3487322,13.5734733]],[[100.3487322,13.5734733],[100.3487877,13.5733887]]]},"properties":{"key":"คลองโคกขาม (ขุดใหม่) #2","name":"คลองโคกขาม (ขุดใหม่)","name_th":"คลองโคกขาม (ขุดใหม่)","waterway":"canal","length_km":0.9,"risk":null,"risk_type":null,"note":null,"note_th":null,"curated":false}},{"type":"Feature","geometry":{"type":"MultiLineString","coordinates":[[[100.3990102,13.831293],[100.4030309,13.8239952]]]},"properties":{"key":"Khlong Hua Khu Nok","name":"Khlong Hua Khu Nok","name_th":"คลองหัวคูนอก","waterway":"canal","length_km":0.9,"risk":null,"risk_type":null,"note":null,"note_th":null,"curated":false}},{"type":"Feature","geometry":{"type":"MultiLineString","coordinates":[[[100.4084798,13.8719304],[100.407672,13.8694626],[100.4079272,13.8687805],[100.4066593,13.8646557]]]},"properties":{"key":"Khlong Bang Phutsa","name":"Khlong Bang Phutsa","name_th":"คลองบางพุทรา","waterway":"canal","length_km":0.9,"risk":null,"risk_type":null,"note":null,"note_th":null,"curated":false}},{"type":"Feature","geometry":{"type":"MultiLineString","coordinates":[[[100.7603439,13.5882297],[100.7615881,13.5876715],[100.7625752,13.588704],[100.7633905,13.5908731],[100.7637562,13.5934211]]]},"properties":{"key":"คลองบางกะสี","name":"คลองบางกะสี","name_th":"คลองบางกะสี","waterway":"canal","length_km":0.9,"risk":null,"risk_type":null,"note":null,"note_th":null,"curated":false}},{"type":"Feature","geometry":{"type":"MultiLineString","coordinates":[[[100.4787451,13.7948719],[100.4786013,13.794659],[100.4758793,13.794771],[100.4706277,13.7969213]]]},"properties":{"key":"Khlong Wat Sanam Nok","name":"Khlong Wat Sanam Nok","name_th":"คลองวัดสนามนอก","waterway":"canal","length_km":0.9,"risk":null,"risk_type":null,"note":null,"note_th":null,"curated":false}},{"type":"Feature","geometry":{"type":"MultiLineString","coordinates":[[[100.2402818,13.6861224],[100.2398288,13.6843369],[100.2400581,13.6837375],[100.239835,13.6827103],[100.2366949,13.6797807]]]},"properties":{"key":"คลองบางพูด","name":"คลองบางพูด","name_th":"คลองบางพูด","waterway":"canal","length_km":0.9,"risk":null,"risk_type":null,"note":null,"note_th":null,"curated":false}},{"type":"Feature","geometry":{"type":"MultiLineString","coordinates":[[[100.7767105,13.7831764],[100.7730777,13.7825231],[100.7685803,13.7823873]]]},"properties":{"key":"Lam Rang San Chao","name":"Lam Rang San Chao","name_th":"ลำรางศาลเจ้า","waterway":"canal","length_km":0.9,"risk":null,"risk_type":null,"note":null,"note_th":null,"curated":false}},{"type":"Feature","geometry":{"type":"MultiLineString","coordinates":[[[100.7403418,13.8448815],[100.7422416,13.845587],[100.7445576,13.8457298],[100.7485035,13.8445176]]]},"properties":{"key":"ลำรางบ่อหินแก้ว","name":"ลำรางบ่อหินแก้ว","name_th":"ลำรางบ่อหินแก้ว","waterway":"canal","length_km":0.9,"risk":null,"risk_type":null,"note":null,"note_th":null,"curated":false}},{"type":"Feature","geometry":{"type":"MultiLineString","coordinates":[[[100.3983611,13.8557915],[100.3977318,13.8533296]],[[100.3977318,13.8533296],[100.3981009,13.8519634],[100.3978381,13.8513149],[100.3973874,13.8510649],[100.3973526,13.8506326],[100.3978059,13.8504555],[100.3987233,13.8490275]]]},"properties":{"key":"Khlong Wat Phra Non","name":"Khlong Wat Phra Non","name_th":"คลองวัดพระนอน","waterway":"canal","length_km":0.9,"risk":null,"risk_type":null,"note":null,"note_th":null,"curated":false}},{"type":"Feature","geometry":{"type":"MultiLineString","coordinates":[[[100.5324756,13.5832695],[100.5239204,13.5824072]]]},"properties":{"key":"คลองส่วย","name":"คลองส่วย","name_th":"คลองส่วย","waterway":"canal","length_km":0.9,"risk":null,"risk_type":null,"note":null,"note_th":null,"curated":false}},{"type":"Feature","geometry":{"type":"MultiLineString","coordinates":[[[100.7852261,13.7166525],[100.7797235,13.7166668]],[[100.7876865,13.716637],[100.7854212,13.7166513]],[[100.7854212,13.7166513],[100.7852261,13.7166525]]]},"properties":{"key":"ลำรางบึงปลาเค็ม","name":"ลำรางบึงปลาเค็ม","name_th":"ลำรางบึงปลาเค็ม","waterway":"canal","length_km":0.9,"risk":null,"risk_type":null,"note":null,"note_th":null,"curated":false}},{"type":"Feature","geometry":{"type":"MultiLineString","coordinates":[[[100.7148101,13.8157244],[100.7117816,13.8140718],[100.7091001,13.813036],[100.708636,13.8133332],[100.7084234,13.8147429]]]},"properties":{"key":"ลำรางหลังโรงเรียนเศรษฐบุตรบำเพ็ญ","name":"ลำรางหลังโรงเรียนเศรษฐบุตรบำเพ็ญ","name_th":"ลำรางหลังโรงเรียนเศรษฐบุตรบำเพ็ญ","waterway":"canal","length_km":0.9,"risk":null,"risk_type":null,"note":null,"note_th":null,"curated":false}},{"type":"Feature","geometry":{"type":"MultiLineString","coordinates":[[[100.6833784,13.8628225],[100.6824436,13.8627884],[100.6796642,13.8615829],[100.6770609,13.8616799]],[[100.6760797,13.8613485],[100.6756042,13.8610403]],[[100.6767892,13.8615881],[100.6763761,13.8614486]],[[100.6762338,13.8614006],[100.6760797,13.8613485]],[[100.6763761,13.8614486],[100.6762338,13.8614006]],[[100.6770609,13.8616799],[100.6769174,13.8616314]],[[100.6769174,13.8616314],[100.6767892,13.8615881]]]},"properties":{"key":"Lam Rang Ta Chot","name":"Lam Rang Ta Chot","name_th":"ลำรางตาจ๊อด","waterway":"canal","length_km":0.9,"risk":null,"risk_type":null,"note":null,"note_th":null,"curated":false}},{"type":"Feature","geometry":{"type":"MultiLineString","coordinates":[[[100.6484914,13.8381628],[100.6409947,13.8341609]]]},"properties":{"key":"Lam Rang Krabue Section 2","name":"Lam Rang Krabue Section 2","name_th":"ลำรางกระบือ ตอน 2","waterway":"canal","length_km":0.9,"risk":null,"risk_type":null,"note":null,"note_th":null,"curated":false}},{"type":"Feature","geometry":{"type":"MultiLineString","coordinates":[[[100.154923,13.6808643],[100.1489855,13.6809625],[100.1475563,13.6829644]]]},"properties":{"key":"คลองบึงสองตอน","name":"คลองบึงสองตอน","name_th":"คลองบึงสองตอน","waterway":"canal","length_km":0.9,"risk":null,"risk_type":null,"note":null,"note_th":null,"curated":false}},{"type":"Feature","geometry":{"type":"MultiLineString","coordinates":[[[100.4630225,13.7202956],[100.4640701,13.719281],[100.4659691,13.7182804],[100.466012,13.7179886],[100.4691066,13.717585]]]},"properties":{"key":"Khlong Wat Nak Prok","name":"Khlong Wat Nak Prok","name_th":"คลองวัดนาคปรก","waterway":"canal","length_km":0.8,"risk":null,"risk_type":null,"note":null,"note_th":null,"curated":false}},{"type":"Feature","geometry":{"type":"MultiLineString","coordinates":[[[100.4220898,13.6675647],[100.4205697,13.6702992],[100.4191692,13.6742987]]]},"properties":{"key":"Khlong Sa Ke","name":"Khlong Sa Ke","name_th":"คลองสาเก","waterway":"canal","length_km":0.8,"risk":null,"risk_type":null,"note":null,"note_th":null,"curated":false}},{"type":"Feature","geometry":{"type":"MultiLineString","coordinates":[[[100.7082996,13.7307893],[100.708873,13.723956]],[[100.7082833,13.7310577],[100.7082996,13.7307893]]]},"properties":{"key":"Khlong Mae Chan #2","name":"Khlong Mae Chan","name_th":"คลองแม่จันทร์","waterway":"canal","length_km":0.8,"risk":null,"risk_type":null,"note":null,"note_th":null,"curated":false}},{"type":"Feature","geometry":{"type":"MultiLineString","coordinates":[[[100.4235315,13.5682958],[100.427345,13.565654]],[[100.4274796,13.5655625],[100.4294036,13.5637753]],[[100.427345,13.565654],[100.4274796,13.5655625]]]},"properties":{"key":"Khlong Chenrg Ta Phae #2","name":"Khlong Chenrg Ta Phae","name_th":"คลองเชิงตาแพ","waterway":"river","length_km":0.8,"risk":null,"risk_type":null,"note":null,"note_th":null,"curated":false}},{"type":"Feature","geometry":{"type":"MultiLineString","coordinates":[[[100.770811,13.7453184],[100.7712522,13.7423099],[100.7720016,13.7409195],[100.769045,13.7407787]]]},"properties":{"key":"คลองลำรางชวดด้วน","name":"คลองลำรางชวดด้วน","name_th":"คลองลำรางชวดด้วน","waterway":"canal","length_km":0.8,"risk":null,"risk_type":null,"note":null,"note_th":null,"curated":false}},{"type":"Feature","geometry":{"type":"MultiLineString","coordinates":[[[100.4947639,13.7401843],[100.4946807,13.7393065],[100.4952344,13.7378259],[100.4912684,13.7352798]]]},"properties":{"key":"Wat Prayoon Canal","name":"Wat Prayoon Canal","name_th":"คลองวัดประยูร","waterway":"canal","length_km":0.8,"risk":null,"risk_type":null,"note":null,"note_th":null,"curated":false}},{"type":"Feature","geometry":{"type":"MultiLineString","coordinates":[[[100.4845861,13.763657],[100.4843454,13.7628988],[100.4870609,13.762881],[100.4899585,13.7609489]]]},"properties":{"key":"Khlong Dusit","name":"Khlong Dusit","name_th":"คลองดุสิต","waterway":"canal","length_km":0.8,"risk":null,"risk_type":null,"note":null,"note_th":null,"curated":false}},{"type":"Feature","geometry":{"type":"MultiLineString","coordinates":[[[100.463757,13.6493688],[100.4652032,13.6436913],[100.4659662,13.6429182]]]},"properties":{"key":"Khlong Ton Tan #4","name":"Khlong Ton Tan","name_th":"คลองต้นตาล","waterway":"canal","length_km":0.8,"risk":null,"risk_type":null,"note":null,"note_th":null,"curated":false}},{"type":"Feature","geometry":{"type":"MultiLineString","coordinates":[[[100.4209133,13.5145194],[100.4278235,13.5150251]]]},"properties":{"key":"Khlong Ta Sean","name":"Khlong Ta Sean","name_th":"คลองตาแสน","waterway":"canal","length_km":0.8,"risk":null,"risk_type":null,"note":null,"note_th":null,"curated":false}},{"type":"Feature","geometry":{"type":"MultiLineString","coordinates":[[[100.6610921,13.8637157],[100.6575452,13.8643038],[100.6551152,13.8643767],[100.6540271,13.8636495]]]},"properties":{"key":"Khlong Yaek Khlong Kum Daeng","name":"Khlong Yaek Khlong Kum Daeng","name_th":"คลองแยกคลองกุ่มแดง","waterway":"canal","length_km":0.8,"risk":null,"risk_type":null,"note":null,"note_th":null,"curated":false}},{"type":"Feature","geometry":{"type":"MultiLineString","coordinates":[[[100.4703422,13.6750293],[100.4707217,13.6737823],[100.4703224,13.6735477],[100.4725928,13.6683912]]]},"properties":{"key":"คลองผู้ใหญ่รวบ","name":"คลองผู้ใหญ่รวบ","name_th":"คลองผู้ใหญ่รวบ","waterway":"ditch","length_km":0.8,"risk":null,"risk_type":null,"note":null,"note_th":null,"curated":false}},{"type":"Feature","geometry":{"type":"MultiLineString","coordinates":[[[100.680063,13.8988056],[100.6798885,13.8963922],[100.6817184,13.8942491],[100.6817908,13.8922819]]]},"properties":{"key":"Khlong Cha La 1","name":"Khlong Cha La 1","name_th":"คลองจ้าหล้า 1","waterway":"canal","length_km":0.8,"risk":null,"risk_type":null,"note":null,"note_th":null,"curated":false}},{"type":"Feature","geometry":{"type":"MultiLineString","coordinates":[[[100.6869963,13.8980477],[100.6869551,13.897312],[100.6860781,13.8970961],[100.6846724,13.892036]]]},"properties":{"key":"Khlong Cha La 2","name":"Khlong Cha La 2","name_th":"คลองจ้าหล้า 2","waterway":"canal","length_km":0.8,"risk":null,"risk_type":null,"note":null,"note_th":null,"curated":false}},{"type":"Feature","geometry":{"type":"MultiLineString","coordinates":[[[100.5385627,13.8948732],[100.5369829,13.8953237],[100.535953,13.8934473],[100.5355935,13.8915377]],[[100.533964,13.8915216],[100.5339393,13.8914302]],[[100.5354889,13.8915217],[100.533964,13.8915216]],[[100.5355935,13.8915377],[100.5354889,13.8915217]]]},"properties":{"key":"Lamrang Nong Yai","name":"Lamrang Nong Yai","name_th":"ลำรางหนองใหญ่","waterway":"canal","length_km":0.8,"risk":null,"risk_type":null,"note":null,"note_th":null,"curated":false}},{"type":"Feature","geometry":{"type":"MultiLineString","coordinates":[[[100.3496762,13.9966322],[100.3526786,13.9985136]],[[100.3526786,13.9985136],[100.3557668,14.0004487]]]},"properties":{"key":"Khlong Lat Yai Pao","name":"Khlong Lat Yai Pao","name_th":"คลองลัดยายเป้า","waterway":"canal","length_km":0.8,"risk":null,"risk_type":null,"note":null,"note_th":null,"curated":false}},{"type":"Feature","geometry":{"type":"MultiLineString","coordinates":[[[100.5279683,13.5618759],[100.5283964,13.5609896]],[[100.5257482,13.5667259],[100.5273458,13.5663085],[100.5275604,13.5627077],[100.5279683,13.5618759]]]},"properties":{"key":"Khlong Khu #2","name":"Khlong Khu","name_th":"คลองคู","waterway":"canal","length_km":0.8,"risk":null,"risk_type":null,"note":null,"note_th":null,"curated":false}},{"type":"Feature","geometry":{"type":"MultiLineString","coordinates":[[[100.7222875,13.8274714],[100.7296028,13.8276747]]]},"properties":{"key":"Lam Rang Sam Wa","name":"Lam Rang Sam Wa","name_th":"ลำรางสามวา","waterway":"canal","length_km":0.8,"risk":null,"risk_type":null,"note":null,"note_th":null,"curated":false}},{"type":"Feature","geometry":{"type":"MultiLineString","coordinates":[[[100.3988065,13.801814],[100.3974381,13.804221],[100.395889,13.8082599]]]},"properties":{"key":"Khlong Yai Son","name":"Khlong Yai Son","name_th":"คลองยายส่อน","waterway":"canal","length_km":0.8,"risk":null,"risk_type":null,"note":null,"note_th":null,"curated":false}},{"type":"Feature","geometry":{"type":"MultiLineString","coordinates":[[[100.546781,14.0349656],[100.5452939,14.0360427],[100.5440503,14.0363161],[100.5423032,14.0362578],[100.5398535,14.037118]]]},"properties":{"key":"Khlong Chao Nuea","name":"Khlong Chao Nuea","name_th":"คลองชาวเหนือ","waterway":"canal","length_km":0.8,"risk":null,"risk_type":null,"note":null,"note_th":null,"curated":false}},{"type":"Feature","geometry":{"type":"MultiLineString","coordinates":[[[100.4859442,13.7195751],[100.4907138,13.7212785]],[[100.4840956,13.7189236],[100.4850333,13.7192235]],[[100.4850333,13.7192235],[100.4859442,13.7195751]]]},"properties":{"key":"คลองโพธินิมิตร 5","name":"คลองโพธินิมิตร 5","name_th":"คลองโพธินิมิตร 5","waterway":"canal","length_km":0.8,"risk":null,"risk_type":null,"note":null,"note_th":null,"curated":false}},{"type":"Feature","geometry":{"type":"MultiLineString","coordinates":[[[100.4897265,13.7229803],[100.4834691,13.7200487]]]},"properties":{"key":"คลองโพธินิมิตร 3","name":"คลองโพธินิมิตร 3","name_th":"คลองโพธินิมิตร 3","waterway":"canal","length_km":0.8,"risk":null,"risk_type":null,"note":null,"note_th":null,"curated":false}},{"type":"Feature","geometry":{"type":"MultiLineString","coordinates":[[[100.4401342,13.8278566],[100.4395036,13.8244092],[100.4375382,13.8209935]]]},"properties":{"key":"Khlong Bang Krai","name":"Khlong Bang Krai","name_th":"คลองบางไกร","waterway":"canal","length_km":0.8,"risk":null,"risk_type":null,"note":null,"note_th":null,"curated":false}},{"type":"Feature","geometry":{"type":"MultiLineString","coordinates":[[[100.427082,13.8606018],[100.4281485,13.8604241],[100.4291528,13.8593922],[100.4309113,13.858842],[100.433088,13.85737],[100.4336859,13.8575407]]]},"properties":{"key":"Khlong Bang Si Rat","name":"Khlong Bang Si Rat","name_th":"คลองบางศรีราษฎร์","waterway":"river","length_km":0.8,"risk":null,"risk_type":null,"note":null,"note_th":null,"curated":false}},{"type":"Feature","geometry":{"type":"MultiLineString","coordinates":[[[100.6583282,13.6709885],[100.655405,13.6722948],[100.6537842,13.6689154]]]},"properties":{"key":"คลองสาหร่าย #2","name":"คลองสาหร่าย","name_th":"คลองสาหร่าย","waterway":"canal","length_km":0.8,"risk":null,"risk_type":null,"note":null,"note_th":null,"curated":false}},{"type":"Feature","geometry":{"type":"MultiLineString","coordinates":[[[100.5339393,13.8914302],[100.5330845,13.8882496],[100.5316377,13.8846141]],[[100.531611,13.8845183],[100.5315932,13.8844543]],[[100.5316377,13.8846141],[100.531611,13.8845183]]]},"properties":{"key":"Khlong Hua Sing","name":"Khlong Hua Sing","name_th":"คลองหัวสิงห์","waterway":"canal","length_km":0.8,"risk":null,"risk_type":null,"note":null,"note_th":null,"curated":false}},{"type":"Feature","geometry":{"type":"MultiLineString","coordinates":[[[100.9314886,13.5337387],[100.9309896,13.5264311]]]},"properties":{"key":"คลองตามาก","name":"คลองตามาก","name_th":"คลองตามาก","waterway":"canal","length_km":0.8,"risk":null,"risk_type":null,"note":null,"note_th":null,"curated":false}},{"type":"Feature","geometry":{"type":"MultiLineString","coordinates":[[[100.6730726,13.8354403],[100.6693804,13.8322461]],[[100.6691156,13.8320152],[100.6675561,13.8306596]],[[100.6693804,13.8322461],[100.6691156,13.8320152]]]},"properties":{"key":"ลำรางข้างหมู่บ้านชื่นกมล 4","name":"ลำรางข้างหมู่บ้านชื่นกมล 4","name_th":"ลำรางข้างหมู่บ้านชื่นกมล 4","waterway":"canal","length_km":0.8,"risk":null,"risk_type":null,"note":null,"note_th":null,"curated":false}},{"type":"Feature","geometry":{"type":"MultiLineString","coordinates":[[[100.6989846,13.8284062],[100.6950942,13.8241824]],[[100.7001188,13.8292437],[100.6992565,13.8286051]],[[100.6992565,13.8286051],[100.6989846,13.8284062]]]},"properties":{"key":"Lam Rang Ta Chom","name":"Lam Rang Ta Chom","name_th":"ลำรางตาชม","waterway":"canal","length_km":0.8,"risk":null,"risk_type":null,"note":null,"note_th":null,"curated":false}},{"type":"Feature","geometry":{"type":"MultiLineString","coordinates":[[[100.6039405,13.8027208],[100.6011744,13.8023231]],[[100.6084926,13.803167],[100.6070221,13.8030385]],[[100.6070221,13.8030385],[100.6068156,13.8030273]],[[100.6068156,13.8030273],[100.6040415,13.8027339]],[[100.6040415,13.8027339],[100.6039405,13.8027208]]]},"properties":{"key":"ลำรางสาธารณะข้างซอยโรงน้ำแข็ง","name":"ลำรางสาธารณะข้างซอยโรงน้ำแข็ง","name_th":"ลำรางสาธารณะข้างซอยโรงน้ำแข็ง","waterway":"ditch","length_km":0.8,"risk":null,"risk_type":null,"note":null,"note_th":null,"curated":false}},{"type":"Feature","geometry":{"type":"MultiLineString","coordinates":[[[100.6084027,13.9393149],[100.6064677,13.9391601],[100.6012458,13.9405126]]]},"properties":{"key":"Khu Nai Kim Sai 1","name":"Khu Nai Kim Sai 1","name_th":"คูนายกิมสาย 1","waterway":"canal","length_km":0.8,"risk":null,"risk_type":null,"note":null,"note_th":null,"curated":false}},{"type":"Feature","geometry":{"type":"MultiLineString","coordinates":[[[100.7145136,13.8272531],[100.7201815,13.8274265]],[[100.7203979,13.8274328],[100.7220554,13.8274708]],[[100.7201815,13.8274265],[100.7203979,13.8274328]]]},"properties":{"key":"Lam Rang Ta Mang","name":"Lam Rang Ta Mang","name_th":"ลำรางตามั่ง","waterway":"canal","length_km":0.8,"risk":null,"risk_type":null,"note":null,"note_th":null,"curated":false}},{"type":"Feature","geometry":{"type":"MultiLineString","coordinates":[[[100.6624707,13.8140336],[100.6604648,13.8139076],[100.6606701,13.8101545],[100.6595084,13.8100529]]]},"properties":{"key":"Lam Rang Nong Pladuk","name":"Lam Rang Nong Pladuk","name_th":"ลำรางหนองปลาดุก","waterway":"canal","length_km":0.8,"risk":null,"risk_type":null,"note":null,"note_th":null,"curated":false}},{"type":"Feature","geometry":{"type":"MultiLineString","coordinates":[[[100.6441783,13.9005052],[100.6437411,13.8990925],[100.644037,13.8974195],[100.6440478,13.8937604]]]},"properties":{"key":"Lam Rang Nai Chang","name":"Lam Rang Nai Chang","name_th":"ลำรางนายจาง","waterway":"canal","length_km":0.8,"risk":null,"risk_type":null,"note":null,"note_th":null,"curated":false}},{"type":"Feature","geometry":{"type":"MultiLineString","coordinates":[[[100.5867171,13.7691467],[100.5916252,13.7688897]],[[100.5928098,13.7688313],[100.5937353,13.7686798]],[[100.5916252,13.7688897],[100.5928098,13.7688313]]]},"properties":{"key":"Lam Rang Yaek Lam Rang Chuat Ta Chiang","name":"Lam Rang Yaek Lam Rang Chuat Ta Chiang","name_th":"ลำรางแยกลำรางชวดตาเชียง","waterway":"ditch","length_km":0.8,"risk":null,"risk_type":null,"note":null,"note_th":null,"curated":false}},{"type":"Feature","geometry":{"type":"MultiLineString","coordinates":[[[100.3550045,13.764739],[100.3545718,13.764576],[100.3556586,13.7615513],[100.3590038,13.7613518]]]},"properties":{"key":"คลองแยกบางน้อย","name":"คลองแยกบางน้อย","name_th":"คลองแยกบางน้อย","waterway":"canal","length_km":0.8,"risk":null,"risk_type":null,"note":null,"note_th":null,"curated":false}},{"type":"Feature","geometry":{"type":"MultiLineString","coordinates":[[[100.4821889,13.9741996],[100.480697,13.9728279],[100.4796647,13.9710945],[100.4782786,13.9700002],[100.4774519,13.9702926],[100.4766415,13.9699936]]]},"properties":{"key":"คลองชมพูเดช","name":"คลองชมพูเดช","name_th":"คลองชมพูเดช","waterway":"canal","length_km":0.8,"risk":null,"risk_type":null,"note":null,"note_th":null,"curated":false}},{"type":"Feature","geometry":{"type":"MultiLineString","coordinates":[[[100.6987213,13.8318776],[100.696111,13.8317227],[100.691708,13.8302728]]]},"properties":{"key":"Lam Rang Yai Bua","name":"Lam Rang Yai Bua","name_th":"ลำรางยายบัว","waterway":"canal","length_km":0.8,"risk":null,"risk_type":null,"note":null,"note_th":null,"curated":false}},{"type":"Feature","geometry":{"type":"MultiLineString","coordinates":[[[100.4766629,13.7608544],[100.4770866,13.7627132],[100.4778296,13.7636902]],[[100.4765291,13.7606438],[100.4766629,13.7608544]],[[100.4742424,13.7583534],[100.475842,13.7602227],[100.4765291,13.7606438]]]},"properties":{"key":"Khlong Wat Thong #2","name":"Khlong Wat Thong","name_th":"คลองวัดทอง","waterway":"canal","length_km":0.7,"risk":null,"risk_type":null,"note":null,"note_th":null,"curated":false}},{"type":"Feature","geometry":{"type":"MultiLineString","coordinates":[[[100.4408934,13.7179427],[100.4414723,13.7173339],[100.4421079,13.7157627],[100.4452034,13.7140242]]]},"properties":{"key":"Khlong Bang Wa #2","name":"Khlong Bang Wa","name_th":"คลองบางหว้า","waterway":"canal","length_km":0.7,"risk":null,"risk_type":null,"note":null,"note_th":null,"curated":false}},{"type":"Feature","geometry":{"type":"MultiLineString","coordinates":[[[100.4660577,13.7093095],[100.4673204,13.7090449],[100.4718365,13.7070668]]]},"properties":{"key":"Khlong Ton Sai #5","name":"Khlong Ton Sai","name_th":"คลองต้นไทร","waterway":"canal","length_km":0.7,"risk":null,"risk_type":null,"note":null,"note_th":null,"curated":false}},{"type":"Feature","geometry":{"type":"MultiLineString","coordinates":[[[100.4752621,13.6832735],[100.4756249,13.6843218],[100.4754108,13.6855414],[100.4758175,13.6863531],[100.4740019,13.6884288]]]},"properties":{"key":"คลองขวาง","name":"คลองขวาง","name_th":"คลองขวาง","waterway":"canal","length_km":0.7,"risk":null,"risk_type":null,"note":null,"note_th":null,"curated":false}},{"type":"Feature","geometry":{"type":"MultiLineString","coordinates":[[[100.4755924,13.6635071],[100.4820565,13.664732]]]},"properties":{"key":"Khlong Yai Champi","name":"Khlong Yai Champi","name_th":"คลองยายจำปี","waterway":"ditch","length_km":0.7,"risk":null,"risk_type":null,"note":null,"note_th":null,"curated":false}},{"type":"Feature","geometry":{"type":"MultiLineString","coordinates":[[[100.4207822,13.6834436],[100.420175,13.683695],[100.4182103,13.6859981],[100.4177335,13.6889267]]]},"properties":{"key":"คลองควาย #4","name":"คลองควาย","name_th":"คลองควาย","waterway":"canal","length_km":0.7,"risk":null,"risk_type":null,"note":null,"note_th":null,"curated":false}},{"type":"Feature","geometry":{"type":"MultiLineString","coordinates":[[[100.4323965,13.7025918],[100.4297981,13.7012396],[100.4264237,13.702901]]]},"properties":{"key":"Khlong Bang Ai","name":"Khlong Bang Ai","name_th":"คลองบางอ้าย","waterway":"canal","length_km":0.7,"risk":null,"risk_type":null,"note":null,"note_th":null,"curated":false}},{"type":"Feature","geometry":{"type":"MultiLineString","coordinates":[[[100.6659327,13.6768341],[100.6623697,13.6712532]]]},"properties":{"key":"คลองวัดตะกล่ำ","name":"คลองวัดตะกล่ำ","name_th":"คลองวัดตะกล่ำ","waterway":"canal","length_km":0.7,"risk":null,"risk_type":null,"note":null,"note_th":null,"curated":false}},{"type":"Feature","geometry":{"type":"MultiLineString","coordinates":[[[100.5062079,13.7739414],[100.5052718,13.7739013],[100.50036,13.7758815]]]},"properties":{"key":"Klong Wasukri","name":"Klong Wasukri","name_th":"คลองวาสุกรี","waterway":"canal","length_km":0.7,"risk":null,"risk_type":null,"note":null,"note_th":null,"curated":false}},{"type":"Feature","geometry":{"type":"MultiLineString","coordinates":[[[100.5184484,13.819048],[100.5207122,13.819976]],[[100.5153099,13.8199585],[100.5164316,13.8195656]],[[100.518053,13.8190811],[100.5184484,13.819048]],[[100.5164316,13.8195656],[100.518053,13.8190811]],[[100.5146138,13.8204449],[100.5153099,13.8199585]]]},"properties":{"key":"Khlong Wat Sao Hin","name":"Khlong Wat Sao Hin","name_th":"คลองวัดเสาหิน","waterway":"stream","length_km":0.7,"risk":null,"risk_type":null,"note":null,"note_th":null,"curated":false}},{"type":"Feature","geometry":{"type":"MultiLineString","coordinates":[[[100.4318103,13.7093169],[100.4326477,13.7157926]]]},"properties":{"key":"Khlong Yai Phian #2","name":"Khlong Yai Phian","name_th":"คลองยายเพียร","waterway":"canal","length_km":0.7,"risk":null,"risk_type":null,"note":null,"note_th":null,"curated":false}},{"type":"Feature","geometry":{"type":"MultiLineString","coordinates":[[[100.4485121,13.7202552],[100.4487055,13.7180139]],[[100.4480876,13.721875],[100.4485121,13.7202552]],[[100.448668,13.7164074],[100.448639,13.7152239]],[[100.4486876,13.7167463],[100.448668,13.7164074]],[[100.4487088,13.7179141],[100.4486876,13.7167463]],[[100.4487055,13.7180139],[100.4487088,13.7179141]]]},"properties":{"key":"Khlong Rong Yao","name":"Khlong Rong Yao","name_th":"คลองโรงยาว","waterway":"canal","length_km":0.7,"risk":null,"risk_type":null,"note":null,"note_th":null,"curated":false}},{"type":"Feature","geometry":{"type":"MultiLineString","coordinates":[[[100.5382242,13.6750003],[100.537141,13.6720601],[100.5366057,13.669353]]]},"properties":{"key":"Khlong Dan Nuea","name":"Khlong Dan Nuea","name_th":"คลองด่านเหนือ","waterway":"canal","length_km":0.7,"risk":null,"risk_type":null,"note":null,"note_th":null,"curated":false}},{"type":"Feature","geometry":{"type":"MultiLineString","coordinates":[[[100.4854881,13.7367064],[100.4837318,13.735147],[100.4864279,13.7328461]]]},"properties":{"key":"Khlong Wat Sang Krachai Worawihan","name":"Khlong Wat Sang Krachai Worawihan","name_th":"คลองวัดสังข์กระจายวรวิหาร","waterway":"canal","length_km":0.7,"risk":null,"risk_type":null,"note":null,"note_th":null,"curated":false}},{"type":"Feature","geometry":{"type":"MultiLineString","coordinates":[[[100.4701482,13.6821935],[100.4667753,13.6811348],[100.4659693,13.6805124],[100.4637934,13.6804051]]]},"properties":{"key":"Khlong Wat Si Suk","name":"Khlong Wat Si Suk","name_th":"คลองวัดสีสุก","waterway":"canal","length_km":0.7,"risk":null,"risk_type":null,"note":null,"note_th":null,"curated":false}},{"type":"Feature","geometry":{"type":"MultiLineString","coordinates":[[[100.4932769,13.7411518],[100.4927531,13.7393057],[100.4916103,13.7382494],[100.490752,13.7367491],[100.4898412,13.7366933]]]},"properties":{"key":"Khlong Kudi Chin","name":"Khlong Kudi Chin","name_th":"คลองกุฎีจีน","waterway":"canal","length_km":0.7,"risk":null,"risk_type":null,"note":null,"note_th":null,"curated":false}},{"type":"Feature","geometry":{"type":"MultiLineString","coordinates":[[[100.4871683,13.6991583],[100.4892997,13.6992836],[100.4906487,13.6988258]],[[100.4857992,13.7015546],[100.4869788,13.6996183]],[[100.4869788,13.6996183],[100.4871683,13.6991583]]]},"properties":{"key":"Bang Namchon Canal","name":"Bang Namchon Canal","name_th":"คลองบางน้ำชน","waterway":"canal","length_km":0.7,"risk":null,"risk_type":null,"note":null,"note_th":null,"curated":false}},{"type":"Feature","geometry":{"type":"MultiLineString","coordinates":[[[100.4625805,13.6853574],[100.4646834,13.6861722],[100.4691448,13.6867655]]]},"properties":{"key":"Khlong Lat Chet Na","name":"Khlong Lat Chet Na","name_th":"คลองลัดเช็ดหน้า","waterway":"canal","length_km":0.7,"risk":null,"risk_type":null,"note":null,"note_th":null,"curated":false}},{"type":"Feature","geometry":{"type":"MultiLineString","coordinates":[[[100.7085248,13.8319025],[100.7142579,13.8332576],[100.7141912,13.8338164]],[[100.7141815,13.8338959],[100.7141718,13.8339755]],[[100.7141912,13.8338164],[100.7141815,13.8338959]]]},"properties":{"key":"ลำรางเชื่อมคลองกีบหมูกับลำรางคูคต","name":"ลำรางเชื่อมคลองกีบหมูกับลำรางคูคต","name_th":"ลำรางเชื่อมคลองกีบหมูกับลำรางคูคต","waterway":"canal","length_km":0.7,"risk":null,"risk_type":null,"note":null,"note_th":null,"curated":false}},{"type":"Feature","geometry":{"type":"MultiLineString","coordinates":[[[100.8303415,13.8603045],[100.8300304,13.8591847],[100.827713,13.8573827],[100.8274538,13.8552097]]]},"properties":{"key":"Khlong Bung Taeng Mo","name":"Khlong Bung Taeng Mo","name_th":"คลองบึงแตงโม","waterway":"canal","length_km":0.7,"risk":null,"risk_type":null,"note":null,"note_th":null,"curated":false}},{"type":"Feature","geometry":{"type":"MultiLineString","coordinates":[[[100.5007468,13.7769906],[100.5039872,13.7762355],[100.5066127,13.7751904]]]},"properties":{"key":"Klong Wat Rachathiwat Ratchaworawihan","name":"Klong Wat Rachathiwat Ratchaworawihan","name_th":"คลองวัดราชาธิวาสราชวรวิหาร","waterway":"canal","length_km":0.7,"risk":null,"risk_type":null,"note":null,"note_th":null,"curated":false}},{"type":"Feature","geometry":{"type":"MultiLineString","coordinates":[[[100.4407718,13.5849485],[100.4413607,13.5852828],[100.4424096,13.5848106],[100.4437121,13.5847312],[100.4447093,13.5841839],[100.4465002,13.5839218]]]},"properties":{"key":"Klong Yang Krabue","name":"Klong Yang Krabue","name_th":"คลองย่างกระบือ","waterway":"river","length_km":0.7,"risk":null,"risk_type":null,"note":null,"note_th":null,"curated":false}},{"type":"Feature","geometry":{"type":"MultiLineString","coordinates":[[[100.4018307,13.7234177],[100.401539,13.7297362]]]},"properties":{"key":"คลองมอญประดิษฐ์","name":"คลองมอญประดิษฐ์","name_th":"คลองมอญประดิษฐ์","waterway":"canal","length_km":0.7,"risk":null,"risk_type":null,"note":null,"note_th":null,"curated":false}},{"type":"Feature","geometry":{"type":"MultiLineString","coordinates":[[[100.4757243,13.6596103],[100.4758263,13.65856],[100.4704922,13.6579995]]]},"properties":{"key":"Khlong Ta Bua","name":"Khlong Ta Bua","name_th":"คลองตาบัว","waterway":"ditch","length_km":0.7,"risk":null,"risk_type":null,"note":null,"note_th":null,"curated":false}},{"type":"Feature","geometry":{"type":"MultiLineString","coordinates":[[[100.4244874,13.7001003],[100.4231406,13.7029482],[100.422408,13.7059999]]]},"properties":{"key":"Khlong Satharana Prayot #2","name":"Khlong Satharana Prayot","name_th":"คลองสาธารณะประโยชน์","waterway":"ditch","length_km":0.7,"risk":null,"risk_type":null,"note":null,"note_th":null,"curated":false}},{"type":"Feature","geometry":{"type":"MultiLineString","coordinates":[[[100.4756763,13.6628956],[100.4694563,13.6620782]]]},"properties":{"key":"Khlong Satharana Prayot #3","name":"Khlong Satharana Prayot","name_th":"คลองสาธารณะประโยชน์","waterway":"ditch","length_km":0.7,"risk":null,"risk_type":null,"note":null,"note_th":null,"curated":false}},{"type":"Feature","geometry":{"type":"MultiLineString","coordinates":[[[100.4752169,13.6648832],[100.4690942,13.6636028]]]},"properties":{"key":"Khlong Yai Wi","name":"Khlong Yai Wi","name_th":"คลองยายวี","waterway":"ditch","length_km":0.7,"risk":null,"risk_type":null,"note":null,"note_th":null,"curated":false}},{"type":"Feature","geometry":{"type":"MultiLineString","coordinates":[[[100.4199199,13.7283489],[100.4201384,13.7284536],[100.4199778,13.7297178],[100.4248657,13.7303733]]]},"properties":{"key":"คลองสาธารณะประโยชน์","name":"คลองสาธารณะประโยชน์","name_th":"คลองสาธารณะประโยชน์","waterway":"canal","length_km":0.7,"risk":null,"risk_type":null,"note":null,"note_th":null,"curated":false}},{"type":"Feature","geometry":{"type":"MultiLineString","coordinates":[[[100.5476138,13.6928035],[100.5521458,13.6927447]],[[100.5464104,13.6926767],[100.5465704,13.6931374],[100.5471083,13.6929124]],[[100.5471083,13.6929124],[100.5473185,13.6928678]],[[100.5473185,13.6928678],[100.5473836,13.692859]],[[100.5473836,13.692859],[100.5476138,13.6928035]]]},"properties":{"key":"Khlong Wat Chong Nonsi","name":"Khlong Wat Chong Nonsi","name_th":"คลองวัดช่องนนทรี","waterway":"canal","length_km":0.7,"risk":3,"risk_type":"flash","note":"Sathorn / Silom business-district drainage; Narathiwas and Chan roads flood in heavy rain despite pumping upgrades.","note_th":"ทางระบายน้ำย่านธุรกิจสาทร / สีลม ถนนนราธิวาสและถนนจันทน์ท่วมเวลาฝนหนักแม้ปรับปรุงปั๊มแล้ว","curated":true}},{"type":"Feature","geometry":{"type":"MultiLineString","coordinates":[[[100.4527791,13.7100732],[100.4529687,13.716728]]]},"properties":{"key":"Khlong Rong Rian Wat Ang Kaew","name":"Khlong Rong Rian Wat Ang Kaew","name_th":"คลองโรงเรียนวัดอ่างแก้ว","waterway":"canal","length_km":0.7,"risk":null,"risk_type":null,"note":null,"note_th":null,"curated":false}},{"type":"Feature","geometry":{"type":"MultiLineString","coordinates":[[[100.671579,13.7551743],[100.6713867,13.7543703],[100.6716225,13.753228],[100.6727157,13.7508475],[100.6726199,13.7494109]]]},"properties":{"key":"Khlong Saphan Sung","name":"Khlong Saphan Sung","name_th":"คลองสะพานสูง","waterway":"canal","length_km":0.7,"risk":null,"risk_type":null,"note":null,"note_th":null,"curated":false}},{"type":"Feature","geometry":{"type":"MultiLineString","coordinates":[[[100.6534171,13.836838],[100.6536749,13.8334711],[100.6543534,13.8304574]]]},"properties":{"key":"Lam Rang Yaek Khlong Luang Wichit Section 1","name":"Lam Rang Yaek Khlong Luang Wichit Section 1","name_th":"ลำรางแยกคลองหลวงวิจิตร ตอน 1","waterway":"canal","length_km":0.7,"risk":null,"risk_type":null,"note":null,"note_th":null,"curated":false}},{"type":"Feature","geometry":{"type":"MultiLineString","coordinates":[[[100.892363,13.644203],[100.8944625,13.6424472],[100.8977248,13.6408224]]]},"properties":{"key":"Khlong Bang Luang #2","name":"Khlong Bang Luang","name_th":"คลองบางหลวง","waterway":"river","length_km":0.7,"risk":null,"risk_type":null,"note":null,"note_th":null,"curated":false}},{"type":"Feature","geometry":{"type":"MultiLineString","coordinates":[[[100.4996173,13.5956329],[100.5004855,13.5954382],[100.5044375,13.5976112]],[[100.5044375,13.5976112],[100.5055876,13.5976386]]]},"properties":{"key":"Khlong Tha Kwian #2","name":"Khlong Tha Kwian","name_th":"คลองท่าเกวียน","waterway":"canal","length_km":0.7,"risk":null,"risk_type":null,"note":null,"note_th":null,"curated":false}},{"type":"Feature","geometry":{"type":"MultiLineString","coordinates":[[[100.5468,14.050101],[100.5473417,14.0498008],[100.5475804,14.0500922],[100.5494365,14.0496863],[100.5512427,14.0528379]]]},"properties":{"key":"Khlong Pa Fai","name":"Khlong Pa Fai","name_th":"คลองป่าฝ้าย","waterway":"canal","length_km":0.7,"risk":null,"risk_type":null,"note":null,"note_th":null,"curated":false}},{"type":"Feature","geometry":{"type":"MultiLineString","coordinates":[[[100.4741396,13.9134916],[100.472486,13.9146424],[100.4710215,13.9161173],[100.4701468,13.9184037]]]},"properties":{"key":"Khlong Pu Thom-Ya Phrom","name":"Khlong Pu Thom-Ya Phrom","name_th":"คลองปู่ถม-ย่าพร้อม","waterway":"canal","length_km":0.7,"risk":null,"risk_type":null,"note":null,"note_th":null,"curated":false}},{"type":"Feature","geometry":{"type":"MultiLineString","coordinates":[[[100.3875266,13.8470667],[100.3867293,13.8511138],[100.3869677,13.8516588],[100.3869209,13.8532592]]]},"properties":{"key":"คลองบางแม่นาง","name":"คลองบางแม่นาง","name_th":"คลองบางแม่นาง","waterway":"canal","length_km":0.7,"risk":null,"risk_type":null,"note":null,"note_th":null,"curated":false}},{"type":"Feature","geometry":{"type":"MultiLineString","coordinates":[[[100.6288143,13.8402548],[100.6277445,13.8393725],[100.6235962,13.837191]]]},"properties":{"key":"Lam Rang O Lao","name":"Lam Rang O Lao","name_th":"ลำรางออหลาว","waterway":"canal","length_km":0.7,"risk":null,"risk_type":null,"note":null,"note_th":null,"curated":false}},{"type":"Feature","geometry":{"type":"MultiLineString","coordinates":[[[100.8566949,13.6506293],[100.8568903,13.6500471],[100.8575638,13.6494816],[100.8622543,13.6476783]]]},"properties":{"key":"คลองช้างตายล่าง","name":"คลองช้างตายล่าง","name_th":"คลองช้างตายล่าง","waterway":"river","length_km":0.7,"risk":null,"risk_type":null,"note":null,"note_th":null,"curated":false}},{"type":"Feature","geometry":{"type":"MultiLineString","coordinates":[[[100.2624366,13.6592978],[100.2638713,13.6573313],[100.2630306,13.6566442],[100.2628062,13.6555638],[100.2638134,13.6550177]]]},"properties":{"key":"คลองแป๊ะกง","name":"คลองแป๊ะกง","name_th":"คลองแป๊ะกง","waterway":"river","length_km":0.7,"risk":null,"risk_type":null,"note":null,"note_th":null,"curated":false}},{"type":"Feature","geometry":{"type":"MultiLineString","coordinates":[[[100.4577984,13.8036967],[100.453383,13.7986397]]]},"properties":{"key":"Khlong Tanam","name":"Khlong Tanam","name_th":"คลองตานาม","waterway":"canal","length_km":0.7,"risk":null,"risk_type":null,"note":null,"note_th":null,"curated":false}},{"type":"Feature","geometry":{"type":"MultiLineString","coordinates":[[[100.6901756,13.8175364],[100.6922685,13.8173038],[100.6930799,13.8179696],[100.6954063,13.8183447],[100.6961292,13.819067]]]},"properties":{"key":"Lam Rang Nong Kradi","name":"Lam Rang Nong Kradi","name_th":"ลำรางหนองกระดี่","waterway":"canal","length_km":0.7,"risk":null,"risk_type":null,"note":null,"note_th":null,"curated":false}},{"type":"Feature","geometry":{"type":"MultiLineString","coordinates":[[[100.6166082,13.9477991],[100.6148205,13.9538009]]]},"properties":{"key":"Lam Rang Lat Pet","name":"Lam Rang Lat Pet","name_th":"ลำรางลาดเป็ด","waterway":"canal","length_km":0.7,"risk":null,"risk_type":null,"note":null,"note_th":null,"curated":false}},{"type":"Feature","geometry":{"type":"MultiLineString","coordinates":[[[100.6431638,13.8408954],[100.638212,13.8373232]]]},"properties":{"key":"Lam Rang Krabue Section 3","name":"Lam Rang Krabue Section 3","name_th":"ลำรางกระบือ ตอน 3","waterway":"canal","length_km":0.7,"risk":null,"risk_type":null,"note":null,"note_th":null,"curated":false}},{"type":"Feature","geometry":{"type":"MultiLineString","coordinates":[[[100.7205342,13.8219361],[100.7154809,13.8219043]],[[100.7220313,13.821987],[100.7207262,13.8219445]],[[100.7207262,13.8219445],[100.7205342,13.8219361]]]},"properties":{"key":"Lam Rang Ta Lai","name":"Lam Rang Ta Lai","name_th":"ลำรางตาลัย","waterway":"canal","length_km":0.7,"risk":null,"risk_type":null,"note":null,"note_th":null,"curated":false}},{"type":"Feature","geometry":{"type":"MultiLineString","coordinates":[[[100.5766475,13.8620567],[100.5775046,13.8574237]],[[100.5763711,13.8634691],[100.5766348,13.8621186]],[[100.5766348,13.8621186],[100.5766475,13.8620567]]]},"properties":{"key":"ลำรางสาธารณะหมู่บ้านปรางแก้ว และหมู่บ้านเศรณีปาร์ค","name":"ลำรางสาธารณะหมู่บ้านปรางแก้ว และหมู่บ้านเศรณีปาร์ค","name_th":"ลำรางสาธารณะหมู่บ้านปรางแก้ว และหมู่บ้านเศรณีปาร์ค","waterway":"drain","length_km":0.7,"risk":null,"risk_type":null,"note":null,"note_th":null,"curated":false}},{"type":"Feature","geometry":{"type":"MultiLineString","coordinates":[[[100.4061932,13.8558253],[100.4054211,13.8547199],[100.4051816,13.8538342],[100.4053969,13.8511344],[100.4059252,13.8505412]]]},"properties":{"key":"คลองบางกระยี่","name":"คลองบางกระยี่","name_th":"คลองบางกระยี่","waterway":"canal","length_km":0.7,"risk":null,"risk_type":null,"note":null,"note_th":null,"curated":false}},{"type":"Feature","geometry":{"type":"MultiLineString","coordinates":[[[100.4427573,13.8241394],[100.443407,13.828249]],[[100.4424225,13.8224877],[100.4426054,13.8235846]],[[100.4426054,13.8235846],[100.4426336,13.8236948]],[[100.4426411,13.8237255],[100.4426713,13.8238332]],[[100.4426336,13.8236948],[100.4426411,13.8237255]],[[100.4426713,13.8238332],[100.4427209,13.8240102]],[[100.44273,13.8240428],[100.4427573,13.8241394]],[[100.4427209,13.8240102],[100.44273,13.8240428]]]},"properties":{"key":"Khlong Ban Chin","name":"Khlong Ban Chin","name_th":"คลองบ้านจีน","waterway":"canal","length_km":0.7,"risk":null,"risk_type":null,"note":null,"note_th":null,"curated":false}},{"type":"Feature","geometry":{"type":"MultiLineString","coordinates":[[[100.466366,13.7196031],[100.4702309,13.7194375]],[[100.4660748,13.7213486],[100.4663491,13.7197046]]]},"properties":{"key":"Khlong Wat Apson Sawan","name":"Khlong Wat Apson Sawan","name_th":"คลองวัดอัปสรสวรรค์","waterway":"canal","length_km":0.6,"risk":null,"risk_type":null,"note":null,"note_th":null,"curated":false}},{"type":"Feature","geometry":{"type":"MultiLineString","coordinates":[[[100.4992124,13.7388893],[100.4971337,13.733828]]]},"properties":{"key":"Talad Somdet Canal","name":"Talad Somdet Canal","name_th":"คลองตลาดสมเด็จ","waterway":"canal","length_km":0.6,"risk":null,"risk_type":null,"note":null,"note_th":null,"curated":false}},{"type":"Feature","geometry":{"type":"MultiLineString","coordinates":[[[100.5164447,13.6185103],[100.5109485,13.6182263]]]},"properties":{"key":"Khlong Nong Ree","name":"Khlong Nong Ree","name_th":"คลองหนองรี","waterway":"canal","length_km":0.6,"risk":null,"risk_type":null,"note":null,"note_th":null,"curated":false}},{"type":"Feature","geometry":{"type":"MultiLineString","coordinates":[[[100.4734077,13.6678043],[100.4683903,13.666758]]]},"properties":{"key":"Khlong Phu Yai Chin","name":"Khlong Phu Yai Chin","name_th":"คลองผู้ใหญ่ชิน","waterway":"ditch","length_km":0.6,"risk":null,"risk_type":null,"note":null,"note_th":null,"curated":false}},{"type":"Feature","geometry":{"type":"MultiLineString","coordinates":[[[100.5000455,13.6868265],[100.500962,13.68973],[100.5020403,13.6914842]],[[100.5021602,13.6916652],[100.5020403,13.6914842]],[[100.5021771,13.6916907],[100.5021602,13.6916652]]]},"properties":{"key":"Khlong Wat Chan","name":"Khlong Wat Chan","name_th":"คลองวัดจันทน์","waterway":"river","length_km":0.6,"risk":null,"risk_type":null,"note":null,"note_th":null,"curated":false}},{"type":"Feature","geometry":{"type":"MultiLineString","coordinates":[[[100.457639,13.7209389],[100.4566032,13.723629]],[[100.45811,13.7185509],[100.4577719,13.7204065]],[[100.4577719,13.7204065],[100.457639,13.7209389]]]},"properties":{"key":"Khlong Wat Pradu","name":"Khlong Wat Pradu","name_th":"คลองวัดประดู่","waterway":"canal","length_km":0.6,"risk":null,"risk_type":null,"note":null,"note_th":null,"curated":false}},{"type":"Feature","geometry":{"type":"MultiLineString","coordinates":[[[100.4527791,13.7100732],[100.4497955,13.7053355]]]},"properties":{"key":"Khlong Suan Luang Tai","name":"Khlong Suan Luang Tai","name_th":"คลองสวนหลวงใต้","waterway":"canal","length_km":0.6,"risk":null,"risk_type":null,"note":null,"note_th":null,"curated":false}},{"type":"Feature","geometry":{"type":"MultiLineString","coordinates":[[[100.4690262,13.6785693],[100.4674682,13.6778236],[100.4660382,13.677573],[100.4650468,13.6766233],[100.4643151,13.6766502]]]},"properties":{"key":"Khlong Wat Yai Rom","name":"Khlong Wat Yai Rom","name_th":"คลองวัดยายร่ม","waterway":"canal","length_km":0.6,"risk":null,"risk_type":null,"note":null,"note_th":null,"curated":false}},{"type":"Feature","geometry":{"type":"MultiLineString","coordinates":[[[100.4759254,13.6609224],[100.4700138,13.6601923]]]},"properties":{"key":"Khlong Phai Khuat","name":"Khlong Phai Khuat","name_th":"คลองไผ่ขวด","waterway":"ditch","length_km":0.6,"risk":null,"risk_type":null,"note":null,"note_th":null,"curated":false}},{"type":"Feature","geometry":{"type":"MultiLineString","coordinates":[[[100.4901654,13.718508],[100.4882094,13.7179986],[100.4853666,13.7166563]]]},"properties":{"key":"Sae Sim Canal","name":"Sae Sim Canal","name_th":"คลองแซ่ซิ้ม","waterway":"canal","length_km":0.6,"risk":null,"risk_type":null,"note":null,"note_th":null,"curated":false}},{"type":"Feature","geometry":{"type":"MultiLineString","coordinates":[[[100.4889084,13.724897],[100.4863233,13.7235993],[100.4847574,13.7258178]]]},"properties":{"key":"Surao Suan Phlu Canal","name":"Surao Suan Phlu Canal","name_th":"คลองสุเหร่าสวนพลู","waterway":"canal","length_km":0.6,"risk":null,"risk_type":null,"note":null,"note_th":null,"curated":false}},{"type":"Feature","geometry":{"type":"MultiLineString","coordinates":[[[100.4969372,13.6591131],[100.5005683,13.6568423],[100.4999285,13.6556445]]]},"properties":{"key":"Khlong Khang Soi Wichain","name":"Khlong Khang Soi Wichain","name_th":"คลองข้างซอยวิเชียร","waterway":"canal","length_km":0.6,"risk":null,"risk_type":null,"note":null,"note_th":null,"curated":false}},{"type":"Feature","geometry":{"type":"MultiLineString","coordinates":[[[100.4883362,13.737476],[100.4895488,13.7369608],[100.4924752,13.7337546]]]},"properties":{"key":"Buppharam Canal","name":"Buppharam Canal","name_th":"คลองบุปผาราม","waterway":"canal","length_km":0.6,"risk":null,"risk_type":null,"note":null,"note_th":null,"curated":false}},{"type":"Feature","geometry":{"type":"MultiLineString","coordinates":[[[100.4665746,13.7790822],[100.465591,13.7761502],[100.4653305,13.7740509]]]},"properties":{"key":"Khlong Wat Chao Am","name":"Khlong Wat Chao Am","name_th":"คลองวัดเจ้าอาม","waterway":"canal","length_km":0.6,"risk":null,"risk_type":null,"note":null,"note_th":null,"curated":false}},{"type":"Feature","geometry":{"type":"MultiLineString","coordinates":[[[100.4775905,13.70624],[100.4814188,13.7073147]],[[100.4817711,13.7074202],[100.4829032,13.7077845]],[[100.4814188,13.7073147],[100.4817711,13.7074202]]]},"properties":{"key":"Sutthawas Canal","name":"Sutthawas Canal","name_th":"คลองสุทธาวาส","waterway":"canal","length_km":0.6,"risk":null,"risk_type":null,"note":null,"note_th":null,"curated":false}},{"type":"Feature","geometry":{"type":"MultiLineString","coordinates":[[[100.6562486,13.8571145],[100.655524,13.8560895],[100.6553687,13.8521591]]]},"properties":{"key":"Lam Rang Yaek Khlong Chorakhe","name":"Lam Rang Yaek Khlong Chorakhe","name_th":"ลำรางแยกคลองจระเข้","waterway":"canal","length_km":0.6,"risk":null,"risk_type":null,"note":null,"note_th":null,"curated":false}},{"type":"Feature","geometry":{"type":"MultiLineString","coordinates":[[[100.4175055,13.5300351],[100.4176041,13.525978],[100.4180111,13.524859]]]},"properties":{"key":"Khlong Khang Roanrian","name":"Khlong Khang Roanrian","name_th":"คลองข้างโรงเรียน","waterway":"canal","length_km":0.6,"risk":null,"risk_type":null,"note":null,"note_th":null,"curated":false}},{"type":"Feature","geometry":{"type":"MultiLineString","coordinates":[[[100.349183,13.7978388],[100.3485683,13.8007065],[100.3485548,13.8032936]]]},"properties":{"key":"Khlong Soi #2","name":"Khlong Soi","name_th":"คลองซอย","waterway":"canal","length_km":0.6,"risk":null,"risk_type":null,"note":null,"note_th":null,"curated":false}},{"type":"Feature","geometry":{"type":"MultiLineString","coordinates":[[[100.5244983,13.7001151],[100.5206735,13.6957562]]]},"properties":{"key":"Khlong Wat Phai Ngoen","name":"Khlong Wat Phai Ngoen","name_th":"คลองวัดไผ่เงิน","waterway":"canal","length_km":0.6,"risk":null,"risk_type":null,"note":null,"note_th":null,"curated":false}},{"type":"Feature","geometry":{"type":"MultiLineString","coordinates":[[[100.6559152,13.7808823],[100.6553446,13.7808103],[100.6549502,13.7802707],[100.6545135,13.7782677],[100.6532061,13.7772256]]]},"properties":{"key":"ลำรางแยกคลองพังพวย ตอน 2","name":"ลำรางแยกคลองพังพวย ตอน 2","name_th":"ลำรางแยกคลองพังพวย ตอน 2","waterway":"canal","length_km":0.6,"risk":null,"risk_type":null,"note":null,"note_th":null,"curated":false}},{"type":"Feature","geometry":{"type":"MultiLineString","coordinates":[[[100.6969586,13.8202766],[100.6975934,13.8204133],[100.7003261,13.8190254],[100.700567,13.8176034]]]},"properties":{"key":"Khlong Phraya Suren 2","name":"Khlong Phraya Suren 2","name_th":"คลองพระยาสุเรนทร์ 2","waterway":"canal","length_km":0.6,"risk":null,"risk_type":null,"note":null,"note_th":null,"curated":false}},{"type":"Feature","geometry":{"type":"MultiLineString","coordinates":[[[100.6669817,13.8435173],[100.6670237,13.8430719],[100.6678472,13.8420182],[100.6706873,13.8394639]]]},"properties":{"key":"Lam Rang Yaek Khlong Kret","name":"Lam Rang Yaek Khlong Kret","name_th":"ลำรางแยกคลองเกร็ด","waterway":"canal","length_km":0.6,"risk":null,"risk_type":null,"note":null,"note_th":null,"curated":false}},{"type":"Feature","geometry":{"type":"MultiLineString","coordinates":[[[100.4979904,13.7299596],[100.501348,13.732446]],[[100.496594,13.7289278],[100.4973882,13.7295106]],[[100.4973882,13.7295106],[100.4979904,13.7299596]]]},"properties":{"key":"Khlong Ruam Mitr","name":"Khlong Ruam Mitr","name_th":"คลองร่วมมิตร","waterway":"canal","length_km":0.6,"risk":null,"risk_type":null,"note":null,"note_th":null,"curated":false}},{"type":"Feature","geometry":{"type":"MultiLineString","coordinates":[[[100.5165729,13.7162685],[100.5161645,13.7149145],[100.5176732,13.7140641],[100.5198592,13.713808]]]},"properties":{"key":"Khu Nam Wat Prok #2","name":"Khu Nam Wat Prok","name_th":"คูน้ำวัดปรก","waterway":"canal","length_km":0.6,"risk":null,"risk_type":null,"note":null,"note_th":null,"curated":false}},{"type":"Feature","geometry":{"type":"MultiLineString","coordinates":[[[100.5054801,13.5531457],[100.5049227,13.5500243],[100.5036302,13.5479726]]]},"properties":{"key":"คลองลัด","name":"คลองลัด","name_th":"คลองลัด","waterway":"river","length_km":0.6,"risk":null,"risk_type":null,"note":null,"note_th":null,"curated":false}},{"type":"Feature","geometry":{"type":"MultiLineString","coordinates":[[[100.6745217,13.5789675],[100.6747098,13.5776039],[100.6763474,13.5760389],[100.6771786,13.5745775]]]},"properties":{"key":"Khlong Thap Nang #2","name":"Khlong Thap Nang","name_th":"คลองทับนาง","waterway":"river","length_km":0.6,"risk":null,"risk_type":null,"note":null,"note_th":null,"curated":false}},{"type":"Feature","geometry":{"type":"MultiLineString","coordinates":[[[100.7643709,13.5021202],[100.7636876,13.496755]]]},"properties":{"key":"คลองเจริญราษฎร์","name":"คลองเจริญราษฎร์","name_th":"คลองเจริญราษฎร์","waterway":"canal","length_km":0.6,"risk":null,"risk_type":null,"note":null,"note_th":null,"curated":false}},{"type":"Feature","geometry":{"type":"MultiLineString","coordinates":[[[100.4820642,13.8062184],[100.4819747,13.800802]]]},"properties":{"key":"คลองวัดกระโจมทอง","name":"คลองวัดกระโจมทอง","name_th":"คลองวัดกระโจมทอง","waterway":"canal","length_km":0.6,"risk":null,"risk_type":null,"note":null,"note_th":null,"curated":false}},{"type":"Feature","geometry":{"type":"MultiLineString","coordinates":[[[100.6438019,13.8590353],[100.6448995,13.8538782]]]},"properties":{"key":"ลำรางข้างถนอมมิตร-ปาร์ค","name":"ลำรางข้างถนอมมิตร-ปาร์ค","name_th":"ลำรางข้างถนอมมิตร-ปาร์ค","waterway":"canal","length_km":0.6,"risk":null,"risk_type":null,"note":null,"note_th":null,"curated":false}},{"type":"Feature","geometry":{"type":"MultiLineString","coordinates":[[[100.4889216,13.7719205],[100.4893935,13.7727768],[100.4890174,13.7735928],[100.4882532,13.7742782],[100.4894504,13.7759898]]]},"properties":{"key":"คลองวัดน้อยนางหงษ์","name":"คลองวัดน้อยนางหงษ์","name_th":"คลองวัดน้อยนางหงษ์","waterway":"canal","length_km":0.6,"risk":null,"risk_type":null,"note":null,"note_th":null,"curated":false}},{"type":"Feature","geometry":{"type":"MultiLineString","coordinates":[[[100.274144,13.549532],[100.2749768,13.5455477]],[[100.2752052,13.5443701],[100.2752882,13.5440627]],[[100.2749768,13.5455477],[100.2752052,13.5443701]]]},"properties":{"key":"คลองทหารเรือ","name":"คลองทหารเรือ","name_th":"คลองทหารเรือ","waterway":"canal","length_km":0.6,"risk":null,"risk_type":null,"note":null,"note_th":null,"curated":false}},{"type":"Feature","geometry":{"type":"MultiLineString","coordinates":[[[100.564867,13.6408287],[100.560171,13.6378108]]]},"properties":{"key":"Khlong Ta Sia","name":"Khlong Ta Sia","name_th":"คลองตาเซียะ","waterway":"canal","length_km":0.6,"risk":null,"risk_type":null,"note":null,"note_th":null,"curated":false}},{"type":"Feature","geometry":{"type":"MultiLineString","coordinates":[[[100.5640578,14.0314331],[100.5654225,14.0317112],[100.569545,14.0312168]]]},"properties":{"key":"Khlong Bang Ka Phueng","name":"Khlong Bang Ka Phueng","name_th":"คลองบางกะผึ้ง","waterway":"canal","length_km":0.6,"risk":null,"risk_type":null,"note":null,"note_th":null,"curated":false}},{"type":"Feature","geometry":{"type":"MultiLineString","coordinates":[[[100.5508228,13.7429497],[100.550319,13.7483309]]]},"properties":{"key":"ลำรางเลียบทางรถไฟสายช่องนนทรี","name":"ลำรางเลียบทางรถไฟสายช่องนนทรี","name_th":"ลำรางเลียบทางรถไฟสายช่องนนทรี","waterway":"canal","length_km":0.6,"risk":null,"risk_type":null,"note":null,"note_th":null,"curated":false}},{"type":"Feature","geometry":{"type":"MultiLineString","coordinates":[[[100.8934283,13.565259],[100.893833,13.5626394]],[[100.8930656,13.5671489],[100.8937901,13.5667017],[100.8934629,13.5662689],[100.8934103,13.5653578]],[[100.8934103,13.5653578],[100.8934283,13.565259]]]},"properties":{"key":"คลองอ้อมหลังบ้าน","name":"คลองอ้อมหลังบ้าน","name_th":"คลองอ้อมหลังบ้าน","waterway":"canal","length_km":0.6,"risk":null,"risk_type":null,"note":null,"note_th":null,"curated":false}},{"type":"Feature","geometry":{"type":"MultiLineString","coordinates":[[[100.9257271,13.5319312],[100.9275135,13.5295647],[100.927213,13.5272174]]]},"properties":{"key":"คลองตาหลอม","name":"คลองตาหลอม","name_th":"คลองตาหลอม","waterway":"canal","length_km":0.6,"risk":null,"risk_type":null,"note":null,"note_th":null,"curated":false}},{"type":"Feature","geometry":{"type":"MultiLineString","coordinates":[[[100.249307,13.6786729],[100.2483964,13.6787395],[100.2486905,13.6814497],[100.2485847,13.6835174]]]},"properties":{"key":"คลองสวนผัก #2","name":"คลองสวนผัก","name_th":"คลองสวนผัก","waterway":"canal","length_km":0.6,"risk":null,"risk_type":null,"note":null,"note_th":null,"curated":false}},{"type":"Feature","geometry":{"type":"MultiLineString","coordinates":[[[100.5562119,13.7595723],[100.5548787,13.7560025]],[[100.5567483,13.7611207],[100.5563104,13.7598668]],[[100.5563104,13.7598668],[100.5562119,13.7595723]]]},"properties":{"key":"คูข้างโบสถ์แม่พระฟาติมา","name":"คูข้างโบสถ์แม่พระฟาติมา","name_th":"คูข้างโบสถ์แม่พระฟาติมา","waterway":"canal","length_km":0.6,"risk":null,"risk_type":null,"note":null,"note_th":null,"curated":false}},{"type":"Feature","geometry":{"type":"MultiLineString","coordinates":[[[100.4547524,13.8029836],[100.4509009,13.7988122]]]},"properties":{"key":"คลองโรงหมู","name":"คลองโรงหมู","name_th":"คลองโรงหมู","waterway":"canal","length_km":0.6,"risk":null,"risk_type":null,"note":null,"note_th":null,"curated":false}},{"type":"Feature","geometry":{"type":"MultiLineString","coordinates":[[[100.6956818,13.801706],[100.7004267,13.8046054]]]},"properties":{"key":"Lam Rang Yaek Ban Ko","name":"Lam Rang Yaek Ban Ko","name_th":"ลำรางแยกบ้านเกาะ","waterway":"canal","length_km":0.6,"risk":null,"risk_type":null,"note":null,"note_th":null,"curated":false}},{"type":"Feature","geometry":{"type":"MultiLineString","coordinates":[[[100.7113454,13.8010696],[100.7078404,13.8044181]],[[100.7078404,13.8044181],[100.7075447,13.8051159]]]},"properties":{"key":"ลำรางข้างวัดบำเพ็ญเหนือ","name":"ลำรางข้างวัดบำเพ็ญเหนือ","name_th":"ลำรางข้างวัดบำเพ็ญเหนือ","waterway":"canal","length_km":0.6,"risk":null,"risk_type":null,"note":null,"note_th":null,"curated":false}},{"type":"Feature","geometry":{"type":"MultiLineString","coordinates":[[[100.6694757,13.8094728],[100.6742362,13.8118799]]]},"properties":{"key":"Lam Rang Khae Rai","name":"Lam Rang Khae Rai","name_th":"ลำรางแคราย","waterway":"canal","length_km":0.6,"risk":null,"risk_type":null,"note":null,"note_th":null,"curated":false}},{"type":"Feature","geometry":{"type":"MultiLineString","coordinates":[[[100.6721027,13.8051239],[100.6694757,13.8094728]]]},"properties":{"key":"สวนชุมชนปัฐวิกรณ์ 1","name":"สวนชุมชนปัฐวิกรณ์ 1","name_th":"สวนชุมชนปัฐวิกรณ์ 1","waterway":"canal","length_km":0.6,"risk":null,"risk_type":null,"note":null,"note_th":null,"curated":false}},{"type":"Feature","geometry":{"type":"MultiLineString","coordinates":[[[100.7154934,13.794427],[100.7143455,13.7936416],[100.7117626,13.7906316]]]},"properties":{"key":"ลำรางหลังชุมชนธนากร","name":"ลำรางหลังชุมชนธนากร","name_th":"ลำรางหลังชุมชนธนากร","waterway":"canal","length_km":0.6,"risk":null,"risk_type":null,"note":null,"note_th":null,"curated":false}},{"type":"Feature","geometry":{"type":"MultiLineString","coordinates":[[[100.8374968,13.7674515],[100.83757,13.7648384],[100.8396668,13.7628291]]]},"properties":{"key":"คลองตาเกษม","name":"คลองตาเกษม","name_th":"คลองตาเกษม","waterway":"canal","length_km":0.6,"risk":null,"risk_type":null,"note":null,"note_th":null,"curated":false}},{"type":"Feature","geometry":{"type":"MultiLineString","coordinates":[[[100.5518396,13.7496447],[100.5513241,13.748279]],[[100.5519367,13.7500562],[100.5518396,13.7496447]],[[100.5529211,13.7527794],[100.5519367,13.7500562]]]},"properties":{"key":"คลองคู่ข้างโรงพยาบาลรถไฟมักกะสัน","name":"คลองคู่ข้างโรงพยาบาลรถไฟมักกะสัน","name_th":"คลองคู่ข้างโรงพยาบาลรถไฟมักกะสัน","waterway":"canal","length_km":0.5,"risk":null,"risk_type":null,"note":null,"note_th":null,"curated":false}},{"type":"Feature","geometry":{"type":"MultiLineString","coordinates":[[[100.5938897,13.8108207],[100.5915585,13.8109034],[100.5889157,13.8104482]]]},"properties":{"key":"Khlong Nong Bon #2","name":"Khlong Nong Bon","name_th":"คลองหนองบอน","waterway":"river","length_km":0.5,"risk":null,"risk_type":null,"note":null,"note_th":null,"curated":false}},{"type":"Feature","geometry":{"type":"MultiLineString","coordinates":[[[100.4728267,13.781977],[100.4759873,13.7793325]]]},"properties":{"key":"คลองขวาง #2","name":"คลองขวาง","name_th":"คลองขวาง","waterway":"canal","length_km":0.5,"risk":null,"risk_type":null,"note":null,"note_th":null,"curated":false}},{"type":"Feature","geometry":{"type":"MultiLineString","coordinates":[[[100.4830818,13.7522863],[100.484307,13.7521591],[100.4852494,13.75156],[100.4876545,13.7515499]]]},"properties":{"key":"Khlong Wat Rakhang","name":"Khlong Wat Rakhang","name_th":"คลองวัดระฆัง","waterway":"canal","length_km":0.5,"risk":null,"risk_type":null,"note":null,"note_th":null,"curated":false}},{"type":"Feature","geometry":{"type":"MultiLineString","coordinates":[[[100.4596804,13.6701079],[100.4643743,13.6710203]]]},"properties":{"key":"Khlong Ta Ho","name":"Khlong Ta Ho","name_th":"คลองตาโฮ้","waterway":"ditch","length_km":0.5,"risk":null,"risk_type":null,"note":null,"note_th":null,"curated":false}},{"type":"Feature","geometry":{"type":"MultiLineString","coordinates":[[[100.5357085,13.745536],[100.5363979,13.7496288]]]},"properties":{"key":"Khlong Orachon","name":"Khlong Orachon","name_th":"คลองอรชร","waterway":"canal","length_km":0.5,"risk":null,"risk_type":null,"note":null,"note_th":null,"curated":false}},{"type":"Feature","geometry":{"type":"MultiLineString","coordinates":[[[100.5242406,13.7316222],[100.5247967,13.7313626],[100.5268455,13.728604]],[[100.5269748,13.7284513],[100.5270242,13.7283705]],[[100.5270242,13.7283705],[100.5270532,13.7283254]],[[100.5268455,13.728604],[100.5269748,13.7284513]]]},"properties":{"key":"Khlong Hua Lamphong Kao","name":"Khlong Hua Lamphong Kao","name_th":"คลองหัวลำโพงเก่า","waterway":"river","length_km":0.5,"risk":null,"risk_type":null,"note":null,"note_th":null,"curated":false}},{"type":"Feature","geometry":{"type":"MultiLineString","coordinates":[[[100.4707389,13.7088524],[100.4665787,13.7109373]]]},"properties":{"key":"Khlong Chin","name":"Khlong Chin","name_th":"คลองจีน","waterway":"canal","length_km":0.5,"risk":null,"risk_type":null,"note":null,"note_th":null,"curated":false}},{"type":"Feature","geometry":{"type":"MultiLineString","coordinates":[[[100.4881262,13.7648108],[100.4885043,13.7633222],[100.4901881,13.7611741]]]},"properties":{"key":"Khlong Wat Dusidaram","name":"Khlong Wat Dusidaram","name_th":"คลองวัดดุสิดาราม","waterway":"canal","length_km":0.5,"risk":null,"risk_type":null,"note":null,"note_th":null,"curated":false}},{"type":"Feature","geometry":{"type":"MultiLineString","coordinates":[[[100.497711,13.6607496],[100.501562,13.6581535]]]},"properties":{"key":"Khlong Pak Lat Yan Yon","name":"Khlong Pak Lat Yan Yon","name_th":"คลองปากลัดยานยนต์","waterway":"canal","length_km":0.5,"risk":null,"risk_type":null,"note":null,"note_th":null,"curated":false}},{"type":"Feature","geometry":{"type":"MultiLineString","coordinates":[[[100.5987627,13.7078399],[100.5970917,13.710619]],[[100.5972657,13.7070908],[100.5987627,13.7078399]]]},"properties":{"key":"Khlong Intanin","name":"Khlong Intanin","name_th":"คลองอินทนิน","waterway":"canal","length_km":0.5,"risk":null,"risk_type":null,"note":null,"note_th":null,"curated":false}},{"type":"Feature","geometry":{"type":"MultiLineString","coordinates":[[[100.6594153,13.8073855],[100.656554,13.8060496],[100.6567389,13.8044949]]]},"properties":{"key":"Khlong Buapkhom #2","name":"Khlong Buapkhom","name_th":"คลองบวบขม","waterway":"canal","length_km":0.5,"risk":null,"risk_type":null,"note":null,"note_th":null,"curated":false}},{"type":"Feature","geometry":{"type":"MultiLineString","coordinates":[[[100.7720016,13.7409195],[100.7763684,13.7409163]]]},"properties":{"key":"คลองลำรางชวดด้วน #2","name":"คลองลำรางชวดด้วน","name_th":"คลองลำรางชวดด้วน","waterway":"canal","length_km":0.5,"risk":null,"risk_type":null,"note":null,"note_th":null,"curated":false}},{"type":"Feature","geometry":{"type":"MultiLineString","coordinates":[[[100.6634137,13.7401784],[100.662573,13.7400285],[100.6591589,13.7383185]]]},"properties":{"key":"Khlong Bueng Ban Ma","name":"Khlong Bueng Ban Ma","name_th":"คลองบึงบ้านม้า","waterway":"canal","length_km":0.5,"risk":null,"risk_type":null,"note":null,"note_th":null,"curated":false}},{"type":"Feature","geometry":{"type":"MultiLineString","coordinates":[[[100.5204116,13.7521129],[100.5206528,13.7534757]],[[100.5208337,13.7546983],[100.5210008,13.7563618]],[[100.5206528,13.7534757],[100.5206716,13.7535729]],[[100.5208284,13.7546291],[100.5208337,13.7546983]],[[100.5206716,13.7535729],[100.5208284,13.7546291]]]},"properties":{"key":"Klong Som Poi","name":"Klong Som Poi","name_th":"คลองส้มป่อย","waterway":"canal","length_km":0.5,"risk":null,"risk_type":null,"note":null,"note_th":null,"curated":false}},{"type":"Feature","geometry":{"type":"MultiLineString","coordinates":[[[100.4200792,13.5450517],[100.4241054,13.5474479]]]},"properties":{"key":"Khlong SI","name":"Khlong SI","name_th":"คลองสี่","waterway":"canal","length_km":0.5,"risk":null,"risk_type":null,"note":null,"note_th":null,"curated":false}},{"type":"Feature","geometry":{"type":"MultiLineString","coordinates":[[[100.3974687,13.7320125],[100.3975438,13.7326222],[100.3981124,13.7327473],[100.3994253,13.7295618]]]},"properties":{"key":"คลองนายย้ง","name":"คลองนายย้ง","name_th":"คลองนายย้ง","waterway":"canal","length_km":0.5,"risk":null,"risk_type":null,"note":null,"note_th":null,"curated":false}},{"type":"Feature","geometry":{"type":"MultiLineString","coordinates":[[[100.4580163,13.6429868],[100.4596784,13.6390156]]]},"properties":{"key":"คลองลำรางสาธารณะ","name":"คลองลำรางสาธารณะ","name_th":"คลองลำรางสาธารณะ","waterway":"canal","length_km":0.5,"risk":null,"risk_type":null,"note":null,"note_th":null,"curated":false}},{"type":"Feature","geometry":{"type":"MultiLineString","coordinates":[[[100.4246828,13.7576388],[100.4240596,13.7527703]]]},"properties":{"key":"Khlong Lat Yai Phoem","name":"Khlong Lat Yai Phoem","name_th":"คลองลัดยายเพิ่ม","waterway":"canal","length_km":0.5,"risk":null,"risk_type":null,"note":null,"note_th":null,"curated":false}},{"type":"Feature","geometry":{"type":"MultiLineString","coordinates":[[[100.4446298,13.7809],[100.4441186,13.7845072],[100.4445911,13.7850112]]]},"properties":{"key":"Khlong Khun Chan","name":"Khlong Khun Chan","name_th":"คลองขุนจันทร์","waterway":"canal","length_km":0.5,"risk":null,"risk_type":null,"note":null,"note_th":null,"curated":false}},{"type":"Feature","geometry":{"type":"MultiLineString","coordinates":[[[100.700567,13.8176034],[100.6966829,13.8154018]]]},"properties":{"key":"Khlong Phraya Suren 1","name":"Khlong Phraya Suren 1","name_th":"คลองพระยาสุเรนทร์ 1","waterway":"river","length_km":0.5,"risk":null,"risk_type":null,"note":null,"note_th":null,"curated":false}},{"type":"Feature","geometry":{"type":"MultiLineString","coordinates":[[[100.5033521,13.7901498],[100.5067781,13.7875239]]]},"properties":{"key":"คลองมานะจิตต์","name":"คลองมานะจิตต์","name_th":"คลองมานะจิตต์","waterway":"canal","length_km":0.5,"risk":null,"risk_type":null,"note":null,"note_th":null,"curated":false}},{"type":"Feature","geometry":{"type":"MultiLineString","coordinates":[[[100.6431058,13.8319589],[100.6392958,13.8296401]]]},"properties":{"key":"Lam Rang Yaek Khlong Bang Khuat Section 2","name":"Lam Rang Yaek Khlong Bang Khuat Section 2","name_th":"ลำรางแยกคลองบางขวด ตอน 2","waterway":"canal","length_km":0.5,"risk":null,"risk_type":null,"note":null,"note_th":null,"curated":false}},{"type":"Feature","geometry":{"type":"MultiLineString","coordinates":[[[100.477764,13.7433768],[100.477347,13.7407143],[100.4777854,13.7389444]]]},"properties":{"key":"Khlong Yaek Wat Arun","name":"Khlong Yaek Wat Arun","name_th":"คลองแยกวัดอรุณ","waterway":"canal","length_km":0.5,"risk":null,"risk_type":null,"note":null,"note_th":null,"curated":false}},{"type":"Feature","geometry":{"type":"MultiLineString","coordinates":[[[100.8868934,13.8561901],[100.8862222,13.8559595],[100.8854367,13.8520705]]]},"properties":{"key":"คลองสุเหร่าใหม่","name":"คลองสุเหร่าใหม่","name_th":"คลองสุเหร่าใหม่","waterway":"canal","length_km":0.5,"risk":null,"risk_type":null,"note":null,"note_th":null,"curated":false}},{"type":"Feature","geometry":{"type":"MultiLineString","coordinates":[[[100.5237813,13.8909164],[100.5219961,13.8868196]]]},"properties":{"key":"Lamrang Dong Tan","name":"Lamrang Dong Tan","name_th":"ลำรางดงตาล","waterway":"canal","length_km":0.5,"risk":null,"risk_type":null,"note":null,"note_th":null,"curated":false}},{"type":"Feature","geometry":{"type":"MultiLineString","coordinates":[[[100.2254321,13.8114189],[100.2261487,13.8121108],[100.2266654,13.8122343],[100.2280792,13.8120394],[100.2289803,13.8111439]]]},"properties":{"key":"Khlong Maha Sawat #2","name":"Khlong Maha Sawat","name_th":"คลองมหาสวัสดิ์","waterway":"canal","length_km":0.5,"risk":2,"risk_type":"mixed","note":"Historic Rama V irrigation canal linking the Tha Chin lowlands to the western Bangkok network. Irrigation gates at both heads — Chimpli on the Chao Phraya side, Maha Sawat on the Tha Chin side — manage the exchange between the two rivers as part of the flood-relief landscape on the city's western approach.","note_th":"คลองชลประทานสมัยรัชกาลที่ 5 เชื่อมที่ลุ่มท่าจีนเข้ากับเครือข่ายคลองฝั่งตะวันตกของกรุงเทพฯ หัวคลองสองปลายมีประตูน้ำฉิมพลี (ฝั่งเจ้าพระยา) และประตูน้ำมหาสวัสดิ์ (ฝั่งท่าจีน) ที่การชลประทานบริหาร — ทิศไหลระหว่างสองแม่น้ำตามการทำงานชลประทาน เป็นส่วนหนึ่งของระบบบรรเทาน้ำท่วมทางเข้าเมืองฝั่งตะวันตก","curated":true}},{"type":"Feature","geometry":{"type":"MultiLineString","coordinates":[[[100.5296883,13.8886838],[100.5291262,13.88675],[100.5287152,13.8865959],[100.5286139,13.8849735]]]},"properties":{"key":"Lamrang Nong Takoen","name":"Lamrang Nong Takoen","name_th":"ลำรางหนองตาเกิ้น","waterway":"canal","length_km":0.5,"risk":null,"risk_type":null,"note":null,"note_th":null,"curated":false}},{"type":"Feature","geometry":{"type":"MultiLineString","coordinates":[[[100.5277265,13.880812],[100.5285299,13.8849656]]]},"properties":{"key":"Khlong Lam Sua Tai","name":"Khlong Lam Sua Tai","name_th":"คลองลำเสือตาย","waterway":"canal","length_km":0.5,"risk":null,"risk_type":null,"note":null,"note_th":null,"curated":false}},{"type":"Feature","geometry":{"type":"MultiLineString","coordinates":[[[100.5689746,13.9280776],[100.569053,13.9288619],[100.5683908,13.9297656],[100.5693778,13.9321788]]]},"properties":{"key":"ลำรางสาธารณะหน้าวัดพุทธสยาม (วัดสีกัน)","name":"ลำรางสาธารณะหน้าวัดพุทธสยาม (วัดสีกัน)","name_th":"ลำรางสาธารณะหน้าวัดพุทธสยาม (วัดสีกัน)","waterway":"canal","length_km":0.5,"risk":null,"risk_type":null,"note":null,"note_th":null,"curated":false}},{"type":"Feature","geometry":{"type":"MultiLineString","coordinates":[[[100.6483804,13.8326803],[100.6460741,13.8288838]]]},"properties":{"key":"Lam Rang Krabue Section 1","name":"Lam Rang Krabue Section 1","name_th":"ลำรางกระบือ ตอน 1","waterway":"canal","length_km":0.5,"risk":null,"risk_type":null,"note":null,"note_th":null,"curated":false}},{"type":"Feature","geometry":{"type":"MultiLineString","coordinates":[[[100.7036512,13.5111275],[100.7025671,13.5068224]]]},"properties":{"key":"คลองบางปลาร้า","name":"คลองบางปลาร้า","name_th":"คลองบางปลาร้า","waterway":"canal","length_km":0.5,"risk":null,"risk_type":null,"note":null,"note_th":null,"curated":false}},{"type":"Feature","geometry":{"type":"MultiLineString","coordinates":[[[100.3947082,13.5024207],[100.3952318,13.5020847],[100.399224,13.5026078]]]},"properties":{"key":"คลองตาแม้น","name":"คลองตาแม้น","name_th":"คลองตาแม้น","waterway":"canal","length_km":0.5,"risk":null,"risk_type":null,"note":null,"note_th":null,"curated":false}},{"type":"Feature","geometry":{"type":"MultiLineString","coordinates":[[[100.6737153,13.7945967],[100.6706209,13.7936094]],[[100.6705247,13.7935695],[100.6689817,13.7929303]],[[100.6706209,13.7936094],[100.6705247,13.7935695]]]},"properties":{"key":"Lamrang Muban Sahakon","name":"Lamrang Muban Sahakon","name_th":"ลำรางหมู่บ้านสหกรณ์","waterway":"canal","length_km":0.5,"risk":null,"risk_type":null,"note":null,"note_th":null,"curated":false}},{"type":"Feature","geometry":{"type":"MultiLineString","coordinates":[[[100.6035053,13.7662563],[100.6005233,13.7627563]]]},"properties":{"key":"ลำรางเลียบถนนศรีวรา","name":"ลำรางเลียบถนนศรีวรา","name_th":"ลำรางเลียบถนนศรีวรา","waterway":"canal","length_km":0.5,"risk":null,"risk_type":null,"note":null,"note_th":null,"curated":false}},{"type":"Feature","geometry":{"type":"MultiLineString","coordinates":[[[100.5103124,13.9104432],[100.5100963,13.9082063]],[[100.5108156,13.9123599],[100.5103247,13.9105495]],[[100.5103247,13.9105495],[100.5103124,13.9104432]]]},"properties":{"key":"Khlong Sam Ngam","name":"Khlong Sam Ngam","name_th":"คลองสามง่าม","waterway":"canal","length_km":0.5,"risk":null,"risk_type":null,"note":null,"note_th":null,"curated":false}},{"type":"Feature","geometry":{"type":"MultiLineString","coordinates":[[[100.8744029,13.5755411],[100.8736252,13.5742525],[100.8736038,13.5736998],[100.87473,13.5719758]]]},"properties":{"key":"คลองบางกระยางล่าง","name":"คลองบางกระยางล่าง","name_th":"คลองบางกระยางล่าง","waterway":"canal","length_km":0.5,"risk":null,"risk_type":null,"note":null,"note_th":null,"curated":false}},{"type":"Feature","geometry":{"type":"MultiLineString","coordinates":[[[100.5369459,13.7736896],[100.5348552,13.7703414]],[[100.5346683,13.7700182],[100.5343796,13.7695157]],[[100.5348552,13.7703414],[100.5346683,13.7700182]]]},"properties":{"key":"ลำรางซอยอารีย์สัมพันธ์ 1","name":"ลำรางซอยอารีย์สัมพันธ์ 1","name_th":"ลำรางซอยอารีย์สัมพันธ์ 1","waterway":"canal","length_km":0.5,"risk":null,"risk_type":null,"note":null,"note_th":null,"curated":false}},{"type":"Feature","geometry":{"type":"MultiLineString","coordinates":[[[100.6482225,13.8596778],[100.6489624,13.8550387]]]},"properties":{"key":"ลำรางข้างหมู่บ้านชวนชื่น","name":"ลำรางข้างหมู่บ้านชวนชื่น","name_th":"ลำรางข้างหมู่บ้านชวนชื่น","waterway":"ditch","length_km":0.5,"risk":null,"risk_type":null,"note":null,"note_th":null,"curated":false}},{"type":"Feature","geometry":{"type":"MultiLineString","coordinates":[[[100.4082098,13.8478082],[100.4082698,13.8483394],[100.4087362,13.8482754],[100.4089508,13.8487655],[100.4095011,13.8489545],[100.4095388,13.8502062],[100.4091855,13.8511296]]]},"properties":{"key":"คลองส้มป่อย","name":"คลองส้มป่อย","name_th":"คลองส้มป่อย","waterway":"canal","length_km":0.5,"risk":null,"risk_type":null,"note":null,"note_th":null,"curated":false}},{"type":"Feature","geometry":{"type":"MultiLineString","coordinates":[[[100.6336535,13.9074632],[100.6341229,13.9064577],[100.6343604,13.9043613]],[[100.6333427,13.9089924],[100.6335894,13.9077199]],[[100.6335894,13.9077199],[100.6336535,13.9074632]]]},"properties":{"key":"Khlong Khang Wat Ko","name":"Khlong Khang Wat Ko","name_th":"คลองข้างวัดเกาะ","waterway":"canal","length_km":0.5,"risk":null,"risk_type":null,"note":null,"note_th":null,"curated":false}},{"type":"Feature","geometry":{"type":"MultiLineString","coordinates":[[[100.4839619,13.7829059],[100.4796609,13.7851993]]]},"properties":{"key":"คลองวัดรวก","name":"คลองวัดรวก","name_th":"คลองวัดรวก","waterway":"canal","length_km":0.5,"risk":null,"risk_type":null,"note":null,"note_th":null,"curated":false}},{"type":"Feature","geometry":{"type":"MultiLineString","coordinates":[[[100.3541789,13.6869557],[100.3554478,13.682946]]]},"properties":{"key":"คลองคำหริ่ม","name":"คลองคำหริ่ม","name_th":"คลองคำหริ่ม","waterway":"canal","length_km":0.5,"risk":null,"risk_type":null,"note":null,"note_th":null,"curated":false}},{"type":"Feature","geometry":{"type":"MultiLineString","coordinates":[[[100.5968988,13.7103513],[100.5964583,13.7091989],[100.5960828,13.7089526],[100.5937832,13.7092085]]]},"properties":{"key":"Khlong Phra Khanong #2","name":"Khlong Phra Khanong","name_th":"คลองพระโขนง","waterway":"river","length_km":0.4,"risk":3,"risk_type":"mixed","note":"Main Sukhumvit-side drainage — the collection sump of the eastern drainage cone. Water flows toward the mouth, where the Lat Pho 8-gate barrage and Phra Khanong pumping station (173 m³/s, the city's largest) decide the outflow: gates shut against high tide while pumps lift water into the river. The far end continues as Khlong Prawet Burirom toward the Bang Pakong River.","note_th":"ทางระบายน้ำหลักฝั่งสุขุมวิท — \"ปลายท่อรวม\" ของกรวยระบายฝั่งตะวันออก น้ำไหลเข้าหาปากคลองซึ่งคุมด้วยประตูระบายน้ำคลองลัดโพธิ์ 8 ประตู และสถานีสูบน้ำพระโขนง (173 ลบ.ม./วินาที ใหญ่สุดใน กทม.) — ช่วงน้ำทะเลหนุนปิดประตูแล้วปั๊มสูบออกแม่น้ำ ปลายตะวันออกไหลต่อเป็นคลองประเวศบุรีรมย์สู่บางปะกง","curated":true}},{"type":"Feature","geometry":{"type":"MultiLineString","coordinates":[[[100.4648075,13.6664464],[100.4683438,13.6669492]]]},"properties":{"key":"คลองบางมด 1","name":"คลองบางมด 1","name_th":"คลองบางมด 1","waterway":"ditch","length_km":0.4,"risk":null,"risk_type":null,"note":null,"note_th":null,"curated":false}},{"type":"Feature","geometry":{"type":"MultiLineString","coordinates":[[[100.4865701,13.744392],[100.4868853,13.7442057],[100.4883331,13.7411825]]]},"properties":{"key":"Khlong Ban Mo","name":"Khlong Ban Mo","name_th":"คลองบ้านหม้อ","waterway":"canal","length_km":0.4,"risk":null,"risk_type":null,"note":null,"note_th":null,"curated":false}},{"type":"Feature","geometry":{"type":"MultiLineString","coordinates":[[[100.4627682,13.7178785],[100.4633376,13.7147527]]]},"properties":{"key":"คลองตาม่วง","name":"คลองตาม่วง","name_th":"คลองตาม่วง","waterway":"canal","length_km":0.4,"risk":null,"risk_type":null,"note":null,"note_th":null,"curated":false}},{"type":"Feature","geometry":{"type":"MultiLineString","coordinates":[[[100.6031028,13.8881277],[100.6014646,13.8849815]]]},"properties":{"key":"ลำรางแยกคลองรางอ้อ - รางแก้ว","name":"ลำรางแยกคลองรางอ้อ - รางแก้ว","name_th":"ลำรางแยกคลองรางอ้อ - รางแก้ว","waterway":"canal","length_km":0.4,"risk":null,"risk_type":null,"note":null,"note_th":null,"curated":false}},{"type":"Feature","geometry":{"type":"MultiLineString","coordinates":[[[100.4712845,13.710181],[100.4676948,13.7118044]]]},"properties":{"key":"คลองวัดใหม่ยายนุ้ย","name":"คลองวัดใหม่ยายนุ้ย","name_th":"คลองวัดใหม่ยายนุ้ย","waterway":"canal","length_km":0.4,"risk":null,"risk_type":null,"note":null,"note_th":null,"curated":false}},{"type":"Feature","geometry":{"type":"MultiLineString","coordinates":[[[100.5252582,13.7492479],[100.5241443,13.7488571]],[[100.523816,13.748827],[100.5222584,13.7484555]],[[100.5241443,13.7488571],[100.5239419,13.7488315]],[[100.5239419,13.7488315],[100.523816,13.748827]],[[100.5222451,13.7484507],[100.5213545,13.7482279]],[[100.5222584,13.7484555],[100.5222451,13.7484507]]]},"properties":{"key":"Klong Charoenpol","name":"Klong Charoenpol","name_th":"คลองเจริญผล","waterway":"canal","length_km":0.4,"risk":null,"risk_type":null,"note":null,"note_th":null,"curated":false}},{"type":"Feature","geometry":{"type":"MultiLineString","coordinates":[[[100.507762,13.706986],[100.5051185,13.7092187]]]},"properties":{"key":"คลองบ้านใหม่","name":"คลองบ้านใหม่","name_th":"คลองบ้านใหม่","waterway":"canal","length_km":0.4,"risk":null,"risk_type":null,"note":null,"note_th":null,"curated":false}},{"type":"Feature","geometry":{"type":"MultiLineString","coordinates":[[[100.4632022,13.7974016],[100.4608463,13.7948241]]]},"properties":{"key":"คลองผู้ใหญ่น่วม","name":"คลองผู้ใหญ่น่วม","name_th":"คลองผู้ใหญ่น่วม","waterway":"canal","length_km":0.4,"risk":null,"risk_type":null,"note":null,"note_th":null,"curated":false}},{"type":"Feature","geometry":{"type":"MultiLineString","coordinates":[[[100.4834657,13.7060614],[100.4844315,13.7026661]]]},"properties":{"key":"Bang Namchon Canal #2","name":"Bang Namchon Canal","name_th":"คลองบางน้ำชน","waterway":"canal","length_km":0.4,"risk":null,"risk_type":null,"note":null,"note_th":null,"curated":false}},{"type":"Feature","geometry":{"type":"MultiLineString","coordinates":[[[100.5224099,13.7724132],[100.5225064,13.7756254]]]},"properties":{"key":"Klong Ratchawithi","name":"Klong Ratchawithi","name_th":"คลองราชวิถี","waterway":"canal","length_km":0.4,"risk":null,"risk_type":null,"note":null,"note_th":null,"curated":false}},{"type":"Feature","geometry":{"type":"MultiLineString","coordinates":[[[100.5250135,13.7205173],[100.5235867,13.724113]],[[100.5250652,13.7203591],[100.5250135,13.7205173]],[[100.5250684,13.7203493],[100.5250652,13.7203591]]]},"properties":{"key":"คลองสุรศักดิ์","name":"คลองสุรศักดิ์","name_th":"คลองสุรศักดิ์","waterway":"canal","length_km":0.4,"risk":null,"risk_type":null,"note":null,"note_th":null,"curated":false}},{"type":"Feature","geometry":{"type":"MultiLineString","coordinates":[[[100.423604,13.5470323],[100.4268831,13.5489341]]]},"properties":{"key":"Khlong SI #2","name":"Khlong SI","name_th":"คลองสี่","waterway":"canal","length_km":0.4,"risk":null,"risk_type":null,"note":null,"note_th":null,"curated":false}},{"type":"Feature","geometry":{"type":"MultiLineString","coordinates":[[[100.4686174,13.665792],[100.4649071,13.6650991]]]},"properties":{"key":"คลองบางมด 2","name":"คลองบางมด 2","name_th":"คลองบางมด 2","waterway":"canal","length_km":0.4,"risk":null,"risk_type":null,"note":null,"note_th":null,"curated":false}},{"type":"Feature","geometry":{"type":"MultiLineString","coordinates":[[[100.4993477,13.6541328],[100.4963049,13.6561408]]]},"properties":{"key":"Khlong Khang Rong Rian Khachon Rot","name":"Khlong Khang Rong Rian Khachon Rot","name_th":"คลองข้างโรงเรียนขจรโรจน์","waterway":"canal","length_km":0.4,"risk":null,"risk_type":null,"note":null,"note_th":null,"curated":false}},{"type":"Feature","geometry":{"type":"MultiLineString","coordinates":[[[100.506676,13.78199],[100.5036621,13.7832974]]]},"properties":{"key":"คลองอั๊งโล่","name":"คลองอั๊งโล่","name_th":"คลองอั๊งโล่","waterway":"canal","length_km":0.4,"risk":null,"risk_type":null,"note":null,"note_th":null,"curated":false}},{"type":"Feature","geometry":{"type":"MultiLineString","coordinates":[[[100.6048186,13.8428177],[100.6019424,13.8404111]]]},"properties":{"key":"Khlong Yaek Wat Lat Pla Khao","name":"Khlong Yaek Wat Lat Pla Khao","name_th":"คลองแยกวัดลาดปลาเค้า","waterway":"canal","length_km":0.4,"risk":null,"risk_type":null,"note":null,"note_th":null,"curated":false}},{"type":"Feature","geometry":{"type":"MultiLineString","coordinates":[[[100.5601102,13.9061722],[100.5605455,13.9060505]],[[100.5571409,13.90639],[100.5573026,13.9063767]],[[100.5573026,13.9063767],[100.5574892,13.9063614]],[[100.5574892,13.9063614],[100.5578995,13.9063411]],[[100.5578995,13.9063411],[100.5580038,13.9063425]],[[100.5580038,13.9063425],[100.5584653,13.9063118]],[[100.5584653,13.9063118],[100.5585402,13.9063098]],[[100.5585402,13.9063098],[100.5590018,13.9063113]],[[100.5590018,13.9063113],[100.5590605,13.9063101]],[[100.5590605,13.9063101],[100.5595348,13.9062813]],[[100.5595348,13.9062813],[100.5596085,13.9062681]],[[100.5596085,13.9062681],[100.5600525,13.9061844]],[[100.5600525,13.9061844],[100.5601102,13.9061722]],[[100.5608495,13.9059287],[100.5611168,13.9058338]],[[100.5605455,13.9060505],[100.5608495,13.9059287]]]},"properties":{"key":"Khlong Bang Phut #2","name":"Khlong Bang Phut","name_th":"คลองบางพูด","waterway":"ditch","length_km":0.4,"risk":2,"risk_type":"tidal","note":"Pak Kret-side canal (Nonthaburi fringe); tidal influence from the river.","note_th":"คลองฝั่งปากเกร็ด (ชายเขตนนทบุรี) รับอิทธิพลน้ำขึ้นน้ำลงจากแม่น้ำ","curated":true}},{"type":"Feature","geometry":{"type":"MultiLineString","coordinates":[[[100.6509361,13.825515],[100.64722,13.8252017]]]},"properties":{"key":"Lam Rang Yaek Khlong Bang Khuat Section 3","name":"Lam Rang Yaek Khlong Bang Khuat Section 3","name_th":"ลำรางแยกคลองบางขวด ตอน 3","waterway":"canal","length_km":0.4,"risk":null,"risk_type":null,"note":null,"note_th":null,"curated":false}},{"type":"Feature","geometry":{"type":"MultiLineString","coordinates":[[[100.596408,13.7738169],[100.5930727,13.7740227]]]},"properties":{"key":"Lam Rang Yaek Khlong Lat Phrao Bon","name":"Lam Rang Yaek Khlong Lat Phrao Bon","name_th":"ลำรางแยกคลองลาดพร้าวบน","waterway":"canal","length_km":0.4,"risk":2,"risk_type":"flash","note":"Urban drainage canal behind Lat Phrao Rd. Rain from 8 northern districts flows south into Khlong Saen Saep, then through the Rama IX drainage tunnel (\"the city's navel\") to Phra Khanong pumping station. A model BMA \"Kaem Ling\" canal — water is held in the channel at high tide and released at low tide; surrounding streets flood chronically when the canal hits capacity.","note_th":"คลองระบายน้ำเมืองหลังถนนลาดพร้าว น้ำฝน 8 เขตฝั่งเหนือไหลลงใต้เข้าคลองแสนแสบ ต่อผ่านอุโมงค์ระบายน้ำราม 9 (\"สะดือระบายน้ำของกรุงเทพฯ\") สู่สถานีสูบน้ำพระโขนง เป็นคลองแก้มลิงต้นแบบของ กทม. — กักน้ำช่วงน้ำขึ้น ระบายช่วงน้ำลง ถนนโดยรอบท่วมเรื้อรังเมื่อคลองเต็มกำลัง","curated":true}},{"type":"Feature","geometry":{"type":"MultiLineString","coordinates":[[[100.5143866,13.7734709],[100.5143806,13.7749654],[100.5125475,13.7759172]]]},"properties":{"key":"Khlong Lam Nak","name":"Khlong Lam Nak","name_th":"คลองลำนาค","waterway":"canal","length_km":0.4,"risk":null,"risk_type":null,"note":null,"note_th":null,"curated":false}},{"type":"Feature","geometry":{"type":"MultiLineString","coordinates":[[[100.5726991,13.7899896],[100.572655,13.7903344],[100.5696585,13.7903404]]]},"properties":{"key":"Lam Rang Si Suppha Rat","name":"Lam Rang Si Suppha Rat","name_th":"ลำรางศรีศุภราช","waterway":"canal","length_km":0.4,"risk":null,"risk_type":null,"note":null,"note_th":null,"curated":false}},{"type":"Feature","geometry":{"type":"MultiLineString","coordinates":[[[100.44538,13.8629911],[100.4466011,13.863909],[100.4483102,13.8645214]]]},"properties":{"key":"Khlong Wat Pracha Rangsan","name":"Khlong Wat Pracha Rangsan","name_th":"คลองวัดประชารังสรรค์","waterway":"canal","length_km":0.4,"risk":null,"risk_type":null,"note":null,"note_th":null,"curated":false}},{"type":"Feature","geometry":{"type":"MultiLineString","coordinates":[[[100.5977369,14.0005532],[100.600698,14.0012931]],[[100.600698,14.0012931],[100.6010282,14.0013011]],[[100.6010282,14.0013011],[100.6011237,14.0013034]]]},"properties":{"key":"Khlong Ta Chai","name":"Khlong Ta Chai","name_th":"คลองตาฉาย","waterway":"river","length_km":0.4,"risk":null,"risk_type":null,"note":null,"note_th":null,"curated":false}},{"type":"Feature","geometry":{"type":"MultiLineString","coordinates":[[[100.5349325,14.115718],[100.534874,14.1155748]],[[100.5362674,14.1181251],[100.5358836,14.1168158],[100.5353234,14.11653],[100.5349325,14.115718]],[[100.534874,14.1155748],[100.5346522,14.1152752]]]},"properties":{"key":"Khlong Yai Hom #2","name":"Khlong Yai Hom","name_th":"คลองยายหอม","waterway":"canal","length_km":0.4,"risk":null,"risk_type":null,"note":null,"note_th":null,"curated":false}},{"type":"Feature","geometry":{"type":"MultiLineString","coordinates":[[[100.4451302,13.8327499],[100.444874,13.8297939],[100.4450869,13.8289236]]]},"properties":{"key":"Klong Krupuan","name":"Klong Krupuan","name_th":"คลองบ้านครูผวน","waterway":"ditch","length_km":0.4,"risk":null,"risk_type":null,"note":null,"note_th":null,"curated":false}},{"type":"Feature","geometry":{"type":"MultiLineString","coordinates":[[[100.4851583,13.7944732],[100.4888451,13.7946706]]]},"properties":{"key":"Khlong Wat Phleng","name":"Khlong Wat Phleng","name_th":"คลองวัดเพลง","waterway":"canal","length_km":0.4,"risk":null,"risk_type":null,"note":null,"note_th":null,"curated":false}},{"type":"Feature","geometry":{"type":"MultiLineString","coordinates":[[[100.6253001,13.8850965],[100.6252173,13.887696]],[[100.6254177,13.8842364],[100.6253001,13.8850965]],[[100.6254138,13.8841173],[100.6254177,13.8842364]]]},"properties":{"key":"ลำรางหลังวัดราษฎร์ (หนองผักชี)","name":"ลำรางหลังวัดราษฎร์ (หนองผักชี)","name_th":"ลำรางหลังวัดราษฎร์ (หนองผักชี)","waterway":"canal","length_km":0.4,"risk":null,"risk_type":null,"note":null,"note_th":null,"curated":false}},{"type":"Feature","geometry":{"type":"MultiLineString","coordinates":[[[100.598704,13.7563498],[100.6015981,13.758792]]]},"properties":{"key":"Lam Rang Thang Krabue","name":"Lam Rang Thang Krabue","name_th":"ลำรางทางกระบือ","waterway":"canal","length_km":0.4,"risk":null,"risk_type":null,"note":null,"note_th":null,"curated":false}},{"type":"Feature","geometry":{"type":"MultiLineString","coordinates":[[[100.5290956,13.7253702],[100.531049,13.7261918]],[[100.5286776,13.7251944],[100.5288818,13.7252803]],[[100.5286277,13.7251734],[100.5286776,13.7251944]],[[100.5288818,13.7252803],[100.5290423,13.7253484]],[[100.5290423,13.7253484],[100.5290956,13.7253702]],[[100.5311239,13.726225],[100.53195,13.7265787]],[[100.531049,13.7261918],[100.5311239,13.726225]]]},"properties":{"key":"คูซอยพิพัฒน์","name":"คูซอยพิพัฒน์","name_th":"คูซอยพิพัฒน์","waterway":"canal","length_km":0.4,"risk":null,"risk_type":null,"note":null,"note_th":null,"curated":false}},{"type":"Feature","geometry":{"type":"MultiLineString","coordinates":[[[100.5807665,13.8727801],[100.5821096,13.8727106],[100.5823543,13.8724382],[100.5840298,13.8720781]]]},"properties":{"key":"Lam Rang Satharana Nong Nguhao","name":"Lam Rang Satharana Nong Nguhao","name_th":"ลำรางสาธารณะหนองงูเห่า","waterway":"canal","length_km":0.4,"risk":null,"risk_type":null,"note":null,"note_th":null,"curated":false}},{"type":"Feature","geometry":{"type":"MultiLineString","coordinates":[[[100.6792631,13.8503175],[100.6764134,13.8475663]]]},"properties":{"key":"Lam Rang Yai Loeng","name":"Lam Rang Yai Loeng","name_th":"ลำรางยายเลิ้ง","waterway":"canal","length_km":0.4,"risk":null,"risk_type":null,"note":null,"note_th":null,"curated":false}},{"type":"Feature","geometry":{"type":"MultiLineString","coordinates":[[[100.5997809,13.7675225],[100.5980528,13.7646106]]]},"properties":{"key":"Lam Rang Liap Soi Chamnian Soem","name":"Lam Rang Liap Soi Chamnian Soem","name_th":"ลำรางเลียบซอยจำเนียรเสริม","waterway":"canal","length_km":0.4,"risk":null,"risk_type":null,"note":null,"note_th":null,"curated":false}},{"type":"Feature","geometry":{"type":"MultiLineString","coordinates":[[[100.56935,13.8563352],[100.5686096,13.8599681]]]},"properties":{"key":"ลำรางสาธารณะข้างซอยวิภาวดีรังสิต 54","name":"ลำรางสาธารณะข้างซอยวิภาวดีรังสิต 54","name_th":"ลำรางสาธารณะข้างซอยวิภาวดีรังสิต 54","waterway":"ditch","length_km":0.4,"risk":null,"risk_type":null,"note":null,"note_th":null,"curated":false}},{"type":"Feature","geometry":{"type":"MultiLineString","coordinates":[[[100.6726388,13.8911272],[100.6722487,13.8921756],[100.6701829,13.8923798]]]},"properties":{"key":"Lam Rang Phuyai Chu","name":"Lam Rang Phuyai Chu","name_th":"ลำรางผู้ใหญ่ชู","waterway":"canal","length_km":0.4,"risk":null,"risk_type":null,"note":null,"note_th":null,"curated":false}},{"type":"Feature","geometry":{"type":"MultiLineString","coordinates":[[[100.391294,13.8020365],[100.392312,13.8028452],[100.3940809,13.8026485],[100.3947324,13.8019349]]]},"properties":{"key":"ประตูน้ำฉิมพลี","name":"ประตูน้ำฉิมพลี","name_th":"ประตูน้ำฉิมพลี","waterway":"canal","length_km":0.4,"risk":null,"risk_type":null,"note":null,"note_th":null,"curated":false}},{"type":"Feature","geometry":{"type":"MultiLineString","coordinates":[[[100.5988945,13.7036069],[100.5978449,13.7029167],[100.5972107,13.7011681]]]},"properties":{"key":"คลองคาง #2","name":"คลองคาง","name_th":"คลองคาง","waterway":"canal","length_km":0.3,"risk":null,"risk_type":null,"note":null,"note_th":null,"curated":false}},{"type":"Feature","geometry":{"type":"MultiLineString","coordinates":[[[100.4312089,13.7378197],[100.4322821,13.7404042]]]},"properties":{"key":"Khlong Lat Wat Chim","name":"Khlong Lat Wat Chim","name_th":"คลองลัดวัดฉิม","waterway":"canal","length_km":0.3,"risk":null,"risk_type":null,"note":null,"note_th":null,"curated":false}},{"type":"Feature","geometry":{"type":"MultiLineString","coordinates":[[[100.4448456,13.7536398],[100.4448922,13.7567623]]]},"properties":{"key":"Khlong Satharana #2","name":"Khlong Satharana","name_th":"คลองสาธารณะ","waterway":"canal","length_km":0.3,"risk":null,"risk_type":null,"note":null,"note_th":null,"curated":false}},{"type":"Feature","geometry":{"type":"MultiLineString","coordinates":[[[100.6898934,13.7919587],[100.6907942,13.7897067]]]},"properties":{"key":"Khlong Khu Man","name":"Khlong Khu Man","name_th":"คลองคู้หมัน","waterway":"canal","length_km":0.3,"risk":null,"risk_type":null,"note":null,"note_th":null,"curated":false}},{"type":"Feature","geometry":{"type":"MultiLineString","coordinates":[[[100.5115834,13.7645462],[100.5106097,13.7624582]]]},"properties":{"key":"คลองสุจิตรา","name":"คลองสุจิตรา","name_th":"คลองสุจิตรา","waterway":"canal","length_km":0.3,"risk":null,"risk_type":null,"note":null,"note_th":null,"curated":false}},{"type":"Feature","geometry":{"type":"MultiLineString","coordinates":[[[100.5095466,13.79036],[100.5114818,13.789308],[100.5113501,13.7889131]]]},"properties":{"key":"คลองบริการกรมชลประทาน","name":"คลองบริการกรมชลประทาน","name_th":"คลองบริการกรมชลประทาน","waterway":"canal","length_km":0.3,"risk":null,"risk_type":null,"note":null,"note_th":null,"curated":false}},{"type":"Feature","geometry":{"type":"MultiLineString","coordinates":[[[100.4545535,13.6675383],[100.4542157,13.6666169],[100.4552008,13.6662103],[100.4551969,13.6653413]]]},"properties":{"key":"Khlong Ta Pleng","name":"Khlong Ta Pleng","name_th":"คลองตาเปล่ง","waterway":"ditch","length_km":0.3,"risk":null,"risk_type":null,"note":null,"note_th":null,"curated":false}},{"type":"Feature","geometry":{"type":"MultiLineString","coordinates":[[[100.4643743,13.6710203],[100.467201,13.6716646]]]},"properties":{"key":"Khlong Khoi #2","name":"Khlong Khoi","name_th":"คลองข่อย","waterway":"ditch","length_km":0.3,"risk":null,"risk_type":null,"note":null,"note_th":null,"curated":false}},{"type":"Feature","geometry":{"type":"MultiLineString","coordinates":[[[100.4763619,13.7111825],[100.4731888,13.7105775]]]},"properties":{"key":"Khlong Wat Mai Yai Nui","name":"Khlong Wat Mai Yai Nui","name_th":"คลองวัดใหม่ยายนุ้ย","waterway":"canal","length_km":0.3,"risk":null,"risk_type":null,"note":null,"note_th":null,"curated":false}},{"type":"Feature","geometry":{"type":"MultiLineString","coordinates":[[[100.6612078,13.8525531],[100.6609775,13.8511192],[100.6615389,13.8498844]]]},"properties":{"key":"ลำรางเชื่อมคลองหกขุดแยกคลองคู้บอน","name":"ลำรางเชื่อมคลองหกขุดแยกคลองคู้บอน","name_th":"ลำรางเชื่อมคลองหกขุดแยกคลองคู้บอน","waterway":"canal","length_km":0.3,"risk":null,"risk_type":null,"note":null,"note_th":null,"curated":false}},{"type":"Feature","geometry":{"type":"MultiLineString","coordinates":[[[100.5204116,13.7521129],[100.5196805,13.749645]]]},"properties":{"key":"Klong Nang Hong","name":"Klong Nang Hong","name_th":"คลองนางหงส์","waterway":"canal","length_km":0.3,"risk":null,"risk_type":null,"note":null,"note_th":null,"curated":false}},{"type":"Feature","geometry":{"type":"MultiLineString","coordinates":[[[100.5290445,13.7418713],[100.5281724,13.7419115],[100.5281109,13.7411674],[100.5276584,13.7411377],[100.5275362,13.7408068]]]},"properties":{"key":"คลองหอพัก","name":"คลองหอพัก","name_th":"คลองหอพัก","waterway":"canal","length_km":0.3,"risk":null,"risk_type":null,"note":null,"note_th":null,"curated":false}},{"type":"Feature","geometry":{"type":"MultiLineString","coordinates":[[[100.5225603,13.7765788],[100.5224561,13.7780401]],[[100.5225064,13.7756254],[100.522504,13.7758613]],[[100.522504,13.7758613],[100.5225781,13.7764109]],[[100.5225781,13.7764109],[100.5225603,13.7765788]]]},"properties":{"key":"คลองราชวิถี","name":"คลองราชวิถี","name_th":"คลองราชวิถี","waterway":"canal","length_km":0.3,"risk":null,"risk_type":null,"note":null,"note_th":null,"curated":false}},{"type":"Feature","geometry":{"type":"MultiLineString","coordinates":[[[100.517265,13.6969299],[100.5187966,13.6989633]]]},"properties":{"key":"Khlong Muang Yoo Dee","name":"Khlong Muang Yoo Dee","name_th":"คลองเมืองอยู่ดี","waterway":"canal","length_km":0.3,"risk":null,"risk_type":null,"note":null,"note_th":null,"curated":false}},{"type":"Feature","geometry":{"type":"MultiLineString","coordinates":[[[100.4680726,13.6681494],[100.471173,13.6688267]]]},"properties":{"key":"Khlong Ta Chui","name":"Khlong Ta Chui","name_th":"คลองตาฉุย","waterway":"ditch","length_km":0.3,"risk":null,"risk_type":null,"note":null,"note_th":null,"curated":false}},{"type":"Feature","geometry":{"type":"MultiLineString","coordinates":[[[100.4698038,13.6763925],[100.4722827,13.6773785]]]},"properties":{"key":"คลองสะพานคู่","name":"คลองสะพานคู่","name_th":"คลองสะพานคู่","waterway":"ditch","length_km":0.3,"risk":null,"risk_type":null,"note":null,"note_th":null,"curated":false}},{"type":"Feature","geometry":{"type":"MultiLineString","coordinates":[[[100.4187856,13.7339052],[100.4191662,13.7313348]]]},"properties":{"key":"คลองลุงตุ๋ย","name":"คลองลุงตุ๋ย","name_th":"คลองลุงตุ๋ย","waterway":"canal","length_km":0.3,"risk":null,"risk_type":null,"note":null,"note_th":null,"curated":false}},{"type":"Feature","geometry":{"type":"MultiLineString","coordinates":[[[100.6612156,13.8491413],[100.6588596,13.848492]]]},"properties":{"key":"Lam Rang Yaek Khlong Khu Bon","name":"Lam Rang Yaek Khlong Khu Bon","name_th":"ลำรางแยกคลองคู้บอน","waterway":"canal","length_km":0.3,"risk":2,"risk_type":"flash","note":"Bang Kapi side drainage; local flash floods in intense monsoon rain.","note_th":"ทางระบายน้ำฝั่งบางกะปิ เกิดน้ำท่วมฉับพลันเฉพาะพื้นที่เวลามรสุมตกหนัก","curated":true}},{"type":"Feature","geometry":{"type":"MultiLineString","coordinates":[[[100.6578761,13.8329447],[100.6583369,13.8305473]]]},"properties":{"key":"Lam Rang Yaek Khlong Luang Wichit Section 2","name":"Lam Rang Yaek Khlong Luang Wichit Section 2","name_th":"ลำรางแยกคลองหลวงวิจิตร ตอน 2","waterway":"canal","length_km":0.3,"risk":null,"risk_type":null,"note":null,"note_th":null,"curated":false}},{"type":"Feature","geometry":{"type":"MultiLineString","coordinates":[[[100.5956293,13.7722765],[100.593092,13.7726807]]]},"properties":{"key":"Lam Rang Yaek Khlong Lat Phrao Lang","name":"Lam Rang Yaek Khlong Lat Phrao Lang","name_th":"ลำรางแยกคลองลาดพร้าวล่าง","waterway":"canal","length_km":0.3,"risk":2,"risk_type":"flash","note":"Urban drainage canal behind Lat Phrao Rd. Rain from 8 northern districts flows south into Khlong Saen Saep, then through the Rama IX drainage tunnel (\"the city's navel\") to Phra Khanong pumping station. A model BMA \"Kaem Ling\" canal — water is held in the channel at high tide and released at low tide; surrounding streets flood chronically when the canal hits capacity.","note_th":"คลองระบายน้ำเมืองหลังถนนลาดพร้าว น้ำฝน 8 เขตฝั่งเหนือไหลลงใต้เข้าคลองแสนแสบ ต่อผ่านอุโมงค์ระบายน้ำราม 9 (\"สะดือระบายน้ำของกรุงเทพฯ\") สู่สถานีสูบน้ำพระโขนง เป็นคลองแก้มลิงต้นแบบของ กทม. — กักน้ำช่วงน้ำขึ้น ระบายช่วงน้ำลง ถนนโดยรอบท่วมเรื้อรังเมื่อคลองเต็มกำลัง","curated":true}},{"type":"Feature","geometry":{"type":"MultiLineString","coordinates":[[[100.60371,13.7601638],[100.6026296,13.7579381]]]},"properties":{"key":"ลำรางแยกคลองพลับพลากับตาป่วน","name":"ลำรางแยกคลองพลับพลากับตาป่วน","name_th":"ลำรางแยกคลองพลับพลากับตาป่วน","waterway":"canal","length_km":0.3,"risk":null,"risk_type":null,"note":null,"note_th":null,"curated":false}},{"type":"Feature","geometry":{"type":"MultiLineString","coordinates":[[[100.5128163,13.7734061],[100.5131604,13.7743895],[100.5120238,13.774988]]]},"properties":{"key":"Khlong Rong Maihom","name":"Khlong Rong Maihom","name_th":"คลองร่องไม้หอม","waterway":"canal","length_km":0.3,"risk":null,"risk_type":null,"note":null,"note_th":null,"curated":false}},{"type":"Feature","geometry":{"type":"MultiLineString","coordinates":[[[100.8424857,13.86],[100.84281,13.8569154]]]},"properties":{"key":"Khlong Phai Dam","name":"Khlong Phai Dam","name_th":"คลองไผ่ดำ","waterway":"canal","length_km":0.3,"risk":null,"risk_type":null,"note":null,"note_th":null,"curated":false}},{"type":"Feature","geometry":{"type":"MultiLineString","coordinates":[[[100.577117,13.793863],[100.5767382,13.796664]]]},"properties":{"key":"ลำรางแยกคลองบางซื่อ","name":"ลำรางแยกคลองบางซื่อ","name_th":"ลำรางแยกคลองบางซื่อ","waterway":"canal","length_km":0.3,"risk":null,"risk_type":null,"note":null,"note_th":null,"curated":false}},{"type":"Feature","geometry":{"type":"MultiLineString","coordinates":[[[100.5907012,13.7720796],[100.5931813,13.7720575]]]},"properties":{"key":"Lam Rang Yaek Khlong Lat Phrao","name":"Lam Rang Yaek Khlong Lat Phrao","name_th":"ลำรางแยกคลองลาดพร้าว","waterway":"canal","length_km":0.3,"risk":2,"risk_type":"flash","note":"Urban drainage canal behind Lat Phrao Rd. Rain from 8 northern districts flows south into Khlong Saen Saep, then through the Rama IX drainage tunnel (\"the city's navel\") to Phra Khanong pumping station. A model BMA \"Kaem Ling\" canal — water is held in the channel at high tide and released at low tide; surrounding streets flood chronically when the canal hits capacity.","note_th":"คลองระบายน้ำเมืองหลังถนนลาดพร้าว น้ำฝน 8 เขตฝั่งเหนือไหลลงใต้เข้าคลองแสนแสบ ต่อผ่านอุโมงค์ระบายน้ำราม 9 (\"สะดือระบายน้ำของกรุงเทพฯ\") สู่สถานีสูบน้ำพระโขนง เป็นคลองแก้มลิงต้นแบบของ กทม. — กักน้ำช่วงน้ำขึ้น ระบายช่วงน้ำลง ถนนโดยรอบท่วมเรื้อรังเมื่อคลองเต็มกำลัง","curated":true}},{"type":"Feature","geometry":{"type":"MultiLineString","coordinates":[[[100.5011207,13.7841771],[100.5035124,13.7830684]]]},"properties":{"key":"Khlong Wat Thep Nari","name":"Khlong Wat Thep Nari","name_th":"คลองวัดเทพนารี","waterway":"canal","length_km":0.3,"risk":null,"risk_type":null,"note":null,"note_th":null,"curated":false}},{"type":"Feature","geometry":{"type":"MultiLineString","coordinates":[[[100.4853432,13.7216499],[100.4831362,13.7206482]]]},"properties":{"key":"คลองโพธินิมิตร 2","name":"คลองโพธินิมิตร 2","name_th":"คลองโพธินิมิตร 2","waterway":"canal","length_km":0.3,"risk":null,"risk_type":null,"note":null,"note_th":null,"curated":false}},{"type":"Feature","geometry":{"type":"MultiLineString","coordinates":[[[100.4854126,13.7226003],[100.4827859,13.7212791]]]},"properties":{"key":"คลองโพธินิมิตร 1","name":"คลองโพธินิมิตร 1","name_th":"คลองโพธินิมิตร 1","waterway":"canal","length_km":0.3,"risk":null,"risk_type":null,"note":null,"note_th":null,"curated":false}},{"type":"Feature","geometry":{"type":"MultiLineString","coordinates":[[[100.4823226,13.7902017],[100.4851965,13.7888411]]]},"properties":{"key":"คูน้ำแยกออนป้า","name":"คูน้ำแยกออนป้า","name_th":"คูน้ำแยกออนป้า","waterway":"canal","length_km":0.3,"risk":null,"risk_type":null,"note":null,"note_th":null,"curated":false}},{"type":"Feature","geometry":{"type":"MultiLineString","coordinates":[[[100.482733,13.7910476],[100.4854629,13.7897899]]]},"properties":{"key":"คูน้ำแยกแสงเทียนฯ","name":"คูน้ำแยกแสงเทียนฯ","name_th":"คูน้ำแยกแสงเทียนฯ","waterway":"canal","length_km":0.3,"risk":null,"risk_type":null,"note":null,"note_th":null,"curated":false}},{"type":"Feature","geometry":{"type":"MultiLineString","coordinates":[[[100.5338707,13.7139557],[100.5311092,13.7123153]]]},"properties":{"key":"Kusonthong Community Waterway","name":"Kusonthong Community Waterway","name_th":"ทางน้ำชุมชลกุศลทอง","waterway":"canal","length_km":0.3,"risk":null,"risk_type":null,"note":null,"note_th":null,"curated":false}},{"type":"Feature","geometry":{"type":"MultiLineString","coordinates":[[[100.4909533,13.9064324],[100.4933489,13.906174]]]},"properties":{"key":"Khlong Klang Kret","name":"Khlong Klang Kret","name_th":"คลองกลางเกร็ด","waterway":"canal","length_km":0.3,"risk":null,"risk_type":null,"note":null,"note_th":null,"curated":false}},{"type":"Feature","geometry":{"type":"MultiLineString","coordinates":[[[100.5939954,14.0275084],[100.5941145,14.0275197]],[[100.5941145,14.0275197],[100.5972065,14.0272451]]]},"properties":{"key":"Lamrang Chek Bu","name":"Lamrang Chek Bu","name_th":"ลำรางเจ๊กบู๊","waterway":"river","length_km":0.3,"risk":null,"risk_type":null,"note":null,"note_th":null,"curated":false}},{"type":"Feature","geometry":{"type":"MultiLineString","coordinates":[[[100.522253,13.7450596],[100.5230173,13.7449183]],[[100.5204275,13.7453925],[100.522253,13.7450596]]]},"properties":{"key":"คูซอยรองเมือง 2-3","name":"คูซอยรองเมือง 2-3","name_th":"คูซอยรองเมือง 2-3","waterway":"drain","length_km":0.3,"risk":null,"risk_type":null,"note":null,"note_th":null,"curated":false}},{"type":"Feature","geometry":{"type":"MultiLineString","coordinates":[[[100.8402407,13.7701901],[100.8399532,13.77155],[100.8387898,13.7722566]]]},"properties":{"key":"คลองลำเกาะเลา #2","name":"คลองลำเกาะเลา","name_th":"คลองลำเกาะเลา","waterway":"canal","length_km":0.3,"risk":null,"risk_type":null,"note":null,"note_th":null,"curated":false}},{"type":"Feature","geometry":{"type":"MultiLineString","coordinates":[[[100.474762,13.7993997],[100.4720148,13.8006425]]]},"properties":{"key":"คลองเม็ตร์","name":"คลองเม็ตร์","name_th":"คลองเม็ตร์","waterway":"canal","length_km":0.3,"risk":null,"risk_type":null,"note":null,"note_th":null,"curated":false}},{"type":"Feature","geometry":{"type":"MultiLineString","coordinates":[[[100.6936055,13.7942298],[100.6953091,13.7921778]]]},"properties":{"key":"ลำรางข้างโรงเรียนคันนายาว","name":"ลำรางข้างโรงเรียนคันนายาว","name_th":"ลำรางข้างโรงเรียนคันนายาว","waterway":"canal","length_km":0.3,"risk":null,"risk_type":null,"note":null,"note_th":null,"curated":false}},{"type":"Feature","geometry":{"type":"MultiLineString","coordinates":[[[100.5350003,13.7978684],[100.5326513,13.7982326]],[[100.5326513,13.7982326],[100.5324459,13.7982887]],[[100.5324459,13.7982887],[100.5323986,13.7983016]]]},"properties":{"key":"Khlong Bang Sue Kao","name":"Khlong Bang Sue Kao","name_th":"คลองบางซื่อเก่า","waterway":"canal","length_km":0.3,"risk":3,"risk_type":"riverine","note":"Northern drainage line from the Chao Phraya (Khek Khai) past the raw-water canal to join Khlong Lat Phrao. The river end is the Bang Sue pumping station + drainage tunnel (Ø5 m, ~6.4 km, designed 60 m³/s): in monsoon peaks gates open and pumps lift water into the river, while surplus continues south to Lat Phrao.","note_th":"เส้นระบายน้ำฝั่งเหนือ จากเจ้าพระยา (เกียกกาย) ตัดคลองประปาจนบรรจบคลองลาดพร้าว ปลายแม่น้ำมีสถานีสูบน้ำบางซื่อ + อุโมงค์ระบายใต้คลอง (Ø5 ม. ยาว ~6.4 กม. ออกแบบ 60 ลบ.ม./วินาที) — ช่วงฝนหนักเปิดประตู/เดินปั๊มระบายลงเจ้าพระยา ส่วนที่เหลือไหลต่อลงลาดพร้าว","curated":true}},{"type":"Feature","geometry":{"type":"MultiLineString","coordinates":[[[100.5750633,13.905081],[100.5739842,13.9022871]]]},"properties":{"key":"ลำรางสาธารณะเคหะทุ่งสองห้อง","name":"ลำรางสาธารณะเคหะทุ่งสองห้อง","name_th":"ลำรางสาธารณะเคหะทุ่งสองห้อง","waterway":"canal","length_km":0.3,"risk":null,"risk_type":null,"note":null,"note_th":null,"curated":false}},{"type":"Feature","geometry":{"type":"MultiLineString","coordinates":[[[100.7143608,13.8217757],[100.7143345,13.8189695]]]},"properties":{"key":"ลำรางหลังหมู่บ้านเอื้ออาทรมีนบุรี","name":"ลำรางหลังหมู่บ้านเอื้ออาทรมีนบุรี","name_th":"ลำรางหลังหมู่บ้านเอื้ออาทรมีนบุรี","waterway":"canal","length_km":0.3,"risk":null,"risk_type":null,"note":null,"note_th":null,"curated":false}},{"type":"Feature","geometry":{"type":"MultiLineString","coordinates":[[[100.5843782,13.8620682],[100.5843397,13.8618619],[100.5854276,13.8611669],[100.5865495,13.8609347]]]},"properties":{"key":"ลำรางสาธารณะซอยวิภาวดีรังสิต 60 แยก 18-1-6-4","name":"ลำรางสาธารณะซอยวิภาวดีรังสิต 60 แยก 18-1-6-4","name_th":"ลำรางสาธารณะซอยวิภาวดีรังสิต 60 แยก 18-1-6-4","waterway":"drain","length_km":0.3,"risk":null,"risk_type":null,"note":null,"note_th":null,"curated":false}},{"type":"Feature","geometry":{"type":"MultiLineString","coordinates":[[[100.6485636,13.90151],[100.6483725,13.9022204],[100.6470752,13.9038302]]]},"properties":{"key":"Lam Rang Nai Wan","name":"Lam Rang Nai Wan","name_th":"ลำรางนายวัน","waterway":"canal","length_km":0.3,"risk":null,"risk_type":null,"note":null,"note_th":null,"curated":false}},{"type":"Feature","geometry":{"type":"MultiLineString","coordinates":[[[100.5587073,14.0566978],[100.5593631,14.0562088],[100.5604684,14.0545997]]]},"properties":{"key":"Lam Phak Chi #2","name":"Lam Phak Chi","name_th":"ลำผักชี","waterway":"canal","length_km":0.3,"risk":3,"risk_type":"riverine","note":"Low-lying Lat Krabang farmland canal in the eastern flood-retention zone used in 2011; still floods in heavy monsoon.","note_th":"คลองที่ลุ่มเกษตรกรรมลาดกระบังในเขตกักเก็บน้ำฝั่งตะวันออกที่ใช้งานปี 2554 ยังท่วมเวลามรสุมตกหนัก","curated":true}},{"type":"Feature","geometry":{"type":"MultiLineString","coordinates":[[[100.4754446,13.7836452],[100.4773835,13.7817318]]]},"properties":{"key":"คูน้ำแยกซอยพระปิ่น","name":"คูน้ำแยกซอยพระปิ่น","name_th":"คูน้ำแยกซอยพระปิ่น","waterway":"canal","length_km":0.3,"risk":null,"risk_type":null,"note":null,"note_th":null,"curated":false}},{"type":"Feature","geometry":{"type":"MultiLineString","coordinates":[[[100.5023664,13.7927204],[100.5041579,13.7950479]]]},"properties":{"key":"Khlong Manao","name":"Khlong Manao","name_th":"คลองมะนาว","waterway":"canal","length_km":0.3,"risk":null,"risk_type":null,"note":null,"note_th":null,"curated":false}},{"type":"Feature","geometry":{"type":"MultiLineString","coordinates":[[[100.4947639,13.7401843],[100.4946836,13.7393249],[100.4952542,13.7379388],[100.4950175,13.7376841]]]},"properties":{"key":"คลองสะพานพลอย","name":"คลองสะพานพลอย","name_th":"คลองสะพานพลอย","waterway":"canal","length_km":0.3,"risk":null,"risk_type":null,"note":null,"note_th":null,"curated":false}},{"type":"Feature","geometry":{"type":"MultiLineString","coordinates":[[[100.488541,13.7408113],[100.4890761,13.7401855]],[[100.4883331,13.7411825],[100.488541,13.7408113]],[[100.4891739,13.7401122],[100.4895308,13.7398024]],[[100.4890761,13.7401855],[100.4891739,13.7401122]]]},"properties":{"key":"Khlong Ban Khamin #2","name":"Khlong Ban Khamin","name_th":"คลองบ้านขมิ้น","waterway":"canal","length_km":0.2,"risk":null,"risk_type":null,"note":null,"note_th":null,"curated":false}},{"type":"Feature","geometry":{"type":"MultiLineString","coordinates":[[[100.4965639,13.7656139],[100.4980432,13.764759]]]},"properties":{"key":"Khlong Wat Sangwet","name":"Khlong Wat Sangwet","name_th":"คลองวัดสังเวช","waterway":"ditch","length_km":0.2,"risk":null,"risk_type":null,"note":null,"note_th":null,"curated":false}},{"type":"Feature","geometry":{"type":"MultiLineString","coordinates":[[[100.5128146,13.7667472],[100.5147139,13.7659094]]]},"properties":{"key":"Khlong Wat Benchamabophit","name":"Khlong Wat Benchamabophit","name_th":"คลองวัดเบญจมบพิตร","waterway":"canal","length_km":0.2,"risk":null,"risk_type":null,"note":null,"note_th":null,"curated":false}},{"type":"Feature","geometry":{"type":"MultiLineString","coordinates":[[[100.7083213,13.732486],[100.7082833,13.7310577]]]},"properties":{"key":"Khlong Ta Phut","name":"Khlong Ta Phut","name_th":"คลองตาพุฒ","waterway":"canal","length_km":0.2,"risk":null,"risk_type":null,"note":null,"note_th":null,"curated":false}},{"type":"Feature","geometry":{"type":"MultiLineString","coordinates":[[[100.6473212,13.8724675],[100.6454866,13.8723856]]]},"properties":{"key":"Khlong Kum Daeng #2","name":"Khlong Kum Daeng","name_th":"คลองกุ่มแดง","waterway":"canal","length_km":0.2,"risk":null,"risk_type":null,"note":null,"note_th":null,"curated":false}},{"type":"Feature","geometry":{"type":"MultiLineString","coordinates":[[[100.5273532,13.73162],[100.5277046,13.7309269]],[[100.5277347,13.7308915],[100.528085,13.7306536]],[[100.5277046,13.7309269],[100.5277347,13.7308915]]]},"properties":{"key":"Sap Canal","name":"Sap Canal","name_th":"คลองทรัพย์","waterway":"canal","length_km":0.2,"risk":null,"risk_type":null,"note":null,"note_th":null,"curated":false}},{"type":"Feature","geometry":{"type":"MultiLineString","coordinates":[[[100.4001563,13.7247351],[100.4018336,13.7250478]]]},"properties":{"key":"คลองสาธารณประโยชน์ #2","name":"คลองสาธารณประโยชน์","name_th":"คลองสาธารณประโยชน์","waterway":"canal","length_km":0.2,"risk":null,"risk_type":null,"note":null,"note_th":null,"curated":false}},{"type":"Feature","geometry":{"type":"MultiLineString","coordinates":[[[100.5680985,13.789991],[100.5696951,13.7902165]]]},"properties":{"key":"Lam Rang Yaek Khlong Huai Khwang","name":"Lam Rang Yaek Khlong Huai Khwang","name_th":"ลำรางแยกคลองห้วยขวาง","waterway":"canal","length_km":0.2,"risk":2,"risk_type":"flash","note":"Dense inner-district drainage; streets around Ratchadaphisek flood in monsoon peaks.","note_th":"ทางระบายน้ำย่านชุมชนหนาแน่นด้านใน ถนนแถวรัชดาภิเษกท่วมช่วงมรสุมพีค","curated":true}},{"type":"Feature","geometry":{"type":"MultiLineString","coordinates":[[[100.5141685,13.7795604],[100.5149231,13.7810056]]]},"properties":{"key":"Khlong Rang Ngoen","name":"Khlong Rang Ngoen","name_th":"คลองรางเงิน","waterway":"canal","length_km":0.2,"risk":null,"risk_type":null,"note":null,"note_th":null,"curated":false}},{"type":"Feature","geometry":{"type":"MultiLineString","coordinates":[[[100.5662823,13.756178],[100.5660204,13.7549843]],[[100.5663041,13.7562812],[100.5662823,13.756178]],[[100.5662823,13.756178],[100.5661808,13.7558075]]]},"properties":{"key":"Klong Samsen Nai","name":"Klong Samsen Nai","name_th":"คลองสามเสนใน","waterway":"canal","length_km":0.2,"risk":null,"risk_type":null,"note":null,"note_th":null,"curated":false}},{"type":"Feature","geometry":{"type":"MultiLineString","coordinates":[[[100.5046583,13.758173],[100.5063884,13.759123]]]},"properties":{"key":"Khlong Wat Parinayok","name":"Khlong Wat Parinayok","name_th":"คลองวัดปรินายก","waterway":"canal","length_km":0.2,"risk":null,"risk_type":null,"note":null,"note_th":null,"curated":false}},{"type":"Feature","geometry":{"type":"MultiLineString","coordinates":[[[100.4843761,13.762897],[100.4838374,13.7611594]]]},"properties":{"key":"คลองขนมจีน","name":"คลองขนมจีน","name_th":"คลองขนมจีน","waterway":"canal","length_km":0.2,"risk":null,"risk_type":null,"note":null,"note_th":null,"curated":false}},{"type":"Feature","geometry":{"type":"MultiLineString","coordinates":[[[100.6280648,13.8693016],[100.6280949,13.870243],[100.6283694,13.8702322],[100.6283713,13.8705845]]]},"properties":{"key":"Lam Rang Yaek Khlong Ka Chet 2","name":"Lam Rang Yaek Khlong Ka Chet 2","name_th":"ลำรางแยกคลองกะเฉด 2","waterway":"canal","length_km":0.2,"risk":null,"risk_type":null,"note":null,"note_th":null,"curated":false}},{"type":"Feature","geometry":{"type":"MultiLineString","coordinates":[[[100.6520184,13.8231664],[100.651768,13.8247038]]]},"properties":{"key":"Lam Rang Yaek Khlong Don Ika","name":"Lam Rang Yaek Khlong Don Ika","name_th":"ลำรางแยกคลองดอนอีกา","waterway":"canal","length_km":0.2,"risk":null,"risk_type":null,"note":null,"note_th":null,"curated":false}},{"type":"Feature","geometry":{"type":"MultiLineString","coordinates":[[[100.5125475,13.7759172],[100.5115725,13.7740141]]]},"properties":{"key":"Khlong Lam Ngoen","name":"Khlong Lam Ngoen","name_th":"คลองลำเงิน","waterway":"canal","length_km":0.2,"risk":null,"risk_type":null,"note":null,"note_th":null,"curated":false}},{"type":"Feature","geometry":{"type":"MultiLineString","coordinates":[[[100.5115725,13.7740141],[100.5127932,13.7733629]]]},"properties":{"key":"Klong Ang Yok","name":"Klong Ang Yok","name_th":"คลองอ่างหยก","waterway":"canal","length_km":0.2,"risk":null,"risk_type":null,"note":null,"note_th":null,"curated":false}},{"type":"Feature","geometry":{"type":"MultiLineString","coordinates":[[[100.7168791,13.7889238],[100.7160594,13.787382]]]},"properties":{"key":"Lam Rang Liap Khlong Bueng Khwang","name":"Lam Rang Liap Khlong Bueng Khwang","name_th":"ลำรางเลียบคลองบึงขวาง","waterway":"canal","length_km":0.2,"risk":null,"risk_type":null,"note":null,"note_th":null,"curated":false}},{"type":"Feature","geometry":{"type":"MultiLineString","coordinates":[[[100.8231256,14.2455593],[100.8231236,14.2433866]]]},"properties":{"key":"Khlong 10","name":"Khlong 10","name_th":"คลองสิบ","waterway":"canal","length_km":0.2,"risk":null,"risk_type":null,"note":null,"note_th":null,"curated":false}},{"type":"Feature","geometry":{"type":"MultiLineString","coordinates":[[[100.4864169,13.7190271],[100.4861049,13.718904]],[[100.4861049,13.718904],[100.4845353,13.7181393]]]},"properties":{"key":"คลองโพธินิมิตร 6","name":"คลองโพธินิมิตร 6","name_th":"คลองโพธินิมิตร 6","waterway":"canal","length_km":0.2,"risk":null,"risk_type":null,"note":null,"note_th":null,"curated":false}},{"type":"Feature","geometry":{"type":"MultiLineString","coordinates":[[[100.522031,13.739975],[100.5207119,13.7391257]]]},"properties":{"key":"คูซอยสุนทรพิมล","name":"คูซอยสุนทรพิมล","name_th":"คูซอยสุนทรพิมล","waterway":"canal","length_km":0.2,"risk":null,"risk_type":null,"note":null,"note_th":null,"curated":false}},{"type":"Feature","geometry":{"type":"MultiLineString","coordinates":[[[100.4874765,13.7729511],[100.486265,13.7713467]]]},"properties":{"key":"คลองแยกคลองบางยี่ขัน","name":"คลองแยกคลองบางยี่ขัน","name_th":"คลองแยกคลองบางยี่ขัน","waterway":"canal","length_km":0.2,"risk":null,"risk_type":null,"note":null,"note_th":null,"curated":false}},{"type":"Feature","geometry":{"type":"MultiLineString","coordinates":[[[100.4798413,13.7427806],[100.480071,13.7410695]]]},"properties":{"key":"คูตรงโรงเรียนชาตศึกษา","name":"คูตรงโรงเรียนชาตศึกษา","name_th":"คูตรงโรงเรียนชาตศึกษา","waterway":"drain","length_km":0.2,"risk":null,"risk_type":null,"note":null,"note_th":null,"curated":false}},{"type":"Feature","geometry":{"type":"MultiLineString","coordinates":[[[100.9376989,13.526283],[100.9380331,13.5256882],[100.9379606,13.5247216]]]},"properties":{"key":"คลองบ้านบน #2","name":"คลองบ้านบน","name_th":"คลองบ้านบน","waterway":"canal","length_km":0.2,"risk":null,"risk_type":null,"note":null,"note_th":null,"curated":false}},{"type":"Feature","geometry":{"type":"MultiLineString","coordinates":[[[100.2693755,13.6491924],[100.2687593,13.6483333]],[[100.2700102,13.6500532],[100.2694446,13.6492901]],[[100.2694446,13.6492901],[100.2693755,13.6491924]]]},"properties":{"key":"คลองมะเดื่อ","name":"คลองมะเดื่อ","name_th":"คลองมะเดื่อ","waterway":"canal","length_km":0.2,"risk":null,"risk_type":null,"note":null,"note_th":null,"curated":false}},{"type":"Feature","geometry":{"type":"MultiLineString","coordinates":[[[100.5360343,13.7515733],[100.5356065,13.7494067]]]},"properties":{"key":"ตอนสถานทูตอินโดนีเซีย","name":"ตอนสถานทูตอินโดนีเซีย","name_th":"ตอนสถานทูตอินโดนีเซีย","waterway":"canal","length_km":0.2,"risk":null,"risk_type":null,"note":null,"note_th":null,"curated":false}},{"type":"Feature","geometry":{"type":"MultiLineString","coordinates":[[[100.6955132,13.8216741],[100.6941598,13.8209221]]]},"properties":{"key":"Lam Rang Behind Wat Bang Chan","name":"Lam Rang Behind Wat Bang Chan","name_th":"ลำรางหลังวัดบางชัน","waterway":"canal","length_km":0.2,"risk":null,"risk_type":null,"note":null,"note_th":null,"curated":false}},{"type":"Feature","geometry":{"type":"MultiLineString","coordinates":[[[100.6015329,13.8412336],[100.6022039,13.8396988]]]},"properties":{"key":"ลำรางสาธารณะหลังหมู่บ้านราณี 2","name":"ลำรางสาธารณะหลังหมู่บ้านราณี 2","name_th":"ลำรางสาธารณะหลังหมู่บ้านราณี 2","waterway":"canal","length_km":0.2,"risk":null,"risk_type":null,"note":null,"note_th":null,"curated":false}},{"type":"Feature","geometry":{"type":"MultiLineString","coordinates":[[[100.6181841,13.8502437],[100.6195365,13.8493502]]]},"properties":{"key":"ลำรางข้างวัดไตรรัตนาราม","name":"ลำรางข้างวัดไตรรัตนาราม","name_th":"ลำรางข้างวัดไตรรัตนาราม","waterway":"canal","length_km":0.2,"risk":null,"risk_type":null,"note":null,"note_th":null,"curated":false}},{"type":"Feature","geometry":{"type":"MultiLineString","coordinates":[[[100.4337516,13.7751602],[100.4338779,13.7731518]]]},"properties":{"key":"คลองลัดวัดจำปา","name":"คลองลัดวัดจำปา","name_th":"คลองลัดวัดจำปา","waterway":"canal","length_km":0.2,"risk":null,"risk_type":null,"note":null,"note_th":null,"curated":false}},{"type":"Feature","geometry":{"type":"MultiLineString","coordinates":[[[100.439056,13.6280037],[100.4398353,13.6276465]]]},"properties":{"key":"Khlong Ratchamontri #2","name":"Khlong Ratchamontri","name_th":"คลองราชมนตรี","waterway":"canal","length_km":0.1,"risk":null,"risk_type":null,"note":null,"note_th":null,"curated":false}},{"type":"Feature","geometry":{"type":"MultiLineString","coordinates":[[[100.5236123,13.7480484],[100.523816,13.748827]]]},"properties":{"key":"Khlong Suanluang #2","name":"Khlong Suanluang","name_th":"คลองสวนหลวง","waterway":"canal","length_km":0.1,"risk":null,"risk_type":null,"note":null,"note_th":null,"curated":false}},{"type":"Feature","geometry":{"type":"MultiLineString","coordinates":[[[100.5306446,13.7363221],[100.5318391,13.736135]]]},"properties":{"key":"คลองไผ่สิงโตเก่า","name":"คลองไผ่สิงโตเก่า","name_th":"คลองไผ่สิงโตเก่า","waterway":"canal","length_km":0.1,"risk":null,"risk_type":null,"note":null,"note_th":null,"curated":false}},{"type":"Feature","geometry":{"type":"MultiLineString","coordinates":[[[100.6588596,13.848492],[100.6586941,13.847762]]]},"properties":{"key":"Khlong Hok Khut #2","name":"Khlong Hok Khut","name_th":"คลองหกขุด","waterway":"canal","length_km":0.1,"risk":null,"risk_type":null,"note":null,"note_th":null,"curated":false}},{"type":"Feature","geometry":{"type":"MultiLineString","coordinates":[[[100.4851902,13.8012156],[100.4851851,13.8003169]]]},"properties":{"key":"Khlong Bang Bamru #2","name":"Khlong Bang Bamru","name_th":"คลองบางบำหรุ","waterway":"canal","length_km":0.1,"risk":null,"risk_type":null,"note":null,"note_th":null,"curated":false}},{"type":"Feature","geometry":{"type":"MultiLineString","coordinates":[[[100.5234715,13.7473642],[100.5236123,13.7480484]]]},"properties":{"key":"Khlong Suanluang Tunnel","name":"Khlong Suanluang Tunnel","name_th":"อุโมงค์คลองสวนหลวง","waterway":"canal","length_km":0.1,"risk":null,"risk_type":null,"note":null,"note_th":null,"curated":false}},{"type":"Feature","geometry":{"type":"MultiLineString","coordinates":[[[100.5991315,13.7069913],[100.5987627,13.7078399]]]},"properties":{"key":"Intanin","name":"Intanin","name_th":"คลองอินทนิน","waterway":"canal","length_km":0.1,"risk":null,"risk_type":null,"note":null,"note_th":null,"curated":false}},{"type":"Feature","geometry":{"type":"MultiLineString","coordinates":[[[100.5196225,13.7913135],[100.5193058,13.7906537]]]},"properties":{"key":"คลองบางกระบือ #2","name":"คลองบางกระบือ","name_th":"คลองบางกระบือ","waterway":"canal","length_km":0.1,"risk":null,"risk_type":null,"note":null,"note_th":null,"curated":false}},{"type":"Feature","geometry":{"type":"MultiLineString","coordinates":[[[100.502222,13.7597193],[100.5025099,13.7601262]]]},"properties":{"key":"Khlong Bawon Rangsi","name":"Khlong Bawon Rangsi","name_th":"คลองบวรรังสี","waterway":"canal","length_km":0.1,"risk":null,"risk_type":null,"note":null,"note_th":null,"curated":false}},{"type":"Feature","geometry":{"type":"MultiLineString","coordinates":[[[100.5001405,13.7627299],[100.4997182,13.7619388]]]},"properties":{"key":"Khlong Phra Sawat","name":"Khlong Phra Sawat","name_th":"คลองพระสวัสดิ์","waterway":"canal","length_km":0.1,"risk":null,"risk_type":null,"note":null,"note_th":null,"curated":false}},{"type":"Feature","geometry":{"type":"MultiLineString","coordinates":[[[100.5670025,13.7815088],[100.5668323,13.7803545]]]},"properties":{"key":"ลำรางนาซอง (ส่วนแยกจากคลองนาซอง)","name":"ลำรางนาซอง (ส่วนแยกจากคลองนาซอง)","name_th":"ลำรางนาซอง (ส่วนแยกจากคลองนาซอง)","waterway":"canal","length_km":0.1,"risk":null,"risk_type":null,"note":null,"note_th":null,"curated":false}},{"type":"Feature","geometry":{"type":"MultiLineString","coordinates":[[[100.4849047,13.7198721],[100.4838474,13.7193673]]]},"properties":{"key":"คลองโพธินิมิตร 4","name":"คลองโพธินิมิตร 4","name_th":"คลองโพธินิมิตร 4","waterway":"canal","length_km":0.1,"risk":null,"risk_type":null,"note":null,"note_th":null,"curated":false}},{"type":"Feature","geometry":{"type":"MultiLineString","coordinates":[[[100.4863391,13.7150581],[100.4873943,13.7155288]]]},"properties":{"key":"คลองซอยตากสิน 18","name":"คลองซอยตากสิน 18","name_th":"คลองซอยตากสิน 18","waterway":"canal","length_km":0.1,"risk":null,"risk_type":null,"note":null,"note_th":null,"curated":false}},{"type":"Feature","geometry":{"type":"MultiLineString","coordinates":[[[100.5691267,13.6845344],[100.5689506,13.6837071]]]},"properties":{"key":"Khlong Wat","name":"Khlong Wat","name_th":"คลองวัด","waterway":"canal","length_km":0.1,"risk":null,"risk_type":null,"note":null,"note_th":null,"curated":false}},{"type":"Feature","geometry":{"type":"MultiLineString","coordinates":[[[100.5588283,13.7564679],[100.5586648,13.7557623]]]},"properties":{"key":"ลำรางข้างชุมสายโทรศัพท์","name":"ลำรางข้างชุมสายโทรศัพท์","name_th":"ลำรางข้างชุมสายโทรศัพท์","waterway":"canal","length_km":0.1,"risk":null,"risk_type":null,"note":null,"note_th":null,"curated":false}},{"type":"Feature","geometry":{"type":"MultiLineString","coordinates":[[[100.5585195,13.7548366],[100.5587295,13.7557601]]]},"properties":{"key":"ลํารางสาธารณะประโยชน์ 1","name":"ลํารางสาธารณะประโยชน์ 1","name_th":"ลํารางสาธารณะประโยชน์ 1","waterway":"canal","length_km":0.1,"risk":null,"risk_type":null,"note":null,"note_th":null,"curated":false}},{"type":"Feature","geometry":{"type":"MultiLineString","coordinates":[[[100.5571855,13.7548145],[100.5574645,13.7557275]]]},"properties":{"key":"ลํารางสาธารณะประโยชน์ 2","name":"ลํารางสาธารณะประโยชน์ 2","name_th":"ลํารางสาธารณะประโยชน์ 2","waterway":"canal","length_km":0.1,"risk":null,"risk_type":null,"note":null,"note_th":null,"curated":false}},{"type":"Feature","geometry":{"type":"MultiLineString","coordinates":[[[100.5556486,13.7551596],[100.5556518,13.7559447]]]},"properties":{"key":"ลํารางสาธารณะประโยชน์ 3","name":"ลํารางสาธารณะประโยชน์ 3","name_th":"ลํารางสาธารณะประโยชน์ 3","waterway":"canal","length_km":0.1,"risk":null,"risk_type":null,"note":null,"note_th":null,"curated":false}},{"type":"Feature","geometry":{"type":"MultiLineString","coordinates":[[[100.7969208,13.8430832],[100.7963606,13.8442033]]]},"properties":{"key":"Khlong Sa La Khoo #2","name":"Khlong Sa La Khoo","name_th":"คลองศาลาคู้","waterway":"canal","length_km":0.1,"risk":null,"risk_type":null,"note":null,"note_th":null,"curated":false}},{"type":"Feature","geometry":{"type":"MultiLineString","coordinates":[[[100.3404304,13.777742],[100.3406409,13.7772652]],[[100.3401218,13.7783833],[100.3404304,13.777742]]]},"properties":{"key":"Khlong Thawi Watthana","name":"Khlong Thawi Watthana","name_th":"คลองทวีวัฒนา","waterway":"canal","length_km":0.1,"risk":3,"risk_type":"riverine","note":"Western floodway and BMA \"Kaem Ling\" retention basin: gates hold floodwater and release it at low tide — key to defending inner Thonburi since 2011. Originally dug in 1878 \"to draw Tha Chin water flowing south\" to feed the Thonburi canals; today the flow direction follows the BMA's gate commands.","note_th":"ทางน้ำฝั่งตะวันตกและแก้มลิงของ กทม. — ประตูกักน้ำท่วมไว้แล้วระบายเวลาน้ำลง เป็นกุญแจปกป้องธนบุรีด้านในตั้งแต่ปี 2554 เดิมขุด พ.ศ. 2421 เพื่อ \"ชักน้ำจากแม่น้ำท่าจีนให้ไหลลงทิศใต้\" เลี้ยงคลองฝั่งธนบุรี ปัจจุบันทิศไหลตามคำสั่งเปิด-ปิดประตูของ กทม.","curated":true}},{"type":"Feature","geometry":{"type":"MultiLineString","coordinates":[[[100.4663491,13.7197046],[100.466366,13.7196031]]]},"properties":{"key":"Khlong Satharana #3","name":"Khlong Satharana","name_th":"คลองสาธารณะ","waterway":"canal","length_km":0,"risk":null,"risk_type":null,"note":null,"note_th":null,"curated":false}},{"type":"Feature","geometry":{"type":"MultiLineString","coordinates":[[[100.6476111,13.872519],[100.6473212,13.8724675]]]},"properties":{"key":"Khlong Kup Daeng","name":"Khlong Kup Daeng","name_th":"คลองกูบแดง","waterway":"canal","length_km":0,"risk":null,"risk_type":null,"note":null,"note_th":null,"curated":false}},{"type":"Feature","geometry":{"type":"MultiLineString","coordinates":[[[100.5682044,13.9293759],[100.5683908,13.9297656]]]},"properties":{"key":"ลำรางสาธารณะหน้าวัดพุทธสยาม (วัดสีกัน) #2","name":"ลำรางสาธารณะหน้าวัดพุทธสยาม (วัดสีกัน)","name_th":"ลำรางสาธารณะหน้าวัดพุทธสยาม (วัดสีกัน)","waterway":"canal","length_km":0,"risk":null,"risk_type":null,"note":null,"note_th":null,"curated":false}},{"type":"Feature","geometry":{"type":"MultiLineString","coordinates":[[[100.5341584,13.7141317],[100.5340987,13.714088]],[[100.5340987,13.714088],[100.5338707,13.7139557]]]},"properties":{"key":"ทางน้ำชุมชลกุศลทอง","name":"ทางน้ำชุมชลกุศลทอง","name_th":"ทางน้ำชุมชลกุศลทอง","waterway":"canal","length_km":0,"risk":null,"risk_type":null,"note":null,"note_th":null,"curated":false}},{"type":"Feature","geometry":{"type":"MultiLineString","coordinates":[[[100.65587,13.5618181],[100.6559067,13.5618004]]]},"properties":{"key":"คลองหกส่วน","name":"คลองหกส่วน","name_th":"คลองหกส่วน","waterway":"canal","length_km":0,"risk":null,"risk_type":null,"note":null,"note_th":null,"curated":false}},{"type":"Feature","geometry":{"type":"MultiLineString","coordinates":[[[100.5691387,13.6845962],[100.5691267,13.6845344]]]},"properties":{"key":"Wat","name":"Wat","name_th":"คลองวัด","waterway":"canal","length_km":0,"risk":null,"risk_type":null,"note":null,"note_th":null,"curated":false}},{"type":"Feature","geometry":{"type":"MultiLineString","coordinates":[[[100.6972769,13.8365686],[100.6970009,13.8364265]]]},"properties":{"key":"Lam Rang Phak Kachet","name":"Lam Rang Phak Kachet","name_th":"ลำรางผักกะเฉด","waterway":"river","length_km":0,"risk":null,"risk_type":null,"note":null,"note_th":null,"curated":false}}]}